te_device,le_device,config,complexity,eta_out_te,eta_out_te_min,aileron_span_left,c_f_c,c_s_c,x_front_spar,x_rear_spar,swf_s_te,te_area_used,swf_s_le,dCLmax_te,dCLmax_le,CLmax_L,CLmax_TO,alpha_stall_L,alpha_stall_TO,perf_L,perf_TO,feasible,s_perf_L,s_perf_TO,s_le_spar,s_te_spar,s_te_area,s_complexity,s_performance,s_te_space,s_space,score,pareto
plain,none,plain,1,0.13,,0.87,0.25,0.0,0.12,0.75,0.013214285714285729,0.019868118650256693,0.0,0.009622609818009761,0.0,1.5991516372414292,1.5962648542960263,17.496124847176045,17.519006673566277,0.6422295731893289,0.7981324271480131,False,,,,,,,,,,,False
plain,none,plain,1,0.13999999999999999,,0.86,0.25,0.0,0.12,0.75,0.026342857142857133,0.03960736301737652,0.0,0.019182802707470244,0.0,1.6087118301308898,1.6029569893186486,17.44001801351907,17.485633243641864,0.6460690080846947,0.8014784946593243,False,,,,,,,,,,,False
plain,none,plain,1,0.15,,0.85,0.25,0.0,0.12,0.75,0.03938571428571429,0.05921773310135962,0.0,0.028680578668381498,0.0,1.618209606091801,1.6096054324912865,17.38427749216018,17.452477703357868,0.6498833759404823,0.8048027162456433,False,,,,,,,,,,,False
plain,none,plain,1,0.16,,0.84,0.25,0.0,0.12,0.75,0.05234285714285716,0.07869922890220592,0.0,0.03811593770074351,0.0,1.627644965124163,1.61621018381394,17.32890328309937,17.41954005271429,0.6536726767566918,0.80810509190697,False,,,,,,,,,,,False
plain,none,plain,1,0.16999999999999998,,0.8300000000000001,0.25,0.0,0.12,0.75,0.06521428571428571,0.09805185041991535,0.0,0.04748887980455623,0.0,1.6370179072279758,1.6227712432866088,17.273895386336655,17.386820291711135,0.6574369105333235,0.8113856216433044,False,,,,,,,,,,,False
plain,none,plain,1,0.18,,0.8200000000000001,0.25,0.0,0.12,0.75,0.078,0.11727559765448803,0.0,0.05679940497981972,0.0,1.6463284324032392,1.6292886109092932,17.219253801872025,17.354318420348406,0.6611760772703772,0.8146443054546466,False,,,,,,,,,,,False
plain,none,plain,1,0.19,,0.81,0.25,0.0,0.12,0.75,0.09070000000000003,0.13637047060592394,0.0,0.06604751322653399,0.0,1.6555765406499534,1.6357622866819932,17.164978529705476,17.32203443862609,0.6648901769678527,0.8178811433409966,False,,,,,,,,,,,False
plain,none,plain,1,0.2,,0.8,0.25,0.0,0.12,0.75,0.10331428571428575,0.155336469274223,0.0,0.07523320454469896,0.0,1.6647622319681186,1.6421922706047087,17.11106956983702,17.289968346544196,0.6685792096257503,0.8210961353023544,False,,,,,,,,,,,False
plain,none,plain,1,0.21,,0.79,0.25,0.0,0.12,0.75,0.11584285714285718,0.17417359365938528,0.0,0.08435647893431471,0.0,1.6738855063577343,1.6485785626774399,17.057526922266653,17.25812014410273,0.67224317524407,0.8242892813387199,False,,,,,,,,,,,False
plain,none,plain,1,0.22,,0.78,0.25,0.0,0.12,0.75,0.1282857142857143,0.19288184376141074,0.0,0.09341733639538118,0.0,1.6829463638188007,1.6549211629001863,17.004350586994367,17.226489831301677,0.6758820738228115,0.8274605814500932,False,,,,,,,,,,,False
plain,none,plain,1,0.22999999999999998,,0.77,0.25,0.0,0.12,0.75,0.14064285714285715,0.2114612195802994,0.0,0.1024157769278984,0.0,1.6919448043513179,1.6612200712729484,16.95154056402017,17.195077408141046,0.679495905361975,0.8306100356364742,False,,,,,,,,,,,False
plain,none,plain,1,0.24,,0.76,0.25,0.0,0.12,0.75,0.15291428571428572,0.22991172111605127,0.0,0.11135180053186637,0.0,1.7008808279552858,1.667475287795726,16.899096853344062,17.163882874620835,0.6830846698615605,0.833737643897863,False,,,,,,,,,,,False
plain,none,plain,1,0.25,,0.75,0.25,0.0,0.12,0.75,0.1651,0.2482333483686663,0.0,0.12022540720728508,0.0,1.7097544346307045,1.6736868124685191,16.847019454966038,17.132906230741046,0.686648367321568,0.8368434062342596,False,,,,,,,,,,,False
plain,none,plain,1,0.26,,0.74,0.25,0.0,0.12,0.75,0.17720000000000002,0.26642610133814465,0.0,0.12903659695415456,0.0,1.718565624377574,1.6798546452913277,16.7953083688861,17.102147476501674,0.6901869977419975,0.8399273226456638,False,,,,,,,,,,,False
plain,none,plain,1,0.27,,0.73,0.25,0.0,0.12,0.75,0.18921428571428578,0.28448998002448617,0.0,0.13778536977247482,0.0,1.7273143971958944,1.685978786264152,16.743963595104255,17.07160661190273,0.6937005611228491,0.842989393132076,False,,,,,,,,,,,False
plain,none,plain,1,0.28,,0.72,0.25,0.0,0.12,0.75,0.2011428571428572,0.30242498442769083,0.0,0.14647172566224578,0.0,1.7360007530856654,1.6920592353869917,16.692985133620493,17.041283636944204,0.6971890574641226,0.8460296176934958,False,,,,,,,,,,,False
plain,none,plain,1,0.29000000000000004,,0.71,0.25,0.0,0.12,0.75,0.21298571428571436,0.3202311145477587,0.0,0.15509566462346752,0.0,1.744624692046887,1.6980959926598467,16.642372984434818,17.01117855162609,0.700652486765818,0.8490479963299233,False,,,,,,,,,,,False
plain,none,plain,1,0.3,,0.7,0.25,0.0,0.12,0.75,0.2247428571428572,0.33790837038468974,0.0,0.16365718665613993,0.0,1.7531862140795593,1.7040890580827175,16.592127147547227,16.981291355948407,0.7040908490279354,0.8520445290413587,False,,,,,,,,,,,False
plain,none,plain,1,0.31,,0.69,0.25,0.0,0.12,0.75,0.23641428571428574,0.355456751938484,0.0,0.17215629176026312,0.0,1.7616853191836825,1.7100384316556037,16.542247622957724,16.95162204991114,0.7075041442504748,0.8550192158278018,False,,,,,,,,,,,False
plain,none,plain,1,0.32,,0.6799999999999999,0.25,0.0,0.12,0.75,0.24800000000000008,0.3728762592091415,0.0,0.18059297993583714,0.0,1.7701220073592567,1.7159441133785056,16.492734410666316,16.922170633514295,0.7108923724334364,0.8579720566892528,False,,,,,,,,,,,False
plain,none,plain,1,0.32999999999999996,,0.67,0.25,0.0,0.12,0.75,0.2595,0.39016689219666206,0.0,0.18896725118286178,0.0,1.7784962786062812,1.7218061032514227,16.443587510672984,16.89293710675787,0.7142555335768197,0.8609030516257113,False,,,,,,,,,,,False
plain,none,plain,1,0.33999999999999997,,0.66,0.25,0.0,0.12,0.75,0.2709142857142857,0.407328650901046,0.0,0.19727910550133723,0.0,1.7868081329247567,1.7276244012743556,16.394806922977747,16.863921469641866,0.7175936276806251,0.8638122006371778,False,,,,,,,,,,,False
plain,none,plain,1,0.35,,0.65,0.25,0.0,0.12,0.75,0.28224285714285713,0.424361535322293,0.0,0.2055285428912634,0.0,1.795057570314683,1.7333990074473038,16.346392647580593,16.83512372216628,0.7209066547448525,0.8666995037236519,False,,,,,,,,,,,False
plain,none,plain,1,0.36,,0.64,0.25,0.0,0.12,0.75,0.2934857142857143,0.4412655454604033,0.0,0.21371556335264036,0.0,1.80324459077606,1.7391299217702678,16.298344684481528,16.806543864331122,0.7241946147695019,0.8695649608851339,False,,,,,,,,,,,False
plain,none,plain,1,0.37,,0.63,0.25,0.0,0.12,0.75,0.30464285714285716,0.4580406813153768,0.0,0.22184016688546807,0.0,1.8113691943088877,1.7448171442432472,16.250663033680546,16.778181896136378,0.7274575077545733,0.8724085721216236,False,,,,,,,,,,,False
plain,none,plain,1,0.38,,0.62,0.25,0.0,0.12,0.75,0.3157142857142858,0.4746869428872135,0.0,0.22990235348974652,0.0,1.8194313809131661,1.7504606748662421,16.203347695177655,16.750037817582054,0.7306953337000667,0.8752303374331211,False,,,,,,,,,,,False
plain,none,plain,1,0.39,,0.61,0.25,0.0,0.12,0.75,0.32670000000000005,0.49120433017591336,0.0,0.23790212316547574,0.0,1.8274311505888952,1.7560605136392524,16.156398668972844,16.72211162866815,0.7339080926059819,0.8780302568196262,False,,,,,,,,,,,False
plain,none,plain,1,0.4,,0.6,0.25,0.0,0.12,0.75,0.33760000000000007,0.5075928431814765,0.0,0.24583947591265568,0.0,1.8353685033360752,1.7616166605622785,16.109815955066125,16.69440332939467,0.7370957844723193,0.8808083302811393,False,,,,,,,,,,,False
plain,none,plain,1,0.41,,0.5900000000000001,0.25,0.0,0.12,0.75,0.3484142857142858,0.5238524819039028,0.0,0.25371441173128634,0.0,1.843243439154706,1.76712911563532,16.063599553457497,16.66691291976161,0.7402584092990786,0.88356455781766,False,,,,,,,,,,,False
plain,none,plain,1,0.42,,0.5800000000000001,0.25,0.0,0.12,0.75,0.3591428571428572,0.5399832463431922,0.0,0.2615269306213678,0.0,1.8510559580447872,1.772597878858377,16.01774946414695,16.63964039976897,0.7433959670862599,0.8862989394291885,False,,,,,,,,,,,False
plain,none,plain,1,0.43,,0.5700000000000001,0.25,0.0,0.12,0.75,0.36978571428571433,0.5559851364993449,0.0,0.2692770325829,0.0,1.8588060600063194,1.7780229502314495,15.972265687134493,16.61258576941675,0.7465084578338632,0.8890114751157248,False,,,,,,,,,,,False
plain,none,plain,1,0.44,,0.56,0.25,0.0,0.12,0.75,0.38034285714285715,0.5718581523723607,0.0,0.2769647176158828,0.0,1.8664937450393024,1.7834043297545374,15.927148222420124,16.585749028704953,0.7495958815418885,0.8917021648772687,False,,,,,,,,,,,False
plain,none,plain,1,0.45,,0.55,0.25,0.0,0.12,0.75,0.3908142857142857,0.5876022939622397,0.0,0.2845899857203165,0.0,1.874119013143736,1.7887420174276412,15.882397070003838,16.559130177633573,0.7526582382103356,0.8943710087138206,False,,,,,,,,,,,False
plain,none,plain,1,0.46,,0.54,0.25,0.0,0.12,0.75,0.4012000000000001,0.6032175612689822,0.0,0.29215283689620103,0.0,1.8816818643196205,1.7940360132507602,15.83801222988564,16.532729216202615,0.7556955278392049,0.8970180066253801,False,,,,,,,,,,,False
plain,none,plain,1,0.47000000000000003,,0.53,0.25,0.0,0.12,0.75,0.41150000000000003,0.6187039542925875,0.0,0.2996532711435361,0.0,1.8891822985669555,1.7992863172238949,15.79399370206553,16.506546144412077,0.7587077504284961,0.8996431586119474,False,,,,,,,,,,,False
plain,none,plain,1,0.48,,0.52,0.25,0.0,0.12,0.75,0.4217142857142858,0.6340614730330563,0.0,0.3070912884623221,0.0,1.8966203158857415,1.8044929293470449,15.750341486543507,16.48058096226196,0.7616949059782094,0.9022464646735224,False,,,,,,,,,,,False
plain,none,plain,1,0.49,,0.51,0.25,0.0,0.12,0.75,0.4318428571428572,0.6492901174903881,0.0,0.31446688885255875,0.0,1.9039959162759783,1.8096558496202106,15.70705558331957,16.454833669752265,0.7646569944883447,0.9048279248101053,False,,,,,,,,,,,False
plain,none,plain,1,0.5,,0.5,0.25,0.0,0.12,0.75,0.4418857142857143,0.6643898876645832,0.0,0.3217800723142461,0.0,1.9113090997376656,1.8147750780433918,15.664135992393717,16.42930426688299,0.7675940159589018,0.9073875390216959,False,,,,,,,,,,,False
plain,none,plain,1,0.51,,0.49,0.25,0.0,0.12,0.75,0.45184285714285716,0.6793607835556413,0.0,0.32903083884738427,0.0,1.9185598662708037,1.8198506146165885,15.621582713765955,16.403992753654137,0.7705059703898809,0.9099253073082942,False,,,,,,,,,,,False
plain,none,plain,1,0.52,,0.48,0.25,0.0,0.12,0.75,0.46171428571428574,0.6942028051635628,0.0,0.3362191884519732,0.0,1.9257482158753927,1.8248824593398008,15.579395747436282,16.3788991300657,0.7733928577812821,0.9124412296699004,False,,,,,,,,,,,False
plain,none,plain,1,0.53,,0.47,0.25,0.0,0.12,0.75,0.47150000000000014,0.7089159524883477,0.0,0.3433451211280129,0.0,1.9328741485514325,1.8298706122130286,15.537575093404692,16.354023396117686,0.7762546781331053,0.9149353061065143,False,,,,,,,,,,,False
plain,none,plain,1,0.54,,0.45999999999999996,0.25,0.0,0.12,0.75,0.4812000000000001,0.7235002255299955,0.0,0.3504086368755033,0.0,1.9399376642989228,1.8348150732362718,15.496120751671189,16.329365551810096,0.7790914314453504,0.9174075366181359,False,,,,,,,,,,,False
plain,none,plain,1,0.55,,0.44999999999999996,0.25,0.0,0.12,0.75,0.49081428571428587,0.7379556242885067,0.0,0.35740973569444445,0.0,1.9469387631178638,1.8397158424095306,15.455032722235773,16.30492559714292,0.7819031177180176,0.9198579212047653,False,,,,,,,,,,,False
plain,none,plain,1,0.56,,0.43999999999999995,0.25,0.0,0.12,0.75,0.5003428571428573,0.7522821487638809,0.0,0.3643484175848364,0.0,1.9538774450082559,1.844572919732805,15.414311005098442,16.280703532116167,0.7846897369511067,0.9222864598664025,False,,,,,,,,,,,False
plain,none,plain,1,0.5700000000000001,,0.42999999999999994,0.25,0.0,0.12,0.75,0.5097857142857144,0.7664797989561183,0.0,0.371224682546679,0.0,1.9607537099700985,1.8493863052060948,15.373955600259203,16.256699356729836,0.7874512891446178,0.9246931526030474,False,,,,,,,,,,,False
plain,none,plain,1,0.5800000000000001,,0.41999999999999993,0.25,0.0,0.12,0.75,0.5191428571428572,0.780548574865219,0.0,0.37803853057997233,0.0,1.9675675580033918,1.8541559988294,15.333966507718047,16.232913070983926,0.7901877742985508,0.9270779994147,False,,,,,,,,,,,False
plain,none,plain,1,0.5900000000000001,,0.4099999999999999,0.25,0.0,0.12,0.75,0.5284142857142858,0.7944884764911829,0.0,0.3847899616847165,0.0,1.974318989108136,1.8588820006027211,15.294343727474983,16.209344674878434,0.792899192412906,0.9294410003013606,False,,,,,,,,,,,False
plain,none,plain,1,0.6,,0.4,0.25,0.0,0.12,0.75,0.5376000000000001,0.8082995038340098,0.0,0.39147897586091135,0.0,1.981008003284331,1.8635643105260575,15.255087259529999,16.185994168413366,0.7955855434876831,0.9317821552630288,False,,,,,,,,,,,False
plain,none,plain,1,0.61,,0.39,0.25,0.0,0.12,0.75,0.5467000000000001,0.8219816568937002,0.0,0.398105573108557,0.0,1.9876346005319765,1.8682029285994095,15.216197103883104,16.16286155158872,0.798246827522882,0.9341014642997048,False,,,,,,,,,,,False
plain,none,plain,1,0.62,,0.38,0.25,0.0,0.12,0.75,0.5557142857142858,0.8355349356702537,0.0,0.40466975342765343,0.0,1.994198780851073,1.8727978548227768,15.177673260534302,16.139946824404486,0.8008830445185031,0.9363989274113884,False,,,,,,,,,,,False
plain,none,plain,1,0.63,,0.37,0.25,0.0,0.12,0.75,0.5646428571428571,0.8489593401636701,0.0,0.41117151681820047,0.0,2.00070054424162,1.87734908919616,15.139515729483582,16.11724998686068,0.8034941944745461,0.93867454459808,False,,,,,,,,,,,False
plain,none,plain,1,0.64,,0.36,0.25,0.0,0.12,0.75,0.5734857142857144,0.8622548703739502,0.0,0.4176108632801984,0.0,2.007139890703618,1.8818566317195584,15.101724510730946,16.09477103895729,0.8060802773910112,0.9409283158597792,False,,,,,,,,,,,False
plain,none,plain,1,0.65,,0.35,0.25,0.0,0.12,0.75,0.5822428571428573,0.8754215263010933,0.0,0.42398779281364707,0.0,2.013516820237067,1.8863204823929725,15.064299604276405,16.072509980694324,0.8086412932678982,0.9431602411964862,False,,,,,,,,,,,False
plain,none,plain,1,0.66,,0.33999999999999997,0.25,0.0,0.12,0.75,0.5909142857142858,0.8884593079450995,0.0,0.43030230541854647,0.0,2.019831332841966,1.890740641216402,15.027241010119939,16.05046681207178,0.8111772421052071,0.945370320608201,False,,,,,,,,,,,False
plain,none,plain,1,0.67,,0.32999999999999996,0.25,0.0,0.12,0.75,0.5995000000000001,0.9013682153059691,0.0,0.43655440109489657,0.0,2.0260834285183162,1.895117108189847,14.99054872826157,16.02864153308965,0.8136881239029382,0.9475585540949235,False,,,,,,,,,,,False
plain,none,plain,1,0.68,,0.31999999999999995,0.25,0.0,0.12,0.75,0.6080000000000001,0.9141482483837017,0.0,0.44274407984269737,0.0,2.032273107266117,1.8994498833133076,14.954222758701285,16.007034143747944,0.816173938661091,0.9497249416566538,False,,,,,,,,,,,False
plain,none,plain,1,0.6900000000000001,,0.30999999999999994,0.25,0.0,0.12,0.75,0.6164142857142858,0.9267994071782976,0.0,0.44887134166194903,0.0,2.0384003690853687,1.9037389665867839,14.918263101439086,15.985644644046664,0.8186346863796661,0.9518694832933919,False,,,,,,,,,,,False
plain,none,plain,1,0.7,,0.30000000000000004,0.25,0.0,0.12,0.75,0.6247428571428572,0.9393216916897564,0.0,0.45493618655265133,0.0,2.044465213976071,1.9079843580102755,14.882669756474973,15.9644730339858,0.8210703670586629,0.9539921790051378,False,,,,,,,,,,,False
plain,none,plain,1,0.71,,0.29000000000000004,0.25,0.0,0.12,0.75,0.6329857142857144,0.9517151019180788,0.0,0.4609386145148045,0.0,2.050467641938224,1.9121860575837826,14.84744272380895,15.943519313565355,0.823480980698082,0.9560930287918913,False,,,,,,,,,,,False
plain,none,plain,1,0.72,,0.28,0.25,0.0,0.12,0.75,0.6411428571428572,0.9639796378632643,0.0,0.46687862554840837,0.0,2.056407652971828,1.9163440653073054,14.81258200344101,15.922783482785333,0.8258665272979228,0.9581720326536527,False,,,,,,,,,,,False
plain,none,plain,1,0.73,,0.27,0.25,0.0,0.12,0.75,0.6492142857142857,0.976115299525313,0.0,0.47275621965346293,0.0,2.0622852470768827,1.9204583811808436,14.778087595371165,15.902265541645729,0.8282270068581857,0.9602291905904218,False,,,,,,,,,,,False
plain,none,plain,1,0.74,,0.26,0.25,0.0,0.12,0.75,0.6572,0.9881220869042248,0.0,0.47857139682996824,0.0,2.068100424253388,1.9245290052043973,14.743959499599397,15.881965490146547,0.8305624193788705,0.9622645026021986,False,,,,,,,,,,,False
plain,none,plain,1,0.75,,0.25,0.25,0.0,0.12,0.75,0.6651000000000001,1.0,0.0,0.4843241570779245,0.0,2.073853184501344,1.9285559373779666,14.71019771612572,15.861883328287787,0.8328727648599775,0.9642779686889833,False,,,,,,,,,,,False
plain,LE flap,plain + LE flap,2,0.13,,0.87,0.25,0.15,0.15,0.75,0.013214285714285729,0.019868118650256693,0.8051,0.009622609818009761,0.18677759617863834,1.7859292334200676,1.7270091716210731,19.858809379644825,19.172885846294424,0.7172406559919949,0.8635045858105366,False,,,,,,,,,,,False
plain,LE flap,plain + LE flap,2,0.13999999999999999,,0.86,0.25,0.15,0.15,0.75,0.026342857142857133,0.03960736301737652,0.8051,0.019182802707470244,0.18677759617863834,1.795489426309528,1.7337013066436955,19.802702545987845,19.139512416370007,0.7210800908873606,0.8668506533218477,False,,,,,,,,,,,False
plain,LE flap,plain + LE flap,2,0.15,,0.85,0.25,0.15,0.15,0.75,0.03938571428571429,0.05921773310135962,0.8051,0.028680578668381498,0.18677759617863834,1.8049872022704394,1.7403497498163334,19.746962024628957,19.10635687608601,0.7248944587431483,0.8701748749081667,False,,,,,,,,,,,False
plain,LE flap,plain + LE flap,2,0.16,,0.84,0.25,0.15,0.15,0.75,0.05234285714285716,0.07869922890220592,0.8051,0.03811593770074351,0.18677759617863834,1.8144225613028013,1.7469545011389869,19.69158781556815,19.073419225442436,0.7286837595593579,0.8734772505694934,False,,,,,,,,,,,False
plain,LE flap,plain + LE flap,2,0.16999999999999998,,0.8300000000000001,0.25,0.15,0.15,0.75,0.06521428571428571,0.09805185041991535,0.8051,0.04748887980455623,0.18677759617863834,1.823795503406614,1.7535155606116557,19.63657991880543,19.04069946443928,0.7324479933359895,0.8767577803058278,False,,,,,,,,,,,False
plain,LE flap,plain + LE flap,2,0.18,,0.8200000000000001,0.25,0.15,0.15,0.75,0.078,0.11727559765448803,0.8051,0.05679940497981972,0.18677759617863834,1.8331060285818777,1.76003292823434,19.581938334340805,19.00819759307655,0.7361871600730432,0.88001646411717,False,,,,,,,,,,,False
plain,LE flap,plain + LE flap,2,0.19,,0.81,0.25,0.15,0.15,0.75,0.09070000000000003,0.13637047060592394,0.8051,0.06604751322653399,0.18677759617863834,1.8423541368285918,1.76650660400704,19.527663062174256,18.975913611354237,0.7399012597705188,0.88325330200352,False,,,,,,,,,,,False
plain,LE flap,plain + LE flap,2,0.2,,0.8,0.25,0.15,0.15,0.75,0.10331428571428575,0.155336469274223,0.8051,0.07523320454469896,0.18677759617863834,1.8515398281467568,1.7729365879297556,19.473754102305797,18.943847519272342,0.7435902924284163,0.8864682939648778,False,,,,,,,,,,,False
plain,LE flap,plain + LE flap,2,0.21,,0.79,0.25,0.15,0.15,0.75,0.11584285714285718,0.17417359365938528,0.8051,0.08435647893431471,0.18677759617863834,1.8606631025363725,1.7793228800024867,19.42021145473543,18.911999316830876,0.7472542580467358,0.8896614400012434,False,,,,,,,,,,,False
plain,LE flap,plain + LE flap,2,0.22,,0.78,0.25,0.15,0.15,0.75,0.1282857142857143,0.19288184376141074,0.8051,0.09341733639538118,0.18677759617863834,1.869723959997439,1.7856654802252332,19.367035119463146,18.880369004029824,0.7508931566254774,0.8928327401126166,False,,,,,,,,,,,False
plain,LE flap,plain + LE flap,2,0.22999999999999998,,0.77,0.25,0.15,0.15,0.75,0.14064285714285715,0.2114612195802994,0.8051,0.1024157769278984,0.18677759617863834,1.8787224005299563,1.7919643885979952,19.31422509648895,18.848956580869192,0.754506988164641,0.8959821942989976,False,,,,,,,,,,,False
plain,LE flap,plain + LE flap,2,0.24,,0.76,0.25,0.15,0.15,0.75,0.15291428571428572,0.22991172111605127,0.8051,0.11135180053186637,0.18677759617863834,1.8876584241339243,1.7982196051207728,19.261781385812842,18.81776204734898,0.7580957526642266,0.8991098025603864,False,,,,,,,,,,,False
plain,LE flap,plain + LE flap,2,0.25,,0.75,0.25,0.15,0.15,0.75,0.1651,0.2482333483686663,0.8051,0.12022540720728508,0.18677759617863834,1.896532030809343,1.8044311297935658,19.209703987434818,18.78678540346919,0.7616594501242341,0.9022155648967829,False,,,,,,,,,,,False
plain,LE flap,plain + LE flap,2,0.26,,0.74,0.25,0.15,0.15,0.75,0.17720000000000002,0.26642610133814465,0.8051,0.12903659695415456,0.18677759617863834,1.9053432205562124,1.8105989626163745,19.15799290135488,18.75602664922982,0.7651980805446635,0.9052994813081873,False,,,,,,,,,,,False
plain,LE flap,plain + LE flap,2,0.27,,0.73,0.25,0.15,0.15,0.75,0.18921428571428578,0.28448998002448617,0.8051,0.13778536977247482,0.18677759617863834,1.9140919933745326,1.8167231035891986,19.10664812757303,18.725485784630873,0.768711643925515,0.9083615517945993,False,,,,,,,,,,,False
plain,LE flap,plain + LE flap,2,0.28,,0.72,0.25,0.15,0.15,0.75,0.2011428571428572,0.30242498442769083,0.8051,0.14647172566224578,0.18677759617863834,1.9227783492643036,1.8228035527120383,19.05566966608927,18.695162809672347,0.7722001402667885,0.9114017763560192,False,,,,,,,,,,,False
plain,LE flap,plain + LE flap,2,0.29000000000000004,,0.71,0.25,0.15,0.15,0.75,0.21298571428571436,0.3202311145477587,0.8051,0.15509566462346752,0.18677759617863834,1.9314022882255255,1.8288403099848936,19.005057516903598,18.665057724354238,0.775663569568484,0.9144201549924468,False,,,,,,,,,,,False
plain,LE flap,plain + LE flap,2,0.3,,0.7,0.25,0.15,0.15,0.75,0.2247428571428572,0.33790837038468974,0.8051,0.16365718665613993,0.18677759617863834,1.9399638102581978,1.8348333754077641,18.954811680016007,18.63517052867655,0.7791019318306014,0.9174166877038821,False,,,,,,,,,,,False
plain,LE flap,plain + LE flap,2,0.31,,0.69,0.25,0.15,0.15,0.75,0.23641428571428574,0.355456751938484,0.8051,0.17215629176026312,0.18677759617863834,1.948462915362321,1.8407827489806505,18.904932155426504,18.605501222639287,0.7825152270531409,0.9203913744903253,False,,,,,,,,,,,False
plain,LE flap,plain + LE flap,2,0.32,,0.6799999999999999,0.25,0.15,0.15,0.75,0.24800000000000008,0.3728762592091415,0.8051,0.18059297993583714,0.18677759617863834,1.956899603537895,1.8466884307035523,18.855418943135092,18.576049806242438,0.7859034552361023,0.9233442153517761,False,,,,,,,,,,,False
plain,LE flap,plain + LE flap,2,0.32999999999999996,,0.67,0.25,0.15,0.15,0.75,0.2595,0.39016689219666206,0.8051,0.18896725118286178,0.18677759617863834,1.9652738747849197,1.8525504205764696,18.806272043141764,18.546816279486016,0.7892666163794857,0.9262752102882348,False,,,,,,,,,,,False
plain,LE flap,plain + LE flap,2,0.33999999999999997,,0.66,0.25,0.15,0.15,0.75,0.2709142857142857,0.407328650901046,0.8051,0.19727910550133723,0.18677759617863834,1.9735857291033951,1.8583687185994024,18.757491455446527,18.51780064237001,0.7926047104832912,0.9291843592997012,False,,,,,,,,,,,False
plain,LE flap,plain + LE flap,2,0.35,,0.65,0.25,0.15,0.15,0.75,0.28224285714285713,0.424361535322293,0.8051,0.2055285428912634,0.18677759617863834,1.9818351664933211,1.8641433247723507,18.70907718004937,18.489002894894426,0.7959177375475185,0.9320716623861753,False,,,,,,,,,,,False
plain,LE flap,plain + LE flap,2,0.36,,0.64,0.25,0.15,0.15,0.75,0.2934857142857143,0.4412655454604033,0.8051,0.21371556335264036,0.18677759617863834,1.9900221869546981,1.8698742390953145,18.661029216950304,18.460423037059265,0.7992056975721679,0.9349371195476572,False,,,,,,,,,,,False
plain,LE flap,plain + LE flap,2,0.37,,0.63,0.25,0.15,0.15,0.75,0.30464285714285716,0.4580406813153768,0.8051,0.22184016688546807,0.18677759617863834,1.9981467904875259,1.875561461568294,18.613347566149322,18.43206106886452,0.8024685905572392,0.937780730784147,False,,,,,,,,,,,False
plain,LE flap,plain + LE flap,2,0.38,,0.62,0.25,0.15,0.15,0.75,0.3157142857142858,0.4746869428872135,0.8051,0.22990235348974652,0.18677759617863834,2.0062089770918043,1.881204992191289,18.56603222764643,18.4039169903102,0.8057064165027326,0.9406024960956445,False,,,,,,,,,,,False
plain,LE flap,plain + LE flap,2,0.39,,0.61,0.25,0.15,0.15,0.75,0.32670000000000005,0.49120433017591336,0.8051,0.23790212316547574,0.18677759617863834,2.0142087467675336,1.8868048309642993,18.519083201441624,18.375990801396295,0.808919175408648,0.9434024154821496,False,,,,,,,,,,,False
plain,LE flap,plain + LE flap,2,0.4,,0.6,0.25,0.15,0.15,0.75,0.33760000000000007,0.5075928431814765,0.8051,0.24583947591265568,0.18677759617863834,2.0221460995147136,1.8923609778873254,18.472500487534905,18.348282502122817,0.8121068672749853,0.9461804889436627,False,,,,,,,,,,,False
plain,LE flap,plain + LE flap,2,0.41,,0.5900000000000001,0.25,0.15,0.15,0.75,0.3484142857142858,0.5238524819039028,0.8051,0.25371441173128634,0.18677759617863834,2.0300210353333443,1.8978734329603668,18.426284085926277,18.320792092489757,0.8152694921017446,0.9489367164801834,False,,,,,,,,,,,False
plain,LE flap,plain + LE flap,2,0.42,,0.5800000000000001,0.25,0.15,0.15,0.75,0.3591428571428572,0.5399832463431922,0.8051,0.2615269306213678,0.18677759617863834,2.0378335542234254,1.9033421961834238,18.380433996615725,18.293519572497118,0.8184070498889258,0.9516710980917119,False,,,,,,,,,,,False
plain,LE flap,plain + LE flap,2,0.43,,0.5700000000000001,0.25,0.15,0.15,0.75,0.36978571428571433,0.5559851364993449,0.8051,0.2692770325829,0.18677759617863834,2.0455836561849576,1.9087672675564964,18.33495021960327,18.266464942144896,0.8215195406365291,0.9543836337782482,False,,,,,,,,,,,False
plain,LE flap,plain + LE flap,2,0.44,,0.56,0.25,0.15,0.15,0.75,0.38034285714285715,0.5718581523723607,0.8051,0.2769647176158828,0.18677759617863834,2.0532713412179406,1.9141486470795843,18.2898327548889,18.239628201433096,0.8246069643445544,0.9570743235397922,False,,,,,,,,,,,False
plain,LE flap,plain + LE flap,2,0.45,,0.55,0.25,0.15,0.15,0.75,0.3908142857142857,0.5876022939622397,0.8051,0.2845899857203165,0.18677759617863834,2.0608966093223744,1.9194863347526878,18.245081602472617,18.213009350361716,0.8276693210130017,0.9597431673763439,False,,,,,,,,,,,False
plain,LE flap,plain + LE flap,2,0.46,,0.54,0.25,0.15,0.15,0.75,0.4012000000000001,0.6032175612689822,0.8051,0.29215283689620103,0.18677759617863834,2.068459460498259,1.924780330575807,18.20069676235442,18.18660838893076,0.830706610641871,0.9623901652879036,False,,,,,,,,,,,False
plain,LE flap,plain + LE flap,2,0.47000000000000003,,0.53,0.25,0.15,0.15,0.75,0.41150000000000003,0.6187039542925875,0.8051,0.2996532711435361,0.18677759617863834,2.075959894745594,1.9300306345489415,18.15667823453431,18.16042531714022,0.8337188332311622,0.9650153172744708,False,,,,,,,,,,,False
plain,LE flap,plain + LE flap,2,0.48,,0.52,0.25,0.15,0.15,0.75,0.4217142857142858,0.6340614730330563,0.8051,0.3070912884623221,0.18677759617863834,2.08339791206438,1.9352372466720917,18.113026019012285,18.134460134990107,0.8367059887808755,0.9676186233360459,False,,,,,,,,,,,False
plain,LE flap,plain + LE flap,2,0.49,,0.51,0.25,0.15,0.15,0.75,0.4318428571428572,0.6492901174903881,0.8051,0.31446688885255875,0.18677759617863834,2.0907735124546165,1.9404001669452575,18.069740115788345,18.10871284248041,0.8396680772910106,0.9702000834726288,False,,,,,,,,,,,False
plain,LE flap,plain + LE flap,2,0.5,,0.5,0.25,0.15,0.15,0.75,0.4418857142857143,0.6643898876645832,0.8051,0.3217800723142461,0.18677759617863834,2.098086695916304,1.9455193953684387,18.026820524862497,18.083183439611133,0.8426050987615679,0.9727596976842193,False,,,,,,,,,,,False
plain,LE flap,plain + LE flap,2,0.51,,0.49,0.25,0.15,0.15,0.75,0.45184285714285716,0.6793607835556413,0.8051,0.32903083884738427,0.18677759617863834,2.105337462449442,1.9505949319416354,17.984267246234733,18.057871926382283,0.8455170531925469,0.9752974659708177,False,,,,,,,,,,,False
plain,LE flap,plain + LE flap,2,0.52,,0.48,0.25,0.15,0.15,0.75,0.46171428571428574,0.6942028051635628,0.8051,0.3362191884519732,0.18677759617863834,2.112525812054031,1.9556267766648476,17.942080279905056,18.032778302793847,0.8484039405839481,0.9778133883324238,False,,,,,,,,,,,False
plain,LE flap,plain + LE flap,2,0.53,,0.47,0.25,0.15,0.15,0.75,0.47150000000000014,0.7089159524883477,0.8051,0.3433451211280129,0.18677759617863834,2.1196517447300707,1.9606149295380755,17.900259625873467,18.007902568845832,0.8512657609357713,0.9803074647690377,False,,,,,,,,,,,False
plain,LE flap,plain + LE flap,2,0.54,,0.45999999999999996,0.25,0.15,0.15,0.75,0.4812000000000001,0.7235002255299955,0.8051,0.3504086368755033,0.18677759617863834,2.126715260477561,1.9655593905613187,17.85880528413997,17.983244724538242,0.8541025142480165,0.9827796952806593,False,,,,,,,,,,,False
plain,LE flap,plain + LE flap,2,0.55,,0.44999999999999996,0.25,0.15,0.15,0.75,0.49081428571428587,0.7379556242885067,0.8051,0.35740973569444445,0.18677759617863834,2.1337163592965025,1.9704601597345774,17.817717254704554,17.958804769871065,0.8569142005206837,0.9852300798672887,False,,,,,,,,,,,False
plain,LE flap,plain + LE flap,2,0.56,,0.43999999999999995,0.25,0.15,0.15,0.75,0.5003428571428573,0.7522821487638809,0.8051,0.3643484175848364,0.18677759617863834,2.140655041186894,1.9753172370578518,17.77699553756722,17.93458270484431,0.8597008197537727,0.9876586185289259,False,,,,,,,,,,,False
plain,LE flap,plain + LE flap,2,0.5700000000000001,,0.42999999999999994,0.25,0.15,0.15,0.75,0.5097857142857144,0.7664797989561183,0.8051,0.371224682546679,0.18677759617863834,2.147531306148737,1.9801306225311417,17.73664013272798,17.910578529457982,0.8624623719472838,0.9900653112655708,False,,,,,,,,,,,False
plain,LE flap,plain + LE flap,2,0.5800000000000001,,0.41999999999999993,0.25,0.15,0.15,0.75,0.5191428571428572,0.780548574865219,0.8051,0.37803853057997233,0.18677759617863834,2.15434515418203,1.984900316154447,17.696651040186826,17.88679224371207,0.8651988571012168,0.9924501580772235,False,,,,,,,,,,,False
plain,LE flap,plain + LE flap,2,0.5900000000000001,,0.4099999999999999,0.25,0.15,0.15,0.75,0.5284142857142858,0.7944884764911829,0.8051,0.3847899616847165,0.18677759617863834,2.1610965852867743,1.989626317927768,17.657028259943758,17.86322384760658,0.867910275215572,0.994813158963884,False,,,,,,,,,,,False
plain,LE flap,plain + LE flap,2,0.6,,0.4,0.25,0.15,0.15,0.75,0.5376000000000001,0.8082995038340098,0.8051,0.39147897586091135,0.18677759617863834,2.1677855994629693,1.9943086278511042,17.617771791998777,17.83987334114151,0.8705966262903491,0.9971543139255521,False,,,,,,,,,,,False
plain,LE flap,plain + LE flap,2,0.61,,0.39,0.25,0.15,0.15,0.75,0.5467000000000001,0.8219816568937002,0.8051,0.398105573108557,0.18677759617863834,2.1744121967106147,1.9989472459244562,17.578881636351884,17.816740724316862,0.873257910325548,0.9994736229622281,False,,,,,,,,,,,False
plain,LE flap,plain + LE flap,2,0.62,,0.38,0.25,0.15,0.15,0.75,0.5557142857142858,0.8355349356702537,0.8051,0.40466975342765343,0.18677759617863834,2.1809763770297113,2.0035421721478235,17.54035779300308,17.79382599713263,0.8758941273211691,1.0017710860739117,False,,,,,,,,,,,False
plain,LE flap,plain + LE flap,2,0.63,,0.37,0.25,0.15,0.15,0.75,0.5646428571428571,0.8489593401636701,0.8051,0.41117151681820047,0.18677759617863834,2.187478140420258,2.0080934065212066,17.502200261952357,17.771129159588824,0.8785052772772121,1.0040467032606033,False,,,,,,,,,,,False
plain,LE flap,plain + LE flap,2,0.64,,0.36,0.25,0.15,0.15,0.75,0.5734857142857144,0.8622548703739502,0.8051,0.4176108632801984,0.18677759617863834,2.193917486882256,2.012600949044605,17.464409043199726,17.748650211685433,0.8810913601936771,1.0063004745223025,False,,,,,,,,,,,False
plain,LE flap,plain + LE flap,2,0.65,,0.35,0.25,0.15,0.15,0.75,0.5822428571428573,0.8754215263010933,0.8051,0.42398779281364707,0.18677759617863834,2.200294416415705,2.0170647997180193,17.42698413674518,17.726389153422467,0.8836523760705641,1.0085323998590097,False,,,,,,,,,,,False
plain,LE flap,plain + LE flap,2,0.66,,0.33999999999999997,0.25,0.15,0.15,0.75,0.5909142857142858,0.8884593079450995,0.8051,0.43030230541854647,0.18677759617863834,2.2066089290206046,2.021484958541449,17.38992554258872,17.70434598479992,0.8861883249078732,1.0107424792707245,False,,,,,,,,,,,False
plain,LE flap,plain + LE flap,2,0.67,,0.32999999999999996,0.25,0.15,0.15,0.75,0.5995000000000001,0.9013682153059691,0.8051,0.43655440109489657,0.18677759617863834,2.2128610246969544,2.025861425514894,17.353233260730345,17.682520705817797,0.8886992067056041,1.012930712757447,False,,,,,,,,,,,False
plain,LE flap,plain + LE flap,2,0.68,,0.31999999999999995,0.25,0.15,0.15,0.75,0.6080000000000001,0.9141482483837017,0.8051,0.44274407984269737,0.18677759617863834,2.219050703444755,2.0301942006383547,17.31690729117006,17.660913316476094,0.891185021463757,1.0150971003191773,False,,,,,,,,,,,False
plain,LE flap,plain + LE flap,2,0.6900000000000001,,0.30999999999999994,0.25,0.15,0.15,0.75,0.6164142857142858,0.9267994071782976,0.8051,0.44887134166194903,0.18677759617863834,2.225177965264007,2.0344832839118308,17.28094763390786,17.63952381677481,0.893645769182332,1.0172416419559154,False,,,,,,,,,,,False
plain,LE flap,plain + LE flap,2,0.7,,0.30000000000000004,0.25,0.15,0.15,0.75,0.6247428571428572,0.9393216916897564,0.8051,0.45493618655265133,0.18677759617863834,2.231242810154709,2.038728675335322,17.245354288943748,17.618352206713944,0.8960814498613289,1.019364337667661,False,,,,,,,,,,,False
plain,LE flap,plain + LE flap,2,0.71,,0.29000000000000004,0.25,0.15,0.15,0.75,0.6329857142857144,0.9517151019180788,0.8051,0.4609386145148045,0.18677759617863834,2.2372452381168624,2.0429303749088294,17.21012725627773,17.5973984862935,0.8984920635007478,1.0214651874544147,False,,,,,,,,,,,False
plain,LE flap,plain + LE flap,2,0.72,,0.28,0.25,0.15,0.15,0.75,0.6411428571428572,0.9639796378632643,0.8051,0.46687862554840837,0.18677759617863834,2.243185249150466,2.047088382632352,17.175266535909785,17.576662655513474,0.9008776101005886,1.023544191316176,False,,,,,,,,,,,False
plain,LE flap,plain + LE flap,2,0.73,,0.27,0.25,0.15,0.15,0.75,0.6492142857142857,0.976115299525313,0.8051,0.47275621965346293,0.18677759617863834,2.249062843255521,2.0512026985058904,17.14077212783994,17.556144714373875,0.9032380896608517,1.0256013492529452,False,,,,,,,,,,,False
plain,LE flap,plain + LE flap,2,0.74,,0.26,0.25,0.15,0.15,0.75,0.6572,0.9881220869042248,0.8051,0.47857139682996824,0.18677759617863834,2.254878020432026,2.055273322529444,17.10664403206817,17.53584466287469,0.9055735021815364,1.027636661264722,False,,,,,,,,,,,False
plain,LE flap,plain + LE flap,2,0.75,,0.25,0.25,0.15,0.15,0.75,0.6651000000000001,1.0,0.8051,0.4843241570779245,0.18677759617863834,2.2606307806799824,2.0593002547030137,17.0728822485945,17.51576250101593,0.9078838476626434,1.0296501273515068,False,,,,,,,,,,,False
plain,Krueger,plain + Krueger,3,0.13,,0.87,0.25,0.15,0.15,0.75,0.013214285714285729,0.019868118650256693,0.8051,0.009622609818009761,0.18677759617863834,1.7859292334200676,1.7270091716210731,19.858809379644825,19.172885846294424,0.7172406559919949,0.8635045858105366,False,,,,,,,,,,,False
plain,Krueger,plain + Krueger,3,0.13999999999999999,,0.86,0.25,0.15,0.15,0.75,0.026342857142857133,0.03960736301737652,0.8051,0.019182802707470244,0.18677759617863834,1.795489426309528,1.7337013066436955,19.802702545987845,19.139512416370007,0.7210800908873606,0.8668506533218477,False,,,,,,,,,,,False
plain,Krueger,plain + Krueger,3,0.15,,0.85,0.25,0.15,0.15,0.75,0.03938571428571429,0.05921773310135962,0.8051,0.028680578668381498,0.18677759617863834,1.8049872022704394,1.7403497498163334,19.746962024628957,19.10635687608601,0.7248944587431483,0.8701748749081667,False,,,,,,,,,,,False
plain,Krueger,plain + Krueger,3,0.16,,0.84,0.25,0.15,0.15,0.75,0.05234285714285716,0.07869922890220592,0.8051,0.03811593770074351,0.18677759617863834,1.8144225613028013,1.7469545011389869,19.69158781556815,19.073419225442436,0.7286837595593579,0.8734772505694934,False,,,,,,,,,,,False
plain,Krueger,plain + Krueger,3,0.16999999999999998,,0.8300000000000001,0.25,0.15,0.15,0.75,0.06521428571428571,0.09805185041991535,0.8051,0.04748887980455623,0.18677759617863834,1.823795503406614,1.7535155606116557,19.63657991880543,19.04069946443928,0.7324479933359895,0.8767577803058278,False,,,,,,,,,,,False
plain,Krueger,plain + Krueger,3,0.18,,0.8200000000000001,0.25,0.15,0.15,0.75,0.078,0.11727559765448803,0.8051,0.05679940497981972,0.18677759617863834,1.8331060285818777,1.76003292823434,19.581938334340805,19.00819759307655,0.7361871600730432,0.88001646411717,False,,,,,,,,,,,False
plain,Krueger,plain + Krueger,3,0.19,,0.81,0.25,0.15,0.15,0.75,0.09070000000000003,0.13637047060592394,0.8051,0.06604751322653399,0.18677759617863834,1.8423541368285918,1.76650660400704,19.527663062174256,18.975913611354237,0.7399012597705188,0.88325330200352,False,,,,,,,,,,,False
plain,Krueger,plain + Krueger,3,0.2,,0.8,0.25,0.15,0.15,0.75,0.10331428571428575,0.155336469274223,0.8051,0.07523320454469896,0.18677759617863834,1.8515398281467568,1.7729365879297556,19.473754102305797,18.943847519272342,0.7435902924284163,0.8864682939648778,False,,,,,,,,,,,False
plain,Krueger,plain + Krueger,3,0.21,,0.79,0.25,0.15,0.15,0.75,0.11584285714285718,0.17417359365938528,0.8051,0.08435647893431471,0.18677759617863834,1.8606631025363725,1.7793228800024867,19.42021145473543,18.911999316830876,0.7472542580467358,0.8896614400012434,False,,,,,,,,,,,False
plain,Krueger,plain + Krueger,3,0.22,,0.78,0.25,0.15,0.15,0.75,0.1282857142857143,0.19288184376141074,0.8051,0.09341733639538118,0.18677759617863834,1.869723959997439,1.7856654802252332,19.367035119463146,18.880369004029824,0.7508931566254774,0.8928327401126166,False,,,,,,,,,,,False
plain,Krueger,plain + Krueger,3,0.22999999999999998,,0.77,0.25,0.15,0.15,0.75,0.14064285714285715,0.2114612195802994,0.8051,0.1024157769278984,0.18677759617863834,1.8787224005299563,1.7919643885979952,19.31422509648895,18.848956580869192,0.754506988164641,0.8959821942989976,False,,,,,,,,,,,False
plain,Krueger,plain + Krueger,3,0.24,,0.76,0.25,0.15,0.15,0.75,0.15291428571428572,0.22991172111605127,0.8051,0.11135180053186637,0.18677759617863834,1.8876584241339243,1.7982196051207728,19.261781385812842,18.81776204734898,0.7580957526642266,0.8991098025603864,False,,,,,,,,,,,False
plain,Krueger,plain + Krueger,3,0.25,,0.75,0.25,0.15,0.15,0.75,0.1651,0.2482333483686663,0.8051,0.12022540720728508,0.18677759617863834,1.896532030809343,1.8044311297935658,19.209703987434818,18.78678540346919,0.7616594501242341,0.9022155648967829,False,,,,,,,,,,,False
plain,Krueger,plain + Krueger,3,0.26,,0.74,0.25,0.15,0.15,0.75,0.17720000000000002,0.26642610133814465,0.8051,0.12903659695415456,0.18677759617863834,1.9053432205562124,1.8105989626163745,19.15799290135488,18.75602664922982,0.7651980805446635,0.9052994813081873,False,,,,,,,,,,,False
plain,Krueger,plain + Krueger,3,0.27,,0.73,0.25,0.15,0.15,0.75,0.18921428571428578,0.28448998002448617,0.8051,0.13778536977247482,0.18677759617863834,1.9140919933745326,1.8167231035891986,19.10664812757303,18.725485784630873,0.768711643925515,0.9083615517945993,False,,,,,,,,,,,False
plain,Krueger,plain + Krueger,3,0.28,,0.72,0.25,0.15,0.15,0.75,0.2011428571428572,0.30242498442769083,0.8051,0.14647172566224578,0.18677759617863834,1.9227783492643036,1.8228035527120383,19.05566966608927,18.695162809672347,0.7722001402667885,0.9114017763560192,False,,,,,,,,,,,False
plain,Krueger,plain + Krueger,3,0.29000000000000004,,0.71,0.25,0.15,0.15,0.75,0.21298571428571436,0.3202311145477587,0.8051,0.15509566462346752,0.18677759617863834,1.9314022882255255,1.8288403099848936,19.005057516903598,18.665057724354238,0.775663569568484,0.9144201549924468,False,,,,,,,,,,,False
plain,Krueger,plain + Krueger,3,0.3,,0.7,0.25,0.15,0.15,0.75,0.2247428571428572,0.33790837038468974,0.8051,0.16365718665613993,0.18677759617863834,1.9399638102581978,1.8348333754077641,18.954811680016007,18.63517052867655,0.7791019318306014,0.9174166877038821,False,,,,,,,,,,,False
plain,Krueger,plain + Krueger,3,0.31,,0.69,0.25,0.15,0.15,0.75,0.23641428571428574,0.355456751938484,0.8051,0.17215629176026312,0.18677759617863834,1.948462915362321,1.8407827489806505,18.904932155426504,18.605501222639287,0.7825152270531409,0.9203913744903253,False,,,,,,,,,,,False
plain,Krueger,plain + Krueger,3,0.32,,0.6799999999999999,0.25,0.15,0.15,0.75,0.24800000000000008,0.3728762592091415,0.8051,0.18059297993583714,0.18677759617863834,1.956899603537895,1.8466884307035523,18.855418943135092,18.576049806242438,0.7859034552361023,0.9233442153517761,False,,,,,,,,,,,False
plain,Krueger,plain + Krueger,3,0.32999999999999996,,0.67,0.25,0.15,0.15,0.75,0.2595,0.39016689219666206,0.8051,0.18896725118286178,0.18677759617863834,1.9652738747849197,1.8525504205764696,18.806272043141764,18.546816279486016,0.7892666163794857,0.9262752102882348,False,,,,,,,,,,,False
plain,Krueger,plain + Krueger,3,0.33999999999999997,,0.66,0.25,0.15,0.15,0.75,0.2709142857142857,0.407328650901046,0.8051,0.19727910550133723,0.18677759617863834,1.9735857291033951,1.8583687185994024,18.757491455446527,18.51780064237001,0.7926047104832912,0.9291843592997012,False,,,,,,,,,,,False
plain,Krueger,plain + Krueger,3,0.35,,0.65,0.25,0.15,0.15,0.75,0.28224285714285713,0.424361535322293,0.8051,0.2055285428912634,0.18677759617863834,1.9818351664933211,1.8641433247723507,18.70907718004937,18.489002894894426,0.7959177375475185,0.9320716623861753,False,,,,,,,,,,,False
plain,Krueger,plain + Krueger,3,0.36,,0.64,0.25,0.15,0.15,0.75,0.2934857142857143,0.4412655454604033,0.8051,0.21371556335264036,0.18677759617863834,1.9900221869546981,1.8698742390953145,18.661029216950304,18.460423037059265,0.7992056975721679,0.9349371195476572,False,,,,,,,,,,,False
plain,Krueger,plain + Krueger,3,0.37,,0.63,0.25,0.15,0.15,0.75,0.30464285714285716,0.4580406813153768,0.8051,0.22184016688546807,0.18677759617863834,1.9981467904875259,1.875561461568294,18.613347566149322,18.43206106886452,0.8024685905572392,0.937780730784147,False,,,,,,,,,,,False
plain,Krueger,plain + Krueger,3,0.38,,0.62,0.25,0.15,0.15,0.75,0.3157142857142858,0.4746869428872135,0.8051,0.22990235348974652,0.18677759617863834,2.0062089770918043,1.881204992191289,18.56603222764643,18.4039169903102,0.8057064165027326,0.9406024960956445,False,,,,,,,,,,,False
plain,Krueger,plain + Krueger,3,0.39,,0.61,0.25,0.15,0.15,0.75,0.32670000000000005,0.49120433017591336,0.8051,0.23790212316547574,0.18677759617863834,2.0142087467675336,1.8868048309642993,18.519083201441624,18.375990801396295,0.808919175408648,0.9434024154821496,False,,,,,,,,,,,False
plain,Krueger,plain + Krueger,3,0.4,,0.6,0.25,0.15,0.15,0.75,0.33760000000000007,0.5075928431814765,0.8051,0.24583947591265568,0.18677759617863834,2.0221460995147136,1.8923609778873254,18.472500487534905,18.348282502122817,0.8121068672749853,0.9461804889436627,False,,,,,,,,,,,False
plain,Krueger,plain + Krueger,3,0.41,,0.5900000000000001,0.25,0.15,0.15,0.75,0.3484142857142858,0.5238524819039028,0.8051,0.25371441173128634,0.18677759617863834,2.0300210353333443,1.8978734329603668,18.426284085926277,18.320792092489757,0.8152694921017446,0.9489367164801834,False,,,,,,,,,,,False
plain,Krueger,plain + Krueger,3,0.42,,0.5800000000000001,0.25,0.15,0.15,0.75,0.3591428571428572,0.5399832463431922,0.8051,0.2615269306213678,0.18677759617863834,2.0378335542234254,1.9033421961834238,18.380433996615725,18.293519572497118,0.8184070498889258,0.9516710980917119,False,,,,,,,,,,,False
plain,Krueger,plain + Krueger,3,0.43,,0.5700000000000001,0.25,0.15,0.15,0.75,0.36978571428571433,0.5559851364993449,0.8051,0.2692770325829,0.18677759617863834,2.0455836561849576,1.9087672675564964,18.33495021960327,18.266464942144896,0.8215195406365291,0.9543836337782482,False,,,,,,,,,,,False
plain,Krueger,plain + Krueger,3,0.44,,0.56,0.25,0.15,0.15,0.75,0.38034285714285715,0.5718581523723607,0.8051,0.2769647176158828,0.18677759617863834,2.0532713412179406,1.9141486470795843,18.2898327548889,18.239628201433096,0.8246069643445544,0.9570743235397922,False,,,,,,,,,,,False
plain,Krueger,plain + Krueger,3,0.45,,0.55,0.25,0.15,0.15,0.75,0.3908142857142857,0.5876022939622397,0.8051,0.2845899857203165,0.18677759617863834,2.0608966093223744,1.9194863347526878,18.245081602472617,18.213009350361716,0.8276693210130017,0.9597431673763439,False,,,,,,,,,,,False
plain,Krueger,plain + Krueger,3,0.46,,0.54,0.25,0.15,0.15,0.75,0.4012000000000001,0.6032175612689822,0.8051,0.29215283689620103,0.18677759617863834,2.068459460498259,1.924780330575807,18.20069676235442,18.18660838893076,0.830706610641871,0.9623901652879036,False,,,,,,,,,,,False
plain,Krueger,plain + Krueger,3,0.47000000000000003,,0.53,0.25,0.15,0.15,0.75,0.41150000000000003,0.6187039542925875,0.8051,0.2996532711435361,0.18677759617863834,2.075959894745594,1.9300306345489415,18.15667823453431,18.16042531714022,0.8337188332311622,0.9650153172744708,False,,,,,,,,,,,False
plain,Krueger,plain + Krueger,3,0.48,,0.52,0.25,0.15,0.15,0.75,0.4217142857142858,0.6340614730330563,0.8051,0.3070912884623221,0.18677759617863834,2.08339791206438,1.9352372466720917,18.113026019012285,18.134460134990107,0.8367059887808755,0.9676186233360459,False,,,,,,,,,,,False
plain,Krueger,plain + Krueger,3,0.49,,0.51,0.25,0.15,0.15,0.75,0.4318428571428572,0.6492901174903881,0.8051,0.31446688885255875,0.18677759617863834,2.0907735124546165,1.9404001669452575,18.069740115788345,18.10871284248041,0.8396680772910106,0.9702000834726288,False,,,,,,,,,,,False
plain,Krueger,plain + Krueger,3,0.5,,0.5,0.25,0.15,0.15,0.75,0.4418857142857143,0.6643898876645832,0.8051,0.3217800723142461,0.18677759617863834,2.098086695916304,1.9455193953684387,18.026820524862497,18.083183439611133,0.8426050987615679,0.9727596976842193,False,,,,,,,,,,,False
plain,Krueger,plain + Krueger,3,0.51,,0.49,0.25,0.15,0.15,0.75,0.45184285714285716,0.6793607835556413,0.8051,0.32903083884738427,0.18677759617863834,2.105337462449442,1.9505949319416354,17.984267246234733,18.057871926382283,0.8455170531925469,0.9752974659708177,False,,,,,,,,,,,False
plain,Krueger,plain + Krueger,3,0.52,,0.48,0.25,0.15,0.15,0.75,0.46171428571428574,0.6942028051635628,0.8051,0.3362191884519732,0.18677759617863834,2.112525812054031,1.9556267766648476,17.942080279905056,18.032778302793847,0.8484039405839481,0.9778133883324238,False,,,,,,,,,,,False
plain,Krueger,plain + Krueger,3,0.53,,0.47,0.25,0.15,0.15,0.75,0.47150000000000014,0.7089159524883477,0.8051,0.3433451211280129,0.18677759617863834,2.1196517447300707,1.9606149295380755,17.900259625873467,18.007902568845832,0.8512657609357713,0.9803074647690377,False,,,,,,,,,,,False
plain,Krueger,plain + Krueger,3,0.54,,0.45999999999999996,0.25,0.15,0.15,0.75,0.4812000000000001,0.7235002255299955,0.8051,0.3504086368755033,0.18677759617863834,2.126715260477561,1.9655593905613187,17.85880528413997,17.983244724538242,0.8541025142480165,0.9827796952806593,False,,,,,,,,,,,False
plain,Krueger,plain + Krueger,3,0.55,,0.44999999999999996,0.25,0.15,0.15,0.75,0.49081428571428587,0.7379556242885067,0.8051,0.35740973569444445,0.18677759617863834,2.1337163592965025,1.9704601597345774,17.817717254704554,17.958804769871065,0.8569142005206837,0.9852300798672887,False,,,,,,,,,,,False
plain,Krueger,plain + Krueger,3,0.56,,0.43999999999999995,0.25,0.15,0.15,0.75,0.5003428571428573,0.7522821487638809,0.8051,0.3643484175848364,0.18677759617863834,2.140655041186894,1.9753172370578518,17.77699553756722,17.93458270484431,0.8597008197537727,0.9876586185289259,False,,,,,,,,,,,False
plain,Krueger,plain + Krueger,3,0.5700000000000001,,0.42999999999999994,0.25,0.15,0.15,0.75,0.5097857142857144,0.7664797989561183,0.8051,0.371224682546679,0.18677759617863834,2.147531306148737,1.9801306225311417,17.73664013272798,17.910578529457982,0.8624623719472838,0.9900653112655708,False,,,,,,,,,,,False
plain,Krueger,plain + Krueger,3,0.5800000000000001,,0.41999999999999993,0.25,0.15,0.15,0.75,0.5191428571428572,0.780548574865219,0.8051,0.37803853057997233,0.18677759617863834,2.15434515418203,1.984900316154447,17.696651040186826,17.88679224371207,0.8651988571012168,0.9924501580772235,False,,,,,,,,,,,False
plain,Krueger,plain + Krueger,3,0.5900000000000001,,0.4099999999999999,0.25,0.15,0.15,0.75,0.5284142857142858,0.7944884764911829,0.8051,0.3847899616847165,0.18677759617863834,2.1610965852867743,1.989626317927768,17.657028259943758,17.86322384760658,0.867910275215572,0.994813158963884,False,,,,,,,,,,,False
plain,Krueger,plain + Krueger,3,0.6,,0.4,0.25,0.15,0.15,0.75,0.5376000000000001,0.8082995038340098,0.8051,0.39147897586091135,0.18677759617863834,2.1677855994629693,1.9943086278511042,17.617771791998777,17.83987334114151,0.8705966262903491,0.9971543139255521,False,,,,,,,,,,,False
plain,Krueger,plain + Krueger,3,0.61,,0.39,0.25,0.15,0.15,0.75,0.5467000000000001,0.8219816568937002,0.8051,0.398105573108557,0.18677759617863834,2.1744121967106147,1.9989472459244562,17.578881636351884,17.816740724316862,0.873257910325548,0.9994736229622281,False,,,,,,,,,,,False
plain,Krueger,plain + Krueger,3,0.62,,0.38,0.25,0.15,0.15,0.75,0.5557142857142858,0.8355349356702537,0.8051,0.40466975342765343,0.18677759617863834,2.1809763770297113,2.0035421721478235,17.54035779300308,17.79382599713263,0.8758941273211691,1.0017710860739117,False,,,,,,,,,,,False
plain,Krueger,plain + Krueger,3,0.63,,0.37,0.25,0.15,0.15,0.75,0.5646428571428571,0.8489593401636701,0.8051,0.41117151681820047,0.18677759617863834,2.187478140420258,2.0080934065212066,17.502200261952357,17.771129159588824,0.8785052772772121,1.0040467032606033,False,,,,,,,,,,,False
plain,Krueger,plain + Krueger,3,0.64,,0.36,0.25,0.15,0.15,0.75,0.5734857142857144,0.8622548703739502,0.8051,0.4176108632801984,0.18677759617863834,2.193917486882256,2.012600949044605,17.464409043199726,17.748650211685433,0.8810913601936771,1.0063004745223025,False,,,,,,,,,,,False
plain,Krueger,plain + Krueger,3,0.65,,0.35,0.25,0.15,0.15,0.75,0.5822428571428573,0.8754215263010933,0.8051,0.42398779281364707,0.18677759617863834,2.200294416415705,2.0170647997180193,17.42698413674518,17.726389153422467,0.8836523760705641,1.0085323998590097,False,,,,,,,,,,,False
plain,Krueger,plain + Krueger,3,0.66,,0.33999999999999997,0.25,0.15,0.15,0.75,0.5909142857142858,0.8884593079450995,0.8051,0.43030230541854647,0.18677759617863834,2.2066089290206046,2.021484958541449,17.38992554258872,17.70434598479992,0.8861883249078732,1.0107424792707245,False,,,,,,,,,,,False
plain,Krueger,plain + Krueger,3,0.67,,0.32999999999999996,0.25,0.15,0.15,0.75,0.5995000000000001,0.9013682153059691,0.8051,0.43655440109489657,0.18677759617863834,2.2128610246969544,2.025861425514894,17.353233260730345,17.682520705817797,0.8886992067056041,1.012930712757447,False,,,,,,,,,,,False
plain,Krueger,plain + Krueger,3,0.68,,0.31999999999999995,0.25,0.15,0.15,0.75,0.6080000000000001,0.9141482483837017,0.8051,0.44274407984269737,0.18677759617863834,2.219050703444755,2.0301942006383547,17.31690729117006,17.660913316476094,0.891185021463757,1.0150971003191773,False,,,,,,,,,,,False
plain,Krueger,plain + Krueger,3,0.6900000000000001,,0.30999999999999994,0.25,0.15,0.15,0.75,0.6164142857142858,0.9267994071782976,0.8051,0.44887134166194903,0.18677759617863834,2.225177965264007,2.0344832839118308,17.28094763390786,17.63952381677481,0.893645769182332,1.0172416419559154,False,,,,,,,,,,,False
plain,Krueger,plain + Krueger,3,0.7,,0.30000000000000004,0.25,0.15,0.15,0.75,0.6247428571428572,0.9393216916897564,0.8051,0.45493618655265133,0.18677759617863834,2.231242810154709,2.038728675335322,17.245354288943748,17.618352206713944,0.8960814498613289,1.019364337667661,False,,,,,,,,,,,False
plain,Krueger,plain + Krueger,3,0.71,,0.29000000000000004,0.25,0.15,0.15,0.75,0.6329857142857144,0.9517151019180788,0.8051,0.4609386145148045,0.18677759617863834,2.2372452381168624,2.0429303749088294,17.21012725627773,17.5973984862935,0.8984920635007478,1.0214651874544147,False,,,,,,,,,,,False
plain,Krueger,plain + Krueger,3,0.72,,0.28,0.25,0.15,0.15,0.75,0.6411428571428572,0.9639796378632643,0.8051,0.46687862554840837,0.18677759617863834,2.243185249150466,2.047088382632352,17.175266535909785,17.576662655513474,0.9008776101005886,1.023544191316176,False,,,,,,,,,,,False
plain,Krueger,plain + Krueger,3,0.73,,0.27,0.25,0.15,0.15,0.75,0.6492142857142857,0.976115299525313,0.8051,0.47275621965346293,0.18677759617863834,2.249062843255521,2.0512026985058904,17.14077212783994,17.556144714373875,0.9032380896608517,1.0256013492529452,False,,,,,,,,,,,False
plain,Krueger,plain + Krueger,3,0.74,,0.26,0.25,0.15,0.15,0.75,0.6572,0.9881220869042248,0.8051,0.47857139682996824,0.18677759617863834,2.254878020432026,2.055273322529444,17.10664403206817,17.53584466287469,0.9055735021815364,1.027636661264722,False,,,,,,,,,,,False
plain,Krueger,plain + Krueger,3,0.75,,0.25,0.25,0.15,0.15,0.75,0.6651000000000001,1.0,0.8051,0.4843241570779245,0.18677759617863834,2.2606307806799824,2.0593002547030137,17.0728822485945,17.51576250101593,0.9078838476626434,1.0296501273515068,False,,,,,,,,,,,False
plain,slat,plain + slat,3,0.13,,0.87,0.25,0.2,0.2,0.75,0.013214285714285729,0.019868118650256693,0.8051,0.009622609818009761,0.2750251100201494,1.8741767472615787,1.788782431310131,19.20862032358652,18.747110363512476,0.7526814246030435,0.8943912156550655,False,,,,,,,,,,,False
plain,slat,plain + slat,3,0.13999999999999999,,0.86,0.25,0.2,0.2,0.75,0.026342857142857133,0.03960736301737652,0.8051,0.019182802707470244,0.2750251100201494,1.883736940151039,1.7954745663327532,19.14350258002771,18.709220633372855,0.7565208594984092,0.8977372831663766,False,,,,,,,,,,,False
plain,slat,plain + slat,3,0.15,,0.85,0.25,0.2,0.2,0.75,0.03938571428571429,0.05921773310135962,0.8051,0.028680578668381498,0.2750251100201494,1.8932347161119503,1.802123009505391,19.078809979517164,18.67157827905569,0.7603352273541968,0.9010615047526955,False,,,,,,,,,,,False
plain,slat,plain + slat,3,0.16,,0.84,0.25,0.2,0.2,0.75,0.05234285714285716,0.07869922890220592,0.8051,0.03811593770074351,0.2750251100201494,1.9026700751443124,1.8087277608280445,19.014542522054878,18.634183300560984,0.7641245281704065,0.9043638804140223,False,,,,,,,,,,,False
plain,slat,plain + slat,3,0.16999999999999998,,0.8300000000000001,0.25,0.2,0.2,0.75,0.06521428571428571,0.09805185041991535,0.8051,0.04748887980455623,0.2750251100201494,1.912043017248125,1.8152888203007134,18.950700207640857,18.59703569788873,0.7678887619470381,0.9076444101503567,False,,,,,,,,,,,False
plain,slat,plain + slat,3,0.18,,0.8200000000000001,0.25,0.2,0.2,0.75,0.078,0.11727559765448803,0.8051,0.05679940497981972,0.2750251100201494,1.9213535424233887,1.8218061879233978,18.8872830362751,18.56013547103894,0.7716279286840918,0.9109030939616989,False,,,,,,,,,,,False
plain,slat,plain + slat,3,0.19,,0.81,0.25,0.2,0.2,0.75,0.09070000000000003,0.13637047060592394,0.8051,0.06604751322653399,0.2750251100201494,1.930601650670103,1.828279863696098,18.824291007957598,18.523482620011606,0.7753420283815674,0.914139931848049,False,,,,,,,,,,,False
plain,slat,plain + slat,3,0.2,,0.8,0.25,0.2,0.2,0.75,0.10331428571428575,0.155336469274223,0.8051,0.07523320454469896,0.2750251100201494,1.9397873419882679,1.8347098476188133,18.761724122688364,18.487077144806722,0.779031061039465,0.9173549238094066,False,,,,,,,,,,,False
plain,slat,plain + slat,3,0.21,,0.79,0.25,0.2,0.2,0.75,0.11584285714285718,0.17417359365938528,0.8051,0.08435647893431471,0.2750251100201494,1.9489106163778835,1.8410961396915444,18.69958238046739,18.450919045424303,0.7826950266577845,0.9205480698457722,False,,,,,,,,,,,False
plain,slat,plain + slat,3,0.22,,0.78,0.25,0.2,0.2,0.75,0.1282857142857143,0.19288184376141074,0.8051,0.09341733639538118,0.2750251100201494,1.95797147383895,1.8474387399142909,18.637865781294675,18.415008321864338,0.786333925236526,0.9237193699571454,False,,,,,,,,,,,False
plain,slat,plain + slat,3,0.22999999999999998,,0.77,0.25,0.2,0.2,0.75,0.14064285714285715,0.2114612195802994,0.8051,0.1024157769278984,0.2750251100201494,1.9669699143714672,1.853737648287053,18.576574325170228,18.379344974126827,0.7899477567756895,0.9268688241435264,False,,,,,,,,,,,False
plain,slat,plain + slat,3,0.24,,0.76,0.25,0.2,0.2,0.75,0.15291428571428572,0.22991172111605127,0.8051,0.11135180053186637,0.2750251100201494,1.9759059379754353,1.8599928648098305,18.51570801209404,18.343929002211773,0.7935365212752752,0.9299964324049153,False,,,,,,,,,,,False
plain,slat,plain + slat,3,0.25,,0.75,0.25,0.2,0.2,0.75,0.1651,0.2482333483686663,0.8051,0.12022540720728508,0.2750251100201494,1.984779544650854,1.8662043894826237,18.455266842066116,18.308760406119177,0.7971002187352827,0.9331021947413118,False,,,,,,,,,,,False
plain,slat,plain + slat,3,0.26,,0.74,0.25,0.2,0.2,0.75,0.17720000000000002,0.26642610133814465,0.8051,0.12903659695415456,0.2750251100201494,1.9935907343977235,1.8723722223054322,18.395250815086452,18.273839185849035,0.8006388491557122,0.9361861111527161,False,,,,,,,,,,,False
plain,slat,plain + slat,3,0.27,,0.73,0.25,0.2,0.2,0.75,0.18921428571428578,0.28448998002448617,0.8051,0.13778536977247482,0.2750251100201494,2.0023395072160435,1.8784963632782565,18.335659931155046,18.239165341401357,0.8041524125365636,0.9392481816391283,False,,,,,,,,,,,False
plain,slat,plain + slat,3,0.28,,0.72,0.25,0.2,0.2,0.75,0.2011428571428572,0.30242498442769083,0.8051,0.14647172566224578,0.2750251100201494,2.0110258631058144,1.8845768124010962,18.276494190271908,18.20473887277613,0.807640908877837,0.9422884062005481,False,,,,,,,,,,,False
plain,slat,plain + slat,3,0.29000000000000004,,0.71,0.25,0.2,0.2,0.75,0.21298571428571436,0.3202311145477587,0.8051,0.15509566462346752,0.2750251100201494,2.0196498020670366,1.8906135696739512,18.217753592437035,18.170559779973356,0.8111043381795326,0.9453067848369756,False,,,,,,,,,,,False
plain,slat,plain + slat,3,0.3,,0.7,0.25,0.2,0.2,0.75,0.2247428571428572,0.33790837038468974,0.8051,0.16365718665613993,0.2750251100201494,2.0282113240997086,1.896606635096822,18.159438137650415,18.136628062993047,0.81454270044165,0.948303317548411,False,,,,,,,,,,,False
plain,slat,plain + slat,3,0.31,,0.69,0.25,0.2,0.2,0.75,0.23641428571428574,0.355456751938484,0.8051,0.17215629176026312,0.2750251100201494,2.036710429203832,1.9025560086697082,18.10154782591206,18.10294372183519,0.8179559956641894,0.9512780043348541,False,,,,,,,,,,,False
plain,slat,plain + slat,3,0.32,,0.6799999999999999,0.25,0.2,0.2,0.75,0.24800000000000008,0.3728762592091415,0.8051,0.18059297993583714,0.2750251100201494,2.045147117379406,1.9084616903926102,18.044082657221974,18.06950675649979,0.8213442238471509,0.9542308451963051,False,,,,,,,,,,,False
plain,slat,plain + slat,3,0.32999999999999996,,0.67,0.25,0.2,0.2,0.75,0.2595,0.39016689219666206,0.8051,0.18896725118286178,0.2750251100201494,2.0535213886264305,1.9143236802655272,17.98704263158014,18.036317166986848,0.8247073849905343,0.9571618401327636,False,,,,,,,,,,,False
plain,slat,plain + slat,3,0.33999999999999997,,0.66,0.25,0.2,0.2,0.75,0.2709142857142857,0.407328650901046,0.8051,0.19727910550133723,0.2750251100201494,2.061833242944906,1.9201419782884601,17.930427748986578,18.003374953296362,0.8280454790943397,0.9600709891442301,False,,,,,,,,,,,False
plain,slat,plain + slat,3,0.35,,0.65,0.25,0.2,0.2,0.75,0.28224285714285713,0.424361535322293,0.8051,0.2055285428912634,0.2750251100201494,2.0700826803348322,1.9259165844614086,17.87423800944127,17.970680115428337,0.8313585061585671,0.9629582922307043,False,,,,,,,,,,,False
plain,slat,plain + slat,3,0.36,,0.64,0.25,0.2,0.2,0.75,0.2934857142857143,0.4412655454604033,0.8051,0.21371556335264036,0.2750251100201494,2.078269700796209,1.9316474987843724,17.818473412944233,17.938232653382762,0.8346464661832165,0.9658237493921862,False,,,,,,,,,,,False
plain,slat,plain + slat,3,0.37,,0.63,0.25,0.2,0.2,0.75,0.30464285714285716,0.4580406813153768,0.8051,0.22184016688546807,0.2750251100201494,2.086394304329037,1.9373347212573517,17.76313395949545,17.906032567159645,0.8379093591682879,0.9686673606286759,False,,,,,,,,,,,False
plain,slat,plain + slat,3,0.38,,0.62,0.25,0.2,0.2,0.75,0.3157142857142858,0.4746869428872135,0.8051,0.22990235348974652,0.2750251100201494,2.0944564909333154,1.9429782518803467,17.708219649094932,17.87407985675899,0.8411471851137812,0.9714891259401733,False,,,,,,,,,,,False
plain,slat,plain + slat,3,0.39,,0.61,0.25,0.2,0.2,0.75,0.32670000000000005,0.49120433017591336,0.8051,0.23790212316547574,0.2750251100201494,2.1024562606090447,1.9485780906533572,17.653730481742674,17.842374522180783,0.8443599440196966,0.9742890453266786,False,,,,,,,,,,,False
plain,slat,plain + slat,3,0.4,,0.6,0.25,0.2,0.2,0.75,0.33760000000000007,0.5075928431814765,0.8051,0.24583947591265568,0.2750251100201494,2.1103936133562247,1.954134237576383,17.59966645743868,17.81091656342504,0.8475476358860339,0.9770671187881915,False,,,,,,,,,,,False
plain,slat,plain + slat,3,0.41,,0.5900000000000001,0.25,0.2,0.2,0.75,0.3484142857142858,0.5238524819039028,0.8051,0.25371441173128634,0.2750251100201494,2.1182685491748554,1.9596466926494245,17.54602757618295,17.77970598049175,0.8507102607127932,0.9798233463247122,False,,,,,,,,,,,False
plain,slat,plain + slat,3,0.42,,0.5800000000000001,0.25,0.2,0.2,0.75,0.3591428571428572,0.5399832463431922,0.8051,0.2615269306213678,0.2750251100201494,2.126081068064937,1.9651154558724815,17.49281383797548,17.74874277338092,0.8538478184999746,0.9825577279362407,False,,,,,,,,,,,False
plain,slat,plain + slat,3,0.43,,0.5700000000000001,0.25,0.2,0.2,0.75,0.36978571428571433,0.5559851364993449,0.8051,0.2692770325829,0.2750251100201494,2.133831170026469,1.970540527245554,17.440025242816276,17.718026942092543,0.8569603092475779,0.985270263622777,False,,,,,,,,,,,False
plain,slat,plain + slat,3,0.44,,0.56,0.25,0.2,0.2,0.75,0.38034285714285715,0.5718581523723607,0.8051,0.2769647176158828,0.2750251100201494,2.1415188550594517,1.975921906768642,17.387661790705323,17.687558486626624,0.860047732955603,0.987960953384321,False,,,,,,,,,,,False
plain,slat,plain + slat,3,0.45,,0.55,0.25,0.2,0.2,0.75,0.3908142857142857,0.5876022939622397,0.8051,0.2845899857203165,0.2750251100201494,2.1491441231638855,1.9812595944417457,17.335723481642642,17.657337406983164,0.8631100896240503,0.9906297972208729,False,,,,,,,,,,,False
plain,slat,plain + slat,3,0.46,,0.54,0.25,0.2,0.2,0.75,0.4012000000000001,0.6032175612689822,0.8051,0.29215283689620103,0.2750251100201494,2.15670697433977,1.9865535902648648,17.28421031562822,17.627363703162153,0.8661473792529196,0.9932767951324324,False,,,,,,,,,,,False
plain,slat,plain + slat,3,0.47000000000000003,,0.53,0.25,0.2,0.2,0.75,0.41150000000000003,0.6187039542925875,0.8051,0.2996532711435361,0.2750251100201494,2.164207408587105,1.9918038942379994,17.233122292662056,17.597637375163607,0.8691596018422106,0.9959019471189997,False,,,,,,,,,,,False
plain,slat,plain + slat,3,0.48,,0.52,0.25,0.2,0.2,0.75,0.4217142857142858,0.6340614730330563,0.8051,0.3070912884623221,0.2750251100201494,2.171645425905891,1.9970105063611496,17.18245941274416,17.56815842298752,0.8721467573919239,0.9985052531805748,False,,,,,,,,,,,False
plain,slat,plain + slat,3,0.49,,0.51,0.25,0.2,0.2,0.75,0.4318428571428572,0.6492901174903881,0.8051,0.31446688885255875,0.2750251100201494,2.1790210262961276,2.002173426634315,17.132221675874526,17.538926846633878,0.8751088459020592,1.0010867133171575,False,,,,,,,,,,,False
plain,slat,plain + slat,3,0.5,,0.5,0.25,0.2,0.2,0.75,0.4418857142857143,0.6643898876645832,0.8051,0.3217800723142461,0.2750251100201494,2.186334209757815,2.0072926550574963,17.082409082053154,17.5099426461027,0.8780458673726165,1.0036463275287482,False,,,,,,,,,,,False
plain,slat,plain + slat,3,0.51,,0.49,0.25,0.2,0.2,0.75,0.45184285714285716,0.6793607835556413,0.8051,0.32903083884738427,0.2750251100201494,2.1935849762909534,2.012368191630693,17.033021631280043,17.48120582139398,0.8809578218035957,1.0061840958153465,False,,,,,,,,,,,False
plain,slat,plain + slat,3,0.52,,0.48,0.25,0.2,0.2,0.75,0.46171428571428574,0.6942028051635628,0.8051,0.3362191884519732,0.2750251100201494,2.200773325895542,2.017400036353905,16.98405932355519,17.452716372507712,0.8838447091949967,1.0087000181769525,False,,,,,,,,,,,False
plain,slat,plain + slat,3,0.53,,0.47,0.25,0.2,0.2,0.75,0.47150000000000014,0.7089159524883477,0.8051,0.3433451211280129,0.2750251100201494,2.2078992585715818,2.022388189227133,16.9355221588786,17.424474299443904,0.8867065295468199,1.0111940946135665,False,,,,,,,,,,,False
plain,slat,plain + slat,3,0.54,,0.45999999999999996,0.25,0.2,0.2,0.75,0.4812000000000001,0.7235002255299955,0.8051,0.3504086368755033,0.2750251100201494,2.2149627743190723,2.0273326502503766,16.88741013725028,17.39647960220256,0.8895432828590651,1.0136663251251883,False,,,,,,,,,,,False
plain,slat,plain + slat,3,0.55,,0.44999999999999996,0.25,0.2,0.2,0.75,0.49081428571428587,0.7379556242885067,0.8051,0.35740973569444445,0.2750251100201494,2.221963873138013,2.032233419423635,16.83972325867021,17.368732280783657,0.8923549691317321,1.0161167097118176,False,,,,,,,,,,,False
plain,slat,plain + slat,3,0.56,,0.43999999999999995,0.25,0.2,0.2,0.75,0.5003428571428573,0.7522821487638809,0.8051,0.3643484175848364,0.2750251100201494,2.228902555028405,2.0370904967469095,16.79246152313841,17.34123233518722,0.8951415883648213,1.0185452483734547,False,,,,,,,,,,,False
plain,slat,plain + slat,3,0.5700000000000001,,0.42999999999999994,0.25,0.2,0.2,0.75,0.5097857142857144,0.7664797989561183,0.8051,0.371224682546679,0.2750251100201494,2.235778819990248,2.0419038822201996,16.745624930654877,17.313979765413244,0.8979031405583324,1.0209519411100998,False,,,,,,,,,,,False
plain,slat,plain + slat,3,0.5800000000000001,,0.41999999999999993,0.25,0.2,0.2,0.75,0.5191428571428572,0.780548574865219,0.8051,0.37803853057997233,0.2750251100201494,2.2425926680235415,2.0466735758435046,16.6992134812196,17.286974571461716,0.9006396257122656,1.0233367879217523,False,,,,,,,,,,,False
plain,slat,plain + slat,3,0.5900000000000001,,0.4099999999999999,0.25,0.2,0.2,0.75,0.5284142857142858,0.7944884764911829,0.8051,0.3847899616847165,0.2750251100201494,2.2493440991282854,2.0513995776168255,16.653227174832583,17.260216753332646,0.9033510438266206,1.0256997888084127,False,,,,,,,,,,,False
plain,slat,plain + slat,3,0.6,,0.4,0.25,0.2,0.2,0.75,0.5376000000000001,0.8082995038340098,0.8051,0.39147897586091135,0.2750251100201494,2.25603311330448,2.056081887540162,16.607666011493826,17.233706311026037,0.9060373949013975,1.028040943770081,False,,,,,,,,,,,False
plain,slat,plain + slat,3,0.61,,0.39,0.25,0.2,0.2,0.75,0.5467000000000001,0.8219816568937002,0.8051,0.398105573108557,0.2750251100201494,2.262659710552126,2.060720505613514,16.562529991203338,17.207443244541885,0.9086986789365966,1.030360252806757,False,,,,,,,,,,,False
plain,slat,plain + slat,3,0.62,,0.38,0.25,0.2,0.2,0.75,0.5557142857142858,0.8355349356702537,0.8051,0.40466975342765343,0.2750251100201494,2.2692238908712223,2.0653154318368814,16.517819113961114,17.181427553880184,0.9113348959322177,1.0326577159184407,False,,,,,,,,,,,False
plain,slat,plain + slat,3,0.63,,0.37,0.25,0.2,0.2,0.75,0.5646428571428571,0.8489593401636701,0.8051,0.41117151681820047,0.2750251100201494,2.2757256542617696,2.0698666662102645,16.47353337976715,17.155659239040943,0.9139460458882608,1.0349333331051322,False,,,,,,,,,,,False
plain,slat,plain + slat,3,0.64,,0.36,0.25,0.2,0.2,0.75,0.5734857142857144,0.8622548703739502,0.8051,0.4176108632801984,0.2750251100201494,2.2821650007237673,2.074374208733663,16.429672788621442,17.13013830002416,0.9165321288047257,1.0371871043668315,False,,,,,,,,,,,False
plain,slat,plain + slat,3,0.65,,0.35,0.25,0.2,0.2,0.75,0.5822428571428573,0.8754215263010933,0.8051,0.42398779281364707,0.2750251100201494,2.288541930257216,2.0788380594070768,16.386237340523998,17.10486473682983,0.9190931446816129,1.0394190297035384,False,,,,,,,,,,,False
plain,slat,plain + slat,3,0.66,,0.33999999999999997,0.25,0.2,0.2,0.75,0.5909142857142858,0.8884593079450995,0.8051,0.43030230541854647,0.2750251100201494,2.294856442862115,2.0832582182305064,16.343227035474815,17.079838549457957,0.9216290935189216,1.0416291091152532,False,,,,,,,,,,,False
plain,slat,plain + slat,3,0.67,,0.32999999999999996,0.25,0.2,0.2,0.75,0.5995000000000001,0.9013682153059691,0.8051,0.43655440109489657,0.2750251100201494,2.3011085385384655,2.087634685203952,16.3006418734739,17.05505973790855,0.9241399753166527,1.043817342601976,False,,,,,,,,,,,False
plain,slat,plain + slat,3,0.68,,0.31999999999999995,0.25,0.2,0.2,0.75,0.6080000000000001,0.9141482483837017,0.8051,0.44274407984269737,0.2750251100201494,2.307298217286266,2.091967460327412,16.258481854521243,17.030528302181587,0.9266257900748056,1.045983730163706,False,,,,,,,,,,,False
plain,slat,plain + slat,3,0.6900000000000001,,0.30999999999999994,0.25,0.2,0.2,0.75,0.6164142857142858,0.9267994071782976,0.8051,0.44887134166194903,0.2750251100201494,2.313425479105518,2.096256543600888,16.21674697861685,17.006244242277088,0.9290865377933807,1.048128271800444,False,,,,,,,,,,,False
plain,slat,plain + slat,3,0.7,,0.30000000000000004,0.25,0.2,0.2,0.75,0.6247428571428572,0.9393216916897564,0.8051,0.45493618655265133,0.2750251100201494,2.31949032399622,2.10050193502438,16.175437245760715,16.982207558195046,0.9315222184723775,1.05025096751219,False,,,,,,,,,,,False
plain,slat,plain + slat,3,0.71,,0.29000000000000004,0.25,0.2,0.2,0.75,0.6329857142857144,0.9517151019180788,0.8051,0.4609386145148045,0.2750251100201494,2.3254927519583735,2.1047036345978873,16.13455265595285,16.95841824993546,0.9339328321117965,1.0523518172989437,False,,,,,,,,,,,False
plain,slat,plain + slat,3,0.72,,0.28,0.25,0.2,0.2,0.75,0.6411428571428572,0.9639796378632643,0.8051,0.46687862554840837,0.2750251100201494,2.3314327629919775,2.10886164232141,16.094093209193243,16.93487631749833,0.9363183787116375,1.054430821160705,False,,,,,,,,,,,False
plain,slat,plain + slat,3,0.73,,0.27,0.25,0.2,0.2,0.75,0.6492142857142857,0.976115299525313,0.8051,0.47275621965346293,0.2750251100201494,2.337310357097032,2.112975958194948,16.0540589054819,16.911581760883653,0.9386788582719003,1.056487979097474,False,,,,,,,,,,,False
plain,slat,plain + slat,3,0.74,,0.26,0.25,0.2,0.2,0.75,0.6572,0.9881220869042248,0.8051,0.47857139682996824,0.2750251100201494,2.343125534273537,2.1170465822185016,16.01444974481881,16.88853458009143,0.9410142707925852,1.0585232911092508,False,,,,,,,,,,,False
plain,slat,plain + slat,3,0.75,,0.25,0.25,0.2,0.2,0.75,0.6651000000000001,1.0,0.8051,0.4843241570779245,0.2750251100201494,2.3488782945214934,2.121073514392071,15.97526572720399,16.865734775121673,0.943324616273692,1.0605367571960356,False,,,,,,,,,,,False
split,none,split,1,0.13,,0.87,0.25,0.0,0.12,0.75,0.013214285714285729,0.019868118650256693,0.0,0.009622609818009761,0.0,1.5991516372414292,1.5962648542960263,17.496124847176045,17.519006673566277,0.6422295731893289,0.7981324271480131,False,,,,,,,,,,,False
split,none,split,1,0.13999999999999999,,0.86,0.25,0.0,0.12,0.75,0.026342857142857133,0.03960736301737652,0.0,0.019182802707470244,0.0,1.6087118301308898,1.6029569893186486,17.44001801351907,17.485633243641864,0.6460690080846947,0.8014784946593243,False,,,,,,,,,,,False
split,none,split,1,0.15,,0.85,0.25,0.0,0.12,0.75,0.03938571428571429,0.05921773310135962,0.0,0.028680578668381498,0.0,1.618209606091801,1.6096054324912865,17.38427749216018,17.452477703357868,0.6498833759404823,0.8048027162456433,False,,,,,,,,,,,False
split,none,split,1,0.16,,0.84,0.25,0.0,0.12,0.75,0.05234285714285716,0.07869922890220592,0.0,0.03811593770074351,0.0,1.627644965124163,1.61621018381394,17.32890328309937,17.41954005271429,0.6536726767566918,0.80810509190697,False,,,,,,,,,,,False
split,none,split,1,0.16999999999999998,,0.8300000000000001,0.25,0.0,0.12,0.75,0.06521428571428571,0.09805185041991535,0.0,0.04748887980455623,0.0,1.6370179072279758,1.6227712432866088,17.273895386336655,17.386820291711135,0.6574369105333235,0.8113856216433044,False,,,,,,,,,,,False
split,none,split,1,0.18,,0.8200000000000001,0.25,0.0,0.12,0.75,0.078,0.11727559765448803,0.0,0.05679940497981972,0.0,1.6463284324032392,1.6292886109092932,17.219253801872025,17.354318420348406,0.6611760772703772,0.8146443054546466,False,,,,,,,,,,,False
split,none,split,1,0.19,,0.81,0.25,0.0,0.12,0.75,0.09070000000000003,0.13637047060592394,0.0,0.06604751322653399,0.0,1.6555765406499534,1.6357622866819932,17.164978529705476,17.32203443862609,0.6648901769678527,0.8178811433409966,False,,,,,,,,,,,False
split,none,split,1,0.2,,0.8,0.25,0.0,0.12,0.75,0.10331428571428575,0.155336469274223,0.0,0.07523320454469896,0.0,1.6647622319681186,1.6421922706047087,17.11106956983702,17.289968346544196,0.6685792096257503,0.8210961353023544,False,,,,,,,,,,,False
split,none,split,1,0.21,,0.79,0.25,0.0,0.12,0.75,0.11584285714285718,0.17417359365938528,0.0,0.08435647893431471,0.0,1.6738855063577343,1.6485785626774399,17.057526922266653,17.25812014410273,0.67224317524407,0.8242892813387199,False,,,,,,,,,,,False
split,none,split,1,0.22,,0.78,0.25,0.0,0.12,0.75,0.1282857142857143,0.19288184376141074,0.0,0.09341733639538118,0.0,1.6829463638188007,1.6549211629001863,17.004350586994367,17.226489831301677,0.6758820738228115,0.8274605814500932,False,,,,,,,,,,,False
split,none,split,1,0.22999999999999998,,0.77,0.25,0.0,0.12,0.75,0.14064285714285715,0.2114612195802994,0.0,0.1024157769278984,0.0,1.6919448043513179,1.6612200712729484,16.95154056402017,17.195077408141046,0.679495905361975,0.8306100356364742,False,,,,,,,,,,,False
split,none,split,1,0.24,,0.76,0.25,0.0,0.12,0.75,0.15291428571428572,0.22991172111605127,0.0,0.11135180053186637,0.0,1.7008808279552858,1.667475287795726,16.899096853344062,17.163882874620835,0.6830846698615605,0.833737643897863,False,,,,,,,,,,,False
split,none,split,1,0.25,,0.75,0.25,0.0,0.12,0.75,0.1651,0.2482333483686663,0.0,0.12022540720728508,0.0,1.7097544346307045,1.6736868124685191,16.847019454966038,17.132906230741046,0.686648367321568,0.8368434062342596,False,,,,,,,,,,,False
split,none,split,1,0.26,,0.74,0.25,0.0,0.12,0.75,0.17720000000000002,0.26642610133814465,0.0,0.12903659695415456,0.0,1.718565624377574,1.6798546452913277,16.7953083688861,17.102147476501674,0.6901869977419975,0.8399273226456638,False,,,,,,,,,,,False
split,none,split,1,0.27,,0.73,0.25,0.0,0.12,0.75,0.18921428571428578,0.28448998002448617,0.0,0.13778536977247482,0.0,1.7273143971958944,1.685978786264152,16.743963595104255,17.07160661190273,0.6937005611228491,0.842989393132076,False,,,,,,,,,,,False
split,none,split,1,0.28,,0.72,0.25,0.0,0.12,0.75,0.2011428571428572,0.30242498442769083,0.0,0.14647172566224578,0.0,1.7360007530856654,1.6920592353869917,16.692985133620493,17.041283636944204,0.6971890574641226,0.8460296176934958,False,,,,,,,,,,,False
split,none,split,1,0.29000000000000004,,0.71,0.25,0.0,0.12,0.75,0.21298571428571436,0.3202311145477587,0.0,0.15509566462346752,0.0,1.744624692046887,1.6980959926598467,16.642372984434818,17.01117855162609,0.700652486765818,0.8490479963299233,False,,,,,,,,,,,False
split,none,split,1,0.3,,0.7,0.25,0.0,0.12,0.75,0.2247428571428572,0.33790837038468974,0.0,0.16365718665613993,0.0,1.7531862140795593,1.7040890580827175,16.592127147547227,16.981291355948407,0.7040908490279354,0.8520445290413587,False,,,,,,,,,,,False
split,none,split,1,0.31,,0.69,0.25,0.0,0.12,0.75,0.23641428571428574,0.355456751938484,0.0,0.17215629176026312,0.0,1.7616853191836825,1.7100384316556037,16.542247622957724,16.95162204991114,0.7075041442504748,0.8550192158278018,False,,,,,,,,,,,False
split,none,split,1,0.32,,0.6799999999999999,0.25,0.0,0.12,0.75,0.24800000000000008,0.3728762592091415,0.0,0.18059297993583714,0.0,1.7701220073592567,1.7159441133785056,16.492734410666316,16.922170633514295,0.7108923724334364,0.8579720566892528,False,,,,,,,,,,,False
split,none,split,1,0.32999999999999996,,0.67,0.25,0.0,0.12,0.75,0.2595,0.39016689219666206,0.0,0.18896725118286178,0.0,1.7784962786062812,1.7218061032514227,16.443587510672984,16.89293710675787,0.7142555335768197,0.8609030516257113,False,,,,,,,,,,,False
split,none,split,1,0.33999999999999997,,0.66,0.25,0.0,0.12,0.75,0.2709142857142857,0.407328650901046,0.0,0.19727910550133723,0.0,1.7868081329247567,1.7276244012743556,16.394806922977747,16.863921469641866,0.7175936276806251,0.8638122006371778,False,,,,,,,,,,,False
split,none,split,1,0.35,,0.65,0.25,0.0,0.12,0.75,0.28224285714285713,0.424361535322293,0.0,0.2055285428912634,0.0,1.795057570314683,1.7333990074473038,16.346392647580593,16.83512372216628,0.7209066547448525,0.8666995037236519,False,,,,,,,,,,,False
split,none,split,1,0.36,,0.64,0.25,0.0,0.12,0.75,0.2934857142857143,0.4412655454604033,0.0,0.21371556335264036,0.0,1.80324459077606,1.7391299217702678,16.298344684481528,16.806543864331122,0.7241946147695019,0.8695649608851339,False,,,,,,,,,,,False
split,none,split,1,0.37,,0.63,0.25,0.0,0.12,0.75,0.30464285714285716,0.4580406813153768,0.0,0.22184016688546807,0.0,1.8113691943088877,1.7448171442432472,16.250663033680546,16.778181896136378,0.7274575077545733,0.8724085721216236,False,,,,,,,,,,,False
split,none,split,1,0.38,,0.62,0.25,0.0,0.12,0.75,0.3157142857142858,0.4746869428872135,0.0,0.22990235348974652,0.0,1.8194313809131661,1.7504606748662421,16.203347695177655,16.750037817582054,0.7306953337000667,0.8752303374331211,False,,,,,,,,,,,False
split,none,split,1,0.39,,0.61,0.25,0.0,0.12,0.75,0.32670000000000005,0.49120433017591336,0.0,0.23790212316547574,0.0,1.8274311505888952,1.7560605136392524,16.156398668972844,16.72211162866815,0.7339080926059819,0.8780302568196262,False,,,,,,,,,,,False
split,none,split,1,0.4,,0.6,0.25,0.0,0.12,0.75,0.33760000000000007,0.5075928431814765,0.0,0.24583947591265568,0.0,1.8353685033360752,1.7616166605622785,16.109815955066125,16.69440332939467,0.7370957844723193,0.8808083302811393,False,,,,,,,,,,,False
split,none,split,1,0.41,,0.5900000000000001,0.25,0.0,0.12,0.75,0.3484142857142858,0.5238524819039028,0.0,0.25371441173128634,0.0,1.843243439154706,1.76712911563532,16.063599553457497,16.66691291976161,0.7402584092990786,0.88356455781766,False,,,,,,,,,,,False
split,none,split,1,0.42,,0.5800000000000001,0.25,0.0,0.12,0.75,0.3591428571428572,0.5399832463431922,0.0,0.2615269306213678,0.0,1.8510559580447872,1.772597878858377,16.01774946414695,16.63964039976897,0.7433959670862599,0.8862989394291885,False,,,,,,,,,,,False
split,none,split,1,0.43,,0.5700000000000001,0.25,0.0,0.12,0.75,0.36978571428571433,0.5559851364993449,0.0,0.2692770325829,0.0,1.8588060600063194,1.7780229502314495,15.972265687134493,16.61258576941675,0.7465084578338632,0.8890114751157248,False,,,,,,,,,,,False
split,none,split,1,0.44,,0.56,0.25,0.0,0.12,0.75,0.38034285714285715,0.5718581523723607,0.0,0.2769647176158828,0.0,1.8664937450393024,1.7834043297545374,15.927148222420124,16.585749028704953,0.7495958815418885,0.8917021648772687,False,,,,,,,,,,,False
split,none,split,1,0.45,,0.55,0.25,0.0,0.12,0.75,0.3908142857142857,0.5876022939622397,0.0,0.2845899857203165,0.0,1.874119013143736,1.7887420174276412,15.882397070003838,16.559130177633573,0.7526582382103356,0.8943710087138206,False,,,,,,,,,,,False
split,none,split,1,0.46,,0.54,0.25,0.0,0.12,0.75,0.4012000000000001,0.6032175612689822,0.0,0.29215283689620103,0.0,1.8816818643196205,1.7940360132507602,15.83801222988564,16.532729216202615,0.7556955278392049,0.8970180066253801,False,,,,,,,,,,,False
split,none,split,1,0.47000000000000003,,0.53,0.25,0.0,0.12,0.75,0.41150000000000003,0.6187039542925875,0.0,0.2996532711435361,0.0,1.8891822985669555,1.7992863172238949,15.79399370206553,16.506546144412077,0.7587077504284961,0.8996431586119474,False,,,,,,,,,,,False
split,none,split,1,0.48,,0.52,0.25,0.0,0.12,0.75,0.4217142857142858,0.6340614730330563,0.0,0.3070912884623221,0.0,1.8966203158857415,1.8044929293470449,15.750341486543507,16.48058096226196,0.7616949059782094,0.9022464646735224,False,,,,,,,,,,,False
split,none,split,1,0.49,,0.51,0.25,0.0,0.12,0.75,0.4318428571428572,0.6492901174903881,0.0,0.31446688885255875,0.0,1.9039959162759783,1.8096558496202106,15.70705558331957,16.454833669752265,0.7646569944883447,0.9048279248101053,False,,,,,,,,,,,False
split,none,split,1,0.5,,0.5,0.25,0.0,0.12,0.75,0.4418857142857143,0.6643898876645832,0.0,0.3217800723142461,0.0,1.9113090997376656,1.8147750780433918,15.664135992393717,16.42930426688299,0.7675940159589018,0.9073875390216959,False,,,,,,,,,,,False
split,none,split,1,0.51,,0.49,0.25,0.0,0.12,0.75,0.45184285714285716,0.6793607835556413,0.0,0.32903083884738427,0.0,1.9185598662708037,1.8198506146165885,15.621582713765955,16.403992753654137,0.7705059703898809,0.9099253073082942,False,,,,,,,,,,,False
split,none,split,1,0.52,,0.48,0.25,0.0,0.12,0.75,0.46171428571428574,0.6942028051635628,0.0,0.3362191884519732,0.0,1.9257482158753927,1.8248824593398008,15.579395747436282,16.3788991300657,0.7733928577812821,0.9124412296699004,False,,,,,,,,,,,False
split,none,split,1,0.53,,0.47,0.25,0.0,0.12,0.75,0.47150000000000014,0.7089159524883477,0.0,0.3433451211280129,0.0,1.9328741485514325,1.8298706122130286,15.537575093404692,16.354023396117686,0.7762546781331053,0.9149353061065143,False,,,,,,,,,,,False
split,none,split,1,0.54,,0.45999999999999996,0.25,0.0,0.12,0.75,0.4812000000000001,0.7235002255299955,0.0,0.3504086368755033,0.0,1.9399376642989228,1.8348150732362718,15.496120751671189,16.329365551810096,0.7790914314453504,0.9174075366181359,False,,,,,,,,,,,False
split,none,split,1,0.55,,0.44999999999999996,0.25,0.0,0.12,0.75,0.49081428571428587,0.7379556242885067,0.0,0.35740973569444445,0.0,1.9469387631178638,1.8397158424095306,15.455032722235773,16.30492559714292,0.7819031177180176,0.9198579212047653,False,,,,,,,,,,,False
split,none,split,1,0.56,,0.43999999999999995,0.25,0.0,0.12,0.75,0.5003428571428573,0.7522821487638809,0.0,0.3643484175848364,0.0,1.9538774450082559,1.844572919732805,15.414311005098442,16.280703532116167,0.7846897369511067,0.9222864598664025,False,,,,,,,,,,,False
split,none,split,1,0.5700000000000001,,0.42999999999999994,0.25,0.0,0.12,0.75,0.5097857142857144,0.7664797989561183,0.0,0.371224682546679,0.0,1.9607537099700985,1.8493863052060948,15.373955600259203,16.256699356729836,0.7874512891446178,0.9246931526030474,False,,,,,,,,,,,False
split,none,split,1,0.5800000000000001,,0.41999999999999993,0.25,0.0,0.12,0.75,0.5191428571428572,0.780548574865219,0.0,0.37803853057997233,0.0,1.9675675580033918,1.8541559988294,15.333966507718047,16.232913070983926,0.7901877742985508,0.9270779994147,False,,,,,,,,,,,False
split,none,split,1,0.5900000000000001,,0.4099999999999999,0.25,0.0,0.12,0.75,0.5284142857142858,0.7944884764911829,0.0,0.3847899616847165,0.0,1.974318989108136,1.8588820006027211,15.294343727474983,16.209344674878434,0.792899192412906,0.9294410003013606,False,,,,,,,,,,,False
split,none,split,1,0.6,,0.4,0.25,0.0,0.12,0.75,0.5376000000000001,0.8082995038340098,0.0,0.39147897586091135,0.0,1.981008003284331,1.8635643105260575,15.255087259529999,16.185994168413366,0.7955855434876831,0.9317821552630288,False,,,,,,,,,,,False
split,none,split,1,0.61,,0.39,0.25,0.0,0.12,0.75,0.5467000000000001,0.8219816568937002,0.0,0.398105573108557,0.0,1.9876346005319765,1.8682029285994095,15.216197103883104,16.16286155158872,0.798246827522882,0.9341014642997048,False,,,,,,,,,,,False
split,none,split,1,0.62,,0.38,0.25,0.0,0.12,0.75,0.5557142857142858,0.8355349356702537,0.0,0.40466975342765343,0.0,1.994198780851073,1.8727978548227768,15.177673260534302,16.139946824404486,0.8008830445185031,0.9363989274113884,False,,,,,,,,,,,False
split,none,split,1,0.63,,0.37,0.25,0.0,0.12,0.75,0.5646428571428571,0.8489593401636701,0.0,0.41117151681820047,0.0,2.00070054424162,1.87734908919616,15.139515729483582,16.11724998686068,0.8034941944745461,0.93867454459808,False,,,,,,,,,,,False
split,none,split,1,0.64,,0.36,0.25,0.0,0.12,0.75,0.5734857142857144,0.8622548703739502,0.0,0.4176108632801984,0.0,2.007139890703618,1.8818566317195584,15.101724510730946,16.09477103895729,0.8060802773910112,0.9409283158597792,False,,,,,,,,,,,False
split,none,split,1,0.65,,0.35,0.25,0.0,0.12,0.75,0.5822428571428573,0.8754215263010933,0.0,0.42398779281364707,0.0,2.013516820237067,1.8863204823929725,15.064299604276405,16.072509980694324,0.8086412932678982,0.9431602411964862,False,,,,,,,,,,,False
split,none,split,1,0.66,,0.33999999999999997,0.25,0.0,0.12,0.75,0.5909142857142858,0.8884593079450995,0.0,0.43030230541854647,0.0,2.019831332841966,1.890740641216402,15.027241010119939,16.05046681207178,0.8111772421052071,0.945370320608201,False,,,,,,,,,,,False
split,none,split,1,0.67,,0.32999999999999996,0.25,0.0,0.12,0.75,0.5995000000000001,0.9013682153059691,0.0,0.43655440109489657,0.0,2.0260834285183162,1.895117108189847,14.99054872826157,16.02864153308965,0.8136881239029382,0.9475585540949235,False,,,,,,,,,,,False
split,none,split,1,0.68,,0.31999999999999995,0.25,0.0,0.12,0.75,0.6080000000000001,0.9141482483837017,0.0,0.44274407984269737,0.0,2.032273107266117,1.8994498833133076,14.954222758701285,16.007034143747944,0.816173938661091,0.9497249416566538,False,,,,,,,,,,,False
split,none,split,1,0.6900000000000001,,0.30999999999999994,0.25,0.0,0.12,0.75,0.6164142857142858,0.9267994071782976,0.0,0.44887134166194903,0.0,2.0384003690853687,1.9037389665867839,14.918263101439086,15.985644644046664,0.8186346863796661,0.9518694832933919,False,,,,,,,,,,,False
split,none,split,1,0.7,,0.30000000000000004,0.25,0.0,0.12,0.75,0.6247428571428572,0.9393216916897564,0.0,0.45493618655265133,0.0,2.044465213976071,1.9079843580102755,14.882669756474973,15.9644730339858,0.8210703670586629,0.9539921790051378,False,,,,,,,,,,,False
split,none,split,1,0.71,,0.29000000000000004,0.25,0.0,0.12,0.75,0.6329857142857144,0.9517151019180788,0.0,0.4609386145148045,0.0,2.050467641938224,1.9121860575837826,14.84744272380895,15.943519313565355,0.823480980698082,0.9560930287918913,False,,,,,,,,,,,False
split,none,split,1,0.72,,0.28,0.25,0.0,0.12,0.75,0.6411428571428572,0.9639796378632643,0.0,0.46687862554840837,0.0,2.056407652971828,1.9163440653073054,14.81258200344101,15.922783482785333,0.8258665272979228,0.9581720326536527,False,,,,,,,,,,,False
split,none,split,1,0.73,,0.27,0.25,0.0,0.12,0.75,0.6492142857142857,0.976115299525313,0.0,0.47275621965346293,0.0,2.0622852470768827,1.9204583811808436,14.778087595371165,15.902265541645729,0.8282270068581857,0.9602291905904218,False,,,,,,,,,,,False
split,none,split,1,0.74,,0.26,0.25,0.0,0.12,0.75,0.6572,0.9881220869042248,0.0,0.47857139682996824,0.0,2.068100424253388,1.9245290052043973,14.743959499599397,15.881965490146547,0.8305624193788705,0.9622645026021986,False,,,,,,,,,,,False
split,none,split,1,0.75,,0.25,0.25,0.0,0.12,0.75,0.6651000000000001,1.0,0.0,0.4843241570779245,0.0,2.073853184501344,1.9285559373779666,14.71019771612572,15.861883328287787,0.8328727648599775,0.9642779686889833,False,,,,,,,,,,,False
split,LE flap,split + LE flap,2,0.13,,0.87,0.25,0.15,0.15,0.75,0.013214285714285729,0.019868118650256693,0.8051,0.009622609818009761,0.18677759617863834,1.7859292334200676,1.7270091716210731,19.858809379644825,19.172885846294424,0.7172406559919949,0.8635045858105366,False,,,,,,,,,,,False
split,LE flap,split + LE flap,2,0.13999999999999999,,0.86,0.25,0.15,0.15,0.75,0.026342857142857133,0.03960736301737652,0.8051,0.019182802707470244,0.18677759617863834,1.795489426309528,1.7337013066436955,19.802702545987845,19.139512416370007,0.7210800908873606,0.8668506533218477,False,,,,,,,,,,,False
split,LE flap,split + LE flap,2,0.15,,0.85,0.25,0.15,0.15,0.75,0.03938571428571429,0.05921773310135962,0.8051,0.028680578668381498,0.18677759617863834,1.8049872022704394,1.7403497498163334,19.746962024628957,19.10635687608601,0.7248944587431483,0.8701748749081667,False,,,,,,,,,,,False
split,LE flap,split + LE flap,2,0.16,,0.84,0.25,0.15,0.15,0.75,0.05234285714285716,0.07869922890220592,0.8051,0.03811593770074351,0.18677759617863834,1.8144225613028013,1.7469545011389869,19.69158781556815,19.073419225442436,0.7286837595593579,0.8734772505694934,False,,,,,,,,,,,False
split,LE flap,split + LE flap,2,0.16999999999999998,,0.8300000000000001,0.25,0.15,0.15,0.75,0.06521428571428571,0.09805185041991535,0.8051,0.04748887980455623,0.18677759617863834,1.823795503406614,1.7535155606116557,19.63657991880543,19.04069946443928,0.7324479933359895,0.8767577803058278,False,,,,,,,,,,,False
split,LE flap,split + LE flap,2,0.18,,0.8200000000000001,0.25,0.15,0.15,0.75,0.078,0.11727559765448803,0.8051,0.05679940497981972,0.18677759617863834,1.8331060285818777,1.76003292823434,19.581938334340805,19.00819759307655,0.7361871600730432,0.88001646411717,False,,,,,,,,,,,False
split,LE flap,split + LE flap,2,0.19,,0.81,0.25,0.15,0.15,0.75,0.09070000000000003,0.13637047060592394,0.8051,0.06604751322653399,0.18677759617863834,1.8423541368285918,1.76650660400704,19.527663062174256,18.975913611354237,0.7399012597705188,0.88325330200352,False,,,,,,,,,,,False
split,LE flap,split + LE flap,2,0.2,,0.8,0.25,0.15,0.15,0.75,0.10331428571428575,0.155336469274223,0.8051,0.07523320454469896,0.18677759617863834,1.8515398281467568,1.7729365879297556,19.473754102305797,18.943847519272342,0.7435902924284163,0.8864682939648778,False,,,,,,,,,,,False
split,LE flap,split + LE flap,2,0.21,,0.79,0.25,0.15,0.15,0.75,0.11584285714285718,0.17417359365938528,0.8051,0.08435647893431471,0.18677759617863834,1.8606631025363725,1.7793228800024867,19.42021145473543,18.911999316830876,0.7472542580467358,0.8896614400012434,False,,,,,,,,,,,False
split,LE flap,split + LE flap,2,0.22,,0.78,0.25,0.15,0.15,0.75,0.1282857142857143,0.19288184376141074,0.8051,0.09341733639538118,0.18677759617863834,1.869723959997439,1.7856654802252332,19.367035119463146,18.880369004029824,0.7508931566254774,0.8928327401126166,False,,,,,,,,,,,False
split,LE flap,split + LE flap,2,0.22999999999999998,,0.77,0.25,0.15,0.15,0.75,0.14064285714285715,0.2114612195802994,0.8051,0.1024157769278984,0.18677759617863834,1.8787224005299563,1.7919643885979952,19.31422509648895,18.848956580869192,0.754506988164641,0.8959821942989976,False,,,,,,,,,,,False
split,LE flap,split + LE flap,2,0.24,,0.76,0.25,0.15,0.15,0.75,0.15291428571428572,0.22991172111605127,0.8051,0.11135180053186637,0.18677759617863834,1.8876584241339243,1.7982196051207728,19.261781385812842,18.81776204734898,0.7580957526642266,0.8991098025603864,False,,,,,,,,,,,False
split,LE flap,split + LE flap,2,0.25,,0.75,0.25,0.15,0.15,0.75,0.1651,0.2482333483686663,0.8051,0.12022540720728508,0.18677759617863834,1.896532030809343,1.8044311297935658,19.209703987434818,18.78678540346919,0.7616594501242341,0.9022155648967829,False,,,,,,,,,,,False
split,LE flap,split + LE flap,2,0.26,,0.74,0.25,0.15,0.15,0.75,0.17720000000000002,0.26642610133814465,0.8051,0.12903659695415456,0.18677759617863834,1.9053432205562124,1.8105989626163745,19.15799290135488,18.75602664922982,0.7651980805446635,0.9052994813081873,False,,,,,,,,,,,False
split,LE flap,split + LE flap,2,0.27,,0.73,0.25,0.15,0.15,0.75,0.18921428571428578,0.28448998002448617,0.8051,0.13778536977247482,0.18677759617863834,1.9140919933745326,1.8167231035891986,19.10664812757303,18.725485784630873,0.768711643925515,0.9083615517945993,False,,,,,,,,,,,False
split,LE flap,split + LE flap,2,0.28,,0.72,0.25,0.15,0.15,0.75,0.2011428571428572,0.30242498442769083,0.8051,0.14647172566224578,0.18677759617863834,1.9227783492643036,1.8228035527120383,19.05566966608927,18.695162809672347,0.7722001402667885,0.9114017763560192,False,,,,,,,,,,,False
split,LE flap,split + LE flap,2,0.29000000000000004,,0.71,0.25,0.15,0.15,0.75,0.21298571428571436,0.3202311145477587,0.8051,0.15509566462346752,0.18677759617863834,1.9314022882255255,1.8288403099848936,19.005057516903598,18.665057724354238,0.775663569568484,0.9144201549924468,False,,,,,,,,,,,False
split,LE flap,split + LE flap,2,0.3,,0.7,0.25,0.15,0.15,0.75,0.2247428571428572,0.33790837038468974,0.8051,0.16365718665613993,0.18677759617863834,1.9399638102581978,1.8348333754077641,18.954811680016007,18.63517052867655,0.7791019318306014,0.9174166877038821,False,,,,,,,,,,,False
split,LE flap,split + LE flap,2,0.31,,0.69,0.25,0.15,0.15,0.75,0.23641428571428574,0.355456751938484,0.8051,0.17215629176026312,0.18677759617863834,1.948462915362321,1.8407827489806505,18.904932155426504,18.605501222639287,0.7825152270531409,0.9203913744903253,False,,,,,,,,,,,False
split,LE flap,split + LE flap,2,0.32,,0.6799999999999999,0.25,0.15,0.15,0.75,0.24800000000000008,0.3728762592091415,0.8051,0.18059297993583714,0.18677759617863834,1.956899603537895,1.8466884307035523,18.855418943135092,18.576049806242438,0.7859034552361023,0.9233442153517761,False,,,,,,,,,,,False
split,LE flap,split + LE flap,2,0.32999999999999996,,0.67,0.25,0.15,0.15,0.75,0.2595,0.39016689219666206,0.8051,0.18896725118286178,0.18677759617863834,1.9652738747849197,1.8525504205764696,18.806272043141764,18.546816279486016,0.7892666163794857,0.9262752102882348,False,,,,,,,,,,,False
split,LE flap,split + LE flap,2,0.33999999999999997,,0.66,0.25,0.15,0.15,0.75,0.2709142857142857,0.407328650901046,0.8051,0.19727910550133723,0.18677759617863834,1.9735857291033951,1.8583687185994024,18.757491455446527,18.51780064237001,0.7926047104832912,0.9291843592997012,False,,,,,,,,,,,False
split,LE flap,split + LE flap,2,0.35,,0.65,0.25,0.15,0.15,0.75,0.28224285714285713,0.424361535322293,0.8051,0.2055285428912634,0.18677759617863834,1.9818351664933211,1.8641433247723507,18.70907718004937,18.489002894894426,0.7959177375475185,0.9320716623861753,False,,,,,,,,,,,False
split,LE flap,split + LE flap,2,0.36,,0.64,0.25,0.15,0.15,0.75,0.2934857142857143,0.4412655454604033,0.8051,0.21371556335264036,0.18677759617863834,1.9900221869546981,1.8698742390953145,18.661029216950304,18.460423037059265,0.7992056975721679,0.9349371195476572,False,,,,,,,,,,,False
split,LE flap,split + LE flap,2,0.37,,0.63,0.25,0.15,0.15,0.75,0.30464285714285716,0.4580406813153768,0.8051,0.22184016688546807,0.18677759617863834,1.9981467904875259,1.875561461568294,18.613347566149322,18.43206106886452,0.8024685905572392,0.937780730784147,False,,,,,,,,,,,False
split,LE flap,split + LE flap,2,0.38,,0.62,0.25,0.15,0.15,0.75,0.3157142857142858,0.4746869428872135,0.8051,0.22990235348974652,0.18677759617863834,2.0062089770918043,1.881204992191289,18.56603222764643,18.4039169903102,0.8057064165027326,0.9406024960956445,False,,,,,,,,,,,False
split,LE flap,split + LE flap,2,0.39,,0.61,0.25,0.15,0.15,0.75,0.32670000000000005,0.49120433017591336,0.8051,0.23790212316547574,0.18677759617863834,2.0142087467675336,1.8868048309642993,18.519083201441624,18.375990801396295,0.808919175408648,0.9434024154821496,False,,,,,,,,,,,False
split,LE flap,split + LE flap,2,0.4,,0.6,0.25,0.15,0.15,0.75,0.33760000000000007,0.5075928431814765,0.8051,0.24583947591265568,0.18677759617863834,2.0221460995147136,1.8923609778873254,18.472500487534905,18.348282502122817,0.8121068672749853,0.9461804889436627,False,,,,,,,,,,,False
split,LE flap,split + LE flap,2,0.41,,0.5900000000000001,0.25,0.15,0.15,0.75,0.3484142857142858,0.5238524819039028,0.8051,0.25371441173128634,0.18677759617863834,2.0300210353333443,1.8978734329603668,18.426284085926277,18.320792092489757,0.8152694921017446,0.9489367164801834,False,,,,,,,,,,,False
split,LE flap,split + LE flap,2,0.42,,0.5800000000000001,0.25,0.15,0.15,0.75,0.3591428571428572,0.5399832463431922,0.8051,0.2615269306213678,0.18677759617863834,2.0378335542234254,1.9033421961834238,18.380433996615725,18.293519572497118,0.8184070498889258,0.9516710980917119,False,,,,,,,,,,,False
split,LE flap,split + LE flap,2,0.43,,0.5700000000000001,0.25,0.15,0.15,0.75,0.36978571428571433,0.5559851364993449,0.8051,0.2692770325829,0.18677759617863834,2.0455836561849576,1.9087672675564964,18.33495021960327,18.266464942144896,0.8215195406365291,0.9543836337782482,False,,,,,,,,,,,False
split,LE flap,split + LE flap,2,0.44,,0.56,0.25,0.15,0.15,0.75,0.38034285714285715,0.5718581523723607,0.8051,0.2769647176158828,0.18677759617863834,2.0532713412179406,1.9141486470795843,18.2898327548889,18.239628201433096,0.8246069643445544,0.9570743235397922,False,,,,,,,,,,,False
split,LE flap,split + LE flap,2,0.45,,0.55,0.25,0.15,0.15,0.75,0.3908142857142857,0.5876022939622397,0.8051,0.2845899857203165,0.18677759617863834,2.0608966093223744,1.9194863347526878,18.245081602472617,18.213009350361716,0.8276693210130017,0.9597431673763439,False,,,,,,,,,,,False
split,LE flap,split + LE flap,2,0.46,,0.54,0.25,0.15,0.15,0.75,0.4012000000000001,0.6032175612689822,0.8051,0.29215283689620103,0.18677759617863834,2.068459460498259,1.924780330575807,18.20069676235442,18.18660838893076,0.830706610641871,0.9623901652879036,False,,,,,,,,,,,False
split,LE flap,split + LE flap,2,0.47000000000000003,,0.53,0.25,0.15,0.15,0.75,0.41150000000000003,0.6187039542925875,0.8051,0.2996532711435361,0.18677759617863834,2.075959894745594,1.9300306345489415,18.15667823453431,18.16042531714022,0.8337188332311622,0.9650153172744708,False,,,,,,,,,,,False
split,LE flap,split + LE flap,2,0.48,,0.52,0.25,0.15,0.15,0.75,0.4217142857142858,0.6340614730330563,0.8051,0.3070912884623221,0.18677759617863834,2.08339791206438,1.9352372466720917,18.113026019012285,18.134460134990107,0.8367059887808755,0.9676186233360459,False,,,,,,,,,,,False
split,LE flap,split + LE flap,2,0.49,,0.51,0.25,0.15,0.15,0.75,0.4318428571428572,0.6492901174903881,0.8051,0.31446688885255875,0.18677759617863834,2.0907735124546165,1.9404001669452575,18.069740115788345,18.10871284248041,0.8396680772910106,0.9702000834726288,False,,,,,,,,,,,False
split,LE flap,split + LE flap,2,0.5,,0.5,0.25,0.15,0.15,0.75,0.4418857142857143,0.6643898876645832,0.8051,0.3217800723142461,0.18677759617863834,2.098086695916304,1.9455193953684387,18.026820524862497,18.083183439611133,0.8426050987615679,0.9727596976842193,False,,,,,,,,,,,False
split,LE flap,split + LE flap,2,0.51,,0.49,0.25,0.15,0.15,0.75,0.45184285714285716,0.6793607835556413,0.8051,0.32903083884738427,0.18677759617863834,2.105337462449442,1.9505949319416354,17.984267246234733,18.057871926382283,0.8455170531925469,0.9752974659708177,False,,,,,,,,,,,False
split,LE flap,split + LE flap,2,0.52,,0.48,0.25,0.15,0.15,0.75,0.46171428571428574,0.6942028051635628,0.8051,0.3362191884519732,0.18677759617863834,2.112525812054031,1.9556267766648476,17.942080279905056,18.032778302793847,0.8484039405839481,0.9778133883324238,False,,,,,,,,,,,False
split,LE flap,split + LE flap,2,0.53,,0.47,0.25,0.15,0.15,0.75,0.47150000000000014,0.7089159524883477,0.8051,0.3433451211280129,0.18677759617863834,2.1196517447300707,1.9606149295380755,17.900259625873467,18.007902568845832,0.8512657609357713,0.9803074647690377,False,,,,,,,,,,,False
split,LE flap,split + LE flap,2,0.54,,0.45999999999999996,0.25,0.15,0.15,0.75,0.4812000000000001,0.7235002255299955,0.8051,0.3504086368755033,0.18677759617863834,2.126715260477561,1.9655593905613187,17.85880528413997,17.983244724538242,0.8541025142480165,0.9827796952806593,False,,,,,,,,,,,False
split,LE flap,split + LE flap,2,0.55,,0.44999999999999996,0.25,0.15,0.15,0.75,0.49081428571428587,0.7379556242885067,0.8051,0.35740973569444445,0.18677759617863834,2.1337163592965025,1.9704601597345774,17.817717254704554,17.958804769871065,0.8569142005206837,0.9852300798672887,False,,,,,,,,,,,False
split,LE flap,split + LE flap,2,0.56,,0.43999999999999995,0.25,0.15,0.15,0.75,0.5003428571428573,0.7522821487638809,0.8051,0.3643484175848364,0.18677759617863834,2.140655041186894,1.9753172370578518,17.77699553756722,17.93458270484431,0.8597008197537727,0.9876586185289259,False,,,,,,,,,,,False
split,LE flap,split + LE flap,2,0.5700000000000001,,0.42999999999999994,0.25,0.15,0.15,0.75,0.5097857142857144,0.7664797989561183,0.8051,0.371224682546679,0.18677759617863834,2.147531306148737,1.9801306225311417,17.73664013272798,17.910578529457982,0.8624623719472838,0.9900653112655708,False,,,,,,,,,,,False
split,LE flap,split + LE flap,2,0.5800000000000001,,0.41999999999999993,0.25,0.15,0.15,0.75,0.5191428571428572,0.780548574865219,0.8051,0.37803853057997233,0.18677759617863834,2.15434515418203,1.984900316154447,17.696651040186826,17.88679224371207,0.8651988571012168,0.9924501580772235,False,,,,,,,,,,,False
split,LE flap,split + LE flap,2,0.5900000000000001,,0.4099999999999999,0.25,0.15,0.15,0.75,0.5284142857142858,0.7944884764911829,0.8051,0.3847899616847165,0.18677759617863834,2.1610965852867743,1.989626317927768,17.657028259943758,17.86322384760658,0.867910275215572,0.994813158963884,False,,,,,,,,,,,False
split,LE flap,split + LE flap,2,0.6,,0.4,0.25,0.15,0.15,0.75,0.5376000000000001,0.8082995038340098,0.8051,0.39147897586091135,0.18677759617863834,2.1677855994629693,1.9943086278511042,17.617771791998777,17.83987334114151,0.8705966262903491,0.9971543139255521,False,,,,,,,,,,,False
split,LE flap,split + LE flap,2,0.61,,0.39,0.25,0.15,0.15,0.75,0.5467000000000001,0.8219816568937002,0.8051,0.398105573108557,0.18677759617863834,2.1744121967106147,1.9989472459244562,17.578881636351884,17.816740724316862,0.873257910325548,0.9994736229622281,False,,,,,,,,,,,False
split,LE flap,split + LE flap,2,0.62,,0.38,0.25,0.15,0.15,0.75,0.5557142857142858,0.8355349356702537,0.8051,0.40466975342765343,0.18677759617863834,2.1809763770297113,2.0035421721478235,17.54035779300308,17.79382599713263,0.8758941273211691,1.0017710860739117,False,,,,,,,,,,,False
split,LE flap,split + LE flap,2,0.63,,0.37,0.25,0.15,0.15,0.75,0.5646428571428571,0.8489593401636701,0.8051,0.41117151681820047,0.18677759617863834,2.187478140420258,2.0080934065212066,17.502200261952357,17.771129159588824,0.8785052772772121,1.0040467032606033,False,,,,,,,,,,,False
split,LE flap,split + LE flap,2,0.64,,0.36,0.25,0.15,0.15,0.75,0.5734857142857144,0.8622548703739502,0.8051,0.4176108632801984,0.18677759617863834,2.193917486882256,2.012600949044605,17.464409043199726,17.748650211685433,0.8810913601936771,1.0063004745223025,False,,,,,,,,,,,False
split,LE flap,split + LE flap,2,0.65,,0.35,0.25,0.15,0.15,0.75,0.5822428571428573,0.8754215263010933,0.8051,0.42398779281364707,0.18677759617863834,2.200294416415705,2.0170647997180193,17.42698413674518,17.726389153422467,0.8836523760705641,1.0085323998590097,False,,,,,,,,,,,False
split,LE flap,split + LE flap,2,0.66,,0.33999999999999997,0.25,0.15,0.15,0.75,0.5909142857142858,0.8884593079450995,0.8051,0.43030230541854647,0.18677759617863834,2.2066089290206046,2.021484958541449,17.38992554258872,17.70434598479992,0.8861883249078732,1.0107424792707245,False,,,,,,,,,,,False
split,LE flap,split + LE flap,2,0.67,,0.32999999999999996,0.25,0.15,0.15,0.75,0.5995000000000001,0.9013682153059691,0.8051,0.43655440109489657,0.18677759617863834,2.2128610246969544,2.025861425514894,17.353233260730345,17.682520705817797,0.8886992067056041,1.012930712757447,False,,,,,,,,,,,False
split,LE flap,split + LE flap,2,0.68,,0.31999999999999995,0.25,0.15,0.15,0.75,0.6080000000000001,0.9141482483837017,0.8051,0.44274407984269737,0.18677759617863834,2.219050703444755,2.0301942006383547,17.31690729117006,17.660913316476094,0.891185021463757,1.0150971003191773,False,,,,,,,,,,,False
split,LE flap,split + LE flap,2,0.6900000000000001,,0.30999999999999994,0.25,0.15,0.15,0.75,0.6164142857142858,0.9267994071782976,0.8051,0.44887134166194903,0.18677759617863834,2.225177965264007,2.0344832839118308,17.28094763390786,17.63952381677481,0.893645769182332,1.0172416419559154,False,,,,,,,,,,,False
split,LE flap,split + LE flap,2,0.7,,0.30000000000000004,0.25,0.15,0.15,0.75,0.6247428571428572,0.9393216916897564,0.8051,0.45493618655265133,0.18677759617863834,2.231242810154709,2.038728675335322,17.245354288943748,17.618352206713944,0.8960814498613289,1.019364337667661,False,,,,,,,,,,,False
split,LE flap,split + LE flap,2,0.71,,0.29000000000000004,0.25,0.15,0.15,0.75,0.6329857142857144,0.9517151019180788,0.8051,0.4609386145148045,0.18677759617863834,2.2372452381168624,2.0429303749088294,17.21012725627773,17.5973984862935,0.8984920635007478,1.0214651874544147,False,,,,,,,,,,,False
split,LE flap,split + LE flap,2,0.72,,0.28,0.25,0.15,0.15,0.75,0.6411428571428572,0.9639796378632643,0.8051,0.46687862554840837,0.18677759617863834,2.243185249150466,2.047088382632352,17.175266535909785,17.576662655513474,0.9008776101005886,1.023544191316176,False,,,,,,,,,,,False
split,LE flap,split + LE flap,2,0.73,,0.27,0.25,0.15,0.15,0.75,0.6492142857142857,0.976115299525313,0.8051,0.47275621965346293,0.18677759617863834,2.249062843255521,2.0512026985058904,17.14077212783994,17.556144714373875,0.9032380896608517,1.0256013492529452,False,,,,,,,,,,,False
split,LE flap,split + LE flap,2,0.74,,0.26,0.25,0.15,0.15,0.75,0.6572,0.9881220869042248,0.8051,0.47857139682996824,0.18677759617863834,2.254878020432026,2.055273322529444,17.10664403206817,17.53584466287469,0.9055735021815364,1.027636661264722,False,,,,,,,,,,,False
split,LE flap,split + LE flap,2,0.75,,0.25,0.25,0.15,0.15,0.75,0.6651000000000001,1.0,0.8051,0.4843241570779245,0.18677759617863834,2.2606307806799824,2.0593002547030137,17.0728822485945,17.51576250101593,0.9078838476626434,1.0296501273515068,False,,,,,,,,,,,False
split,Krueger,split + Krueger,3,0.13,,0.87,0.25,0.15,0.15,0.75,0.013214285714285729,0.019868118650256693,0.8051,0.009622609818009761,0.18677759617863834,1.7859292334200676,1.7270091716210731,19.858809379644825,19.172885846294424,0.7172406559919949,0.8635045858105366,False,,,,,,,,,,,False
split,Krueger,split + Krueger,3,0.13999999999999999,,0.86,0.25,0.15,0.15,0.75,0.026342857142857133,0.03960736301737652,0.8051,0.019182802707470244,0.18677759617863834,1.795489426309528,1.7337013066436955,19.802702545987845,19.139512416370007,0.7210800908873606,0.8668506533218477,False,,,,,,,,,,,False
split,Krueger,split + Krueger,3,0.15,,0.85,0.25,0.15,0.15,0.75,0.03938571428571429,0.05921773310135962,0.8051,0.028680578668381498,0.18677759617863834,1.8049872022704394,1.7403497498163334,19.746962024628957,19.10635687608601,0.7248944587431483,0.8701748749081667,False,,,,,,,,,,,False
split,Krueger,split + Krueger,3,0.16,,0.84,0.25,0.15,0.15,0.75,0.05234285714285716,0.07869922890220592,0.8051,0.03811593770074351,0.18677759617863834,1.8144225613028013,1.7469545011389869,19.69158781556815,19.073419225442436,0.7286837595593579,0.8734772505694934,False,,,,,,,,,,,False
split,Krueger,split + Krueger,3,0.16999999999999998,,0.8300000000000001,0.25,0.15,0.15,0.75,0.06521428571428571,0.09805185041991535,0.8051,0.04748887980455623,0.18677759617863834,1.823795503406614,1.7535155606116557,19.63657991880543,19.04069946443928,0.7324479933359895,0.8767577803058278,False,,,,,,,,,,,False
split,Krueger,split + Krueger,3,0.18,,0.8200000000000001,0.25,0.15,0.15,0.75,0.078,0.11727559765448803,0.8051,0.05679940497981972,0.18677759617863834,1.8331060285818777,1.76003292823434,19.581938334340805,19.00819759307655,0.7361871600730432,0.88001646411717,False,,,,,,,,,,,False
split,Krueger,split + Krueger,3,0.19,,0.81,0.25,0.15,0.15,0.75,0.09070000000000003,0.13637047060592394,0.8051,0.06604751322653399,0.18677759617863834,1.8423541368285918,1.76650660400704,19.527663062174256,18.975913611354237,0.7399012597705188,0.88325330200352,False,,,,,,,,,,,False
split,Krueger,split + Krueger,3,0.2,,0.8,0.25,0.15,0.15,0.75,0.10331428571428575,0.155336469274223,0.8051,0.07523320454469896,0.18677759617863834,1.8515398281467568,1.7729365879297556,19.473754102305797,18.943847519272342,0.7435902924284163,0.8864682939648778,False,,,,,,,,,,,False
split,Krueger,split + Krueger,3,0.21,,0.79,0.25,0.15,0.15,0.75,0.11584285714285718,0.17417359365938528,0.8051,0.08435647893431471,0.18677759617863834,1.8606631025363725,1.7793228800024867,19.42021145473543,18.911999316830876,0.7472542580467358,0.8896614400012434,False,,,,,,,,,,,False
split,Krueger,split + Krueger,3,0.22,,0.78,0.25,0.15,0.15,0.75,0.1282857142857143,0.19288184376141074,0.8051,0.09341733639538118,0.18677759617863834,1.869723959997439,1.7856654802252332,19.367035119463146,18.880369004029824,0.7508931566254774,0.8928327401126166,False,,,,,,,,,,,False
split,Krueger,split + Krueger,3,0.22999999999999998,,0.77,0.25,0.15,0.15,0.75,0.14064285714285715,0.2114612195802994,0.8051,0.1024157769278984,0.18677759617863834,1.8787224005299563,1.7919643885979952,19.31422509648895,18.848956580869192,0.754506988164641,0.8959821942989976,False,,,,,,,,,,,False
split,Krueger,split + Krueger,3,0.24,,0.76,0.25,0.15,0.15,0.75,0.15291428571428572,0.22991172111605127,0.8051,0.11135180053186637,0.18677759617863834,1.8876584241339243,1.7982196051207728,19.261781385812842,18.81776204734898,0.7580957526642266,0.8991098025603864,False,,,,,,,,,,,False
split,Krueger,split + Krueger,3,0.25,,0.75,0.25,0.15,0.15,0.75,0.1651,0.2482333483686663,0.8051,0.12022540720728508,0.18677759617863834,1.896532030809343,1.8044311297935658,19.209703987434818,18.78678540346919,0.7616594501242341,0.9022155648967829,False,,,,,,,,,,,False
split,Krueger,split + Krueger,3,0.26,,0.74,0.25,0.15,0.15,0.75,0.17720000000000002,0.26642610133814465,0.8051,0.12903659695415456,0.18677759617863834,1.9053432205562124,1.8105989626163745,19.15799290135488,18.75602664922982,0.7651980805446635,0.9052994813081873,False,,,,,,,,,,,False
split,Krueger,split + Krueger,3,0.27,,0.73,0.25,0.15,0.15,0.75,0.18921428571428578,0.28448998002448617,0.8051,0.13778536977247482,0.18677759617863834,1.9140919933745326,1.8167231035891986,19.10664812757303,18.725485784630873,0.768711643925515,0.9083615517945993,False,,,,,,,,,,,False
split,Krueger,split + Krueger,3,0.28,,0.72,0.25,0.15,0.15,0.75,0.2011428571428572,0.30242498442769083,0.8051,0.14647172566224578,0.18677759617863834,1.9227783492643036,1.8228035527120383,19.05566966608927,18.695162809672347,0.7722001402667885,0.9114017763560192,False,,,,,,,,,,,False
split,Krueger,split + Krueger,3,0.29000000000000004,,0.71,0.25,0.15,0.15,0.75,0.21298571428571436,0.3202311145477587,0.8051,0.15509566462346752,0.18677759617863834,1.9314022882255255,1.8288403099848936,19.005057516903598,18.665057724354238,0.775663569568484,0.9144201549924468,False,,,,,,,,,,,False
split,Krueger,split + Krueger,3,0.3,,0.7,0.25,0.15,0.15,0.75,0.2247428571428572,0.33790837038468974,0.8051,0.16365718665613993,0.18677759617863834,1.9399638102581978,1.8348333754077641,18.954811680016007,18.63517052867655,0.7791019318306014,0.9174166877038821,False,,,,,,,,,,,False
split,Krueger,split + Krueger,3,0.31,,0.69,0.25,0.15,0.15,0.75,0.23641428571428574,0.355456751938484,0.8051,0.17215629176026312,0.18677759617863834,1.948462915362321,1.8407827489806505,18.904932155426504,18.605501222639287,0.7825152270531409,0.9203913744903253,False,,,,,,,,,,,False
split,Krueger,split + Krueger,3,0.32,,0.6799999999999999,0.25,0.15,0.15,0.75,0.24800000000000008,0.3728762592091415,0.8051,0.18059297993583714,0.18677759617863834,1.956899603537895,1.8466884307035523,18.855418943135092,18.576049806242438,0.7859034552361023,0.9233442153517761,False,,,,,,,,,,,False
split,Krueger,split + Krueger,3,0.32999999999999996,,0.67,0.25,0.15,0.15,0.75,0.2595,0.39016689219666206,0.8051,0.18896725118286178,0.18677759617863834,1.9652738747849197,1.8525504205764696,18.806272043141764,18.546816279486016,0.7892666163794857,0.9262752102882348,False,,,,,,,,,,,False
split,Krueger,split + Krueger,3,0.33999999999999997,,0.66,0.25,0.15,0.15,0.75,0.2709142857142857,0.407328650901046,0.8051,0.19727910550133723,0.18677759617863834,1.9735857291033951,1.8583687185994024,18.757491455446527,18.51780064237001,0.7926047104832912,0.9291843592997012,False,,,,,,,,,,,False
split,Krueger,split + Krueger,3,0.35,,0.65,0.25,0.15,0.15,0.75,0.28224285714285713,0.424361535322293,0.8051,0.2055285428912634,0.18677759617863834,1.9818351664933211,1.8641433247723507,18.70907718004937,18.489002894894426,0.7959177375475185,0.9320716623861753,False,,,,,,,,,,,False
split,Krueger,split + Krueger,3,0.36,,0.64,0.25,0.15,0.15,0.75,0.2934857142857143,0.4412655454604033,0.8051,0.21371556335264036,0.18677759617863834,1.9900221869546981,1.8698742390953145,18.661029216950304,18.460423037059265,0.7992056975721679,0.9349371195476572,False,,,,,,,,,,,False
split,Krueger,split + Krueger,3,0.37,,0.63,0.25,0.15,0.15,0.75,0.30464285714285716,0.4580406813153768,0.8051,0.22184016688546807,0.18677759617863834,1.9981467904875259,1.875561461568294,18.613347566149322,18.43206106886452,0.8024685905572392,0.937780730784147,False,,,,,,,,,,,False
split,Krueger,split + Krueger,3,0.38,,0.62,0.25,0.15,0.15,0.75,0.3157142857142858,0.4746869428872135,0.8051,0.22990235348974652,0.18677759617863834,2.0062089770918043,1.881204992191289,18.56603222764643,18.4039169903102,0.8057064165027326,0.9406024960956445,False,,,,,,,,,,,False
split,Krueger,split + Krueger,3,0.39,,0.61,0.25,0.15,0.15,0.75,0.32670000000000005,0.49120433017591336,0.8051,0.23790212316547574,0.18677759617863834,2.0142087467675336,1.8868048309642993,18.519083201441624,18.375990801396295,0.808919175408648,0.9434024154821496,False,,,,,,,,,,,False
split,Krueger,split + Krueger,3,0.4,,0.6,0.25,0.15,0.15,0.75,0.33760000000000007,0.5075928431814765,0.8051,0.24583947591265568,0.18677759617863834,2.0221460995147136,1.8923609778873254,18.472500487534905,18.348282502122817,0.8121068672749853,0.9461804889436627,False,,,,,,,,,,,False
split,Krueger,split + Krueger,3,0.41,,0.5900000000000001,0.25,0.15,0.15,0.75,0.3484142857142858,0.5238524819039028,0.8051,0.25371441173128634,0.18677759617863834,2.0300210353333443,1.8978734329603668,18.426284085926277,18.320792092489757,0.8152694921017446,0.9489367164801834,False,,,,,,,,,,,False
split,Krueger,split + Krueger,3,0.42,,0.5800000000000001,0.25,0.15,0.15,0.75,0.3591428571428572,0.5399832463431922,0.8051,0.2615269306213678,0.18677759617863834,2.0378335542234254,1.9033421961834238,18.380433996615725,18.293519572497118,0.8184070498889258,0.9516710980917119,False,,,,,,,,,,,False
split,Krueger,split + Krueger,3,0.43,,0.5700000000000001,0.25,0.15,0.15,0.75,0.36978571428571433,0.5559851364993449,0.8051,0.2692770325829,0.18677759617863834,2.0455836561849576,1.9087672675564964,18.33495021960327,18.266464942144896,0.8215195406365291,0.9543836337782482,False,,,,,,,,,,,False
split,Krueger,split + Krueger,3,0.44,,0.56,0.25,0.15,0.15,0.75,0.38034285714285715,0.5718581523723607,0.8051,0.2769647176158828,0.18677759617863834,2.0532713412179406,1.9141486470795843,18.2898327548889,18.239628201433096,0.8246069643445544,0.9570743235397922,False,,,,,,,,,,,False
split,Krueger,split + Krueger,3,0.45,,0.55,0.25,0.15,0.15,0.75,0.3908142857142857,0.5876022939622397,0.8051,0.2845899857203165,0.18677759617863834,2.0608966093223744,1.9194863347526878,18.245081602472617,18.213009350361716,0.8276693210130017,0.9597431673763439,False,,,,,,,,,,,False
split,Krueger,split + Krueger,3,0.46,,0.54,0.25,0.15,0.15,0.75,0.4012000000000001,0.6032175612689822,0.8051,0.29215283689620103,0.18677759617863834,2.068459460498259,1.924780330575807,18.20069676235442,18.18660838893076,0.830706610641871,0.9623901652879036,False,,,,,,,,,,,False
split,Krueger,split + Krueger,3,0.47000000000000003,,0.53,0.25,0.15,0.15,0.75,0.41150000000000003,0.6187039542925875,0.8051,0.2996532711435361,0.18677759617863834,2.075959894745594,1.9300306345489415,18.15667823453431,18.16042531714022,0.8337188332311622,0.9650153172744708,False,,,,,,,,,,,False
split,Krueger,split + Krueger,3,0.48,,0.52,0.25,0.15,0.15,0.75,0.4217142857142858,0.6340614730330563,0.8051,0.3070912884623221,0.18677759617863834,2.08339791206438,1.9352372466720917,18.113026019012285,18.134460134990107,0.8367059887808755,0.9676186233360459,False,,,,,,,,,,,False
split,Krueger,split + Krueger,3,0.49,,0.51,0.25,0.15,0.15,0.75,0.4318428571428572,0.6492901174903881,0.8051,0.31446688885255875,0.18677759617863834,2.0907735124546165,1.9404001669452575,18.069740115788345,18.10871284248041,0.8396680772910106,0.9702000834726288,False,,,,,,,,,,,False
split,Krueger,split + Krueger,3,0.5,,0.5,0.25,0.15,0.15,0.75,0.4418857142857143,0.6643898876645832,0.8051,0.3217800723142461,0.18677759617863834,2.098086695916304,1.9455193953684387,18.026820524862497,18.083183439611133,0.8426050987615679,0.9727596976842193,False,,,,,,,,,,,False
split,Krueger,split + Krueger,3,0.51,,0.49,0.25,0.15,0.15,0.75,0.45184285714285716,0.6793607835556413,0.8051,0.32903083884738427,0.18677759617863834,2.105337462449442,1.9505949319416354,17.984267246234733,18.057871926382283,0.8455170531925469,0.9752974659708177,False,,,,,,,,,,,False
split,Krueger,split + Krueger,3,0.52,,0.48,0.25,0.15,0.15,0.75,0.46171428571428574,0.6942028051635628,0.8051,0.3362191884519732,0.18677759617863834,2.112525812054031,1.9556267766648476,17.942080279905056,18.032778302793847,0.8484039405839481,0.9778133883324238,False,,,,,,,,,,,False
split,Krueger,split + Krueger,3,0.53,,0.47,0.25,0.15,0.15,0.75,0.47150000000000014,0.7089159524883477,0.8051,0.3433451211280129,0.18677759617863834,2.1196517447300707,1.9606149295380755,17.900259625873467,18.007902568845832,0.8512657609357713,0.9803074647690377,False,,,,,,,,,,,False
split,Krueger,split + Krueger,3,0.54,,0.45999999999999996,0.25,0.15,0.15,0.75,0.4812000000000001,0.7235002255299955,0.8051,0.3504086368755033,0.18677759617863834,2.126715260477561,1.9655593905613187,17.85880528413997,17.983244724538242,0.8541025142480165,0.9827796952806593,False,,,,,,,,,,,False
split,Krueger,split + Krueger,3,0.55,,0.44999999999999996,0.25,0.15,0.15,0.75,0.49081428571428587,0.7379556242885067,0.8051,0.35740973569444445,0.18677759617863834,2.1337163592965025,1.9704601597345774,17.817717254704554,17.958804769871065,0.8569142005206837,0.9852300798672887,False,,,,,,,,,,,False
split,Krueger,split + Krueger,3,0.56,,0.43999999999999995,0.25,0.15,0.15,0.75,0.5003428571428573,0.7522821487638809,0.8051,0.3643484175848364,0.18677759617863834,2.140655041186894,1.9753172370578518,17.77699553756722,17.93458270484431,0.8597008197537727,0.9876586185289259,False,,,,,,,,,,,False
split,Krueger,split + Krueger,3,0.5700000000000001,,0.42999999999999994,0.25,0.15,0.15,0.75,0.5097857142857144,0.7664797989561183,0.8051,0.371224682546679,0.18677759617863834,2.147531306148737,1.9801306225311417,17.73664013272798,17.910578529457982,0.8624623719472838,0.9900653112655708,False,,,,,,,,,,,False
split,Krueger,split + Krueger,3,0.5800000000000001,,0.41999999999999993,0.25,0.15,0.15,0.75,0.5191428571428572,0.780548574865219,0.8051,0.37803853057997233,0.18677759617863834,2.15434515418203,1.984900316154447,17.696651040186826,17.88679224371207,0.8651988571012168,0.9924501580772235,False,,,,,,,,,,,False
split,Krueger,split + Krueger,3,0.5900000000000001,,0.4099999999999999,0.25,0.15,0.15,0.75,0.5284142857142858,0.7944884764911829,0.8051,0.3847899616847165,0.18677759617863834,2.1610965852867743,1.989626317927768,17.657028259943758,17.86322384760658,0.867910275215572,0.994813158963884,False,,,,,,,,,,,False
split,Krueger,split + Krueger,3,0.6,,0.4,0.25,0.15,0.15,0.75,0.5376000000000001,0.8082995038340098,0.8051,0.39147897586091135,0.18677759617863834,2.1677855994629693,1.9943086278511042,17.617771791998777,17.83987334114151,0.8705966262903491,0.9971543139255521,False,,,,,,,,,,,False
split,Krueger,split + Krueger,3,0.61,,0.39,0.25,0.15,0.15,0.75,0.5467000000000001,0.8219816568937002,0.8051,0.398105573108557,0.18677759617863834,2.1744121967106147,1.9989472459244562,17.578881636351884,17.816740724316862,0.873257910325548,0.9994736229622281,False,,,,,,,,,,,False
split,Krueger,split + Krueger,3,0.62,,0.38,0.25,0.15,0.15,0.75,0.5557142857142858,0.8355349356702537,0.8051,0.40466975342765343,0.18677759617863834,2.1809763770297113,2.0035421721478235,17.54035779300308,17.79382599713263,0.8758941273211691,1.0017710860739117,False,,,,,,,,,,,False
split,Krueger,split + Krueger,3,0.63,,0.37,0.25,0.15,0.15,0.75,0.5646428571428571,0.8489593401636701,0.8051,0.41117151681820047,0.18677759617863834,2.187478140420258,2.0080934065212066,17.502200261952357,17.771129159588824,0.8785052772772121,1.0040467032606033,False,,,,,,,,,,,False
split,Krueger,split + Krueger,3,0.64,,0.36,0.25,0.15,0.15,0.75,0.5734857142857144,0.8622548703739502,0.8051,0.4176108632801984,0.18677759617863834,2.193917486882256,2.012600949044605,17.464409043199726,17.748650211685433,0.8810913601936771,1.0063004745223025,False,,,,,,,,,,,False
split,Krueger,split + Krueger,3,0.65,,0.35,0.25,0.15,0.15,0.75,0.5822428571428573,0.8754215263010933,0.8051,0.42398779281364707,0.18677759617863834,2.200294416415705,2.0170647997180193,17.42698413674518,17.726389153422467,0.8836523760705641,1.0085323998590097,False,,,,,,,,,,,False
split,Krueger,split + Krueger,3,0.66,,0.33999999999999997,0.25,0.15,0.15,0.75,0.5909142857142858,0.8884593079450995,0.8051,0.43030230541854647,0.18677759617863834,2.2066089290206046,2.021484958541449,17.38992554258872,17.70434598479992,0.8861883249078732,1.0107424792707245,False,,,,,,,,,,,False
split,Krueger,split + Krueger,3,0.67,,0.32999999999999996,0.25,0.15,0.15,0.75,0.5995000000000001,0.9013682153059691,0.8051,0.43655440109489657,0.18677759617863834,2.2128610246969544,2.025861425514894,17.353233260730345,17.682520705817797,0.8886992067056041,1.012930712757447,False,,,,,,,,,,,False
split,Krueger,split + Krueger,3,0.68,,0.31999999999999995,0.25,0.15,0.15,0.75,0.6080000000000001,0.9141482483837017,0.8051,0.44274407984269737,0.18677759617863834,2.219050703444755,2.0301942006383547,17.31690729117006,17.660913316476094,0.891185021463757,1.0150971003191773,False,,,,,,,,,,,False
split,Krueger,split + Krueger,3,0.6900000000000001,,0.30999999999999994,0.25,0.15,0.15,0.75,0.6164142857142858,0.9267994071782976,0.8051,0.44887134166194903,0.18677759617863834,2.225177965264007,2.0344832839118308,17.28094763390786,17.63952381677481,0.893645769182332,1.0172416419559154,False,,,,,,,,,,,False
split,Krueger,split + Krueger,3,0.7,,0.30000000000000004,0.25,0.15,0.15,0.75,0.6247428571428572,0.9393216916897564,0.8051,0.45493618655265133,0.18677759617863834,2.231242810154709,2.038728675335322,17.245354288943748,17.618352206713944,0.8960814498613289,1.019364337667661,False,,,,,,,,,,,False
split,Krueger,split + Krueger,3,0.71,,0.29000000000000004,0.25,0.15,0.15,0.75,0.6329857142857144,0.9517151019180788,0.8051,0.4609386145148045,0.18677759617863834,2.2372452381168624,2.0429303749088294,17.21012725627773,17.5973984862935,0.8984920635007478,1.0214651874544147,False,,,,,,,,,,,False
split,Krueger,split + Krueger,3,0.72,,0.28,0.25,0.15,0.15,0.75,0.6411428571428572,0.9639796378632643,0.8051,0.46687862554840837,0.18677759617863834,2.243185249150466,2.047088382632352,17.175266535909785,17.576662655513474,0.9008776101005886,1.023544191316176,False,,,,,,,,,,,False
split,Krueger,split + Krueger,3,0.73,,0.27,0.25,0.15,0.15,0.75,0.6492142857142857,0.976115299525313,0.8051,0.47275621965346293,0.18677759617863834,2.249062843255521,2.0512026985058904,17.14077212783994,17.556144714373875,0.9032380896608517,1.0256013492529452,False,,,,,,,,,,,False
split,Krueger,split + Krueger,3,0.74,,0.26,0.25,0.15,0.15,0.75,0.6572,0.9881220869042248,0.8051,0.47857139682996824,0.18677759617863834,2.254878020432026,2.055273322529444,17.10664403206817,17.53584466287469,0.9055735021815364,1.027636661264722,False,,,,,,,,,,,False
split,Krueger,split + Krueger,3,0.75,,0.25,0.25,0.15,0.15,0.75,0.6651000000000001,1.0,0.8051,0.4843241570779245,0.18677759617863834,2.2606307806799824,2.0593002547030137,17.0728822485945,17.51576250101593,0.9078838476626434,1.0296501273515068,False,,,,,,,,,,,False
split,slat,split + slat,3,0.13,,0.87,0.25,0.2,0.2,0.75,0.013214285714285729,0.019868118650256693,0.8051,0.009622609818009761,0.2750251100201494,1.8741767472615787,1.788782431310131,19.20862032358652,18.747110363512476,0.7526814246030435,0.8943912156550655,False,,,,,,,,,,,False
split,slat,split + slat,3,0.13999999999999999,,0.86,0.25,0.2,0.2,0.75,0.026342857142857133,0.03960736301737652,0.8051,0.019182802707470244,0.2750251100201494,1.883736940151039,1.7954745663327532,19.14350258002771,18.709220633372855,0.7565208594984092,0.8977372831663766,False,,,,,,,,,,,False
split,slat,split + slat,3,0.15,,0.85,0.25,0.2,0.2,0.75,0.03938571428571429,0.05921773310135962,0.8051,0.028680578668381498,0.2750251100201494,1.8932347161119503,1.802123009505391,19.078809979517164,18.67157827905569,0.7603352273541968,0.9010615047526955,False,,,,,,,,,,,False
split,slat,split + slat,3,0.16,,0.84,0.25,0.2,0.2,0.75,0.05234285714285716,0.07869922890220592,0.8051,0.03811593770074351,0.2750251100201494,1.9026700751443124,1.8087277608280445,19.014542522054878,18.634183300560984,0.7641245281704065,0.9043638804140223,False,,,,,,,,,,,False
split,slat,split + slat,3,0.16999999999999998,,0.8300000000000001,0.25,0.2,0.2,0.75,0.06521428571428571,0.09805185041991535,0.8051,0.04748887980455623,0.2750251100201494,1.912043017248125,1.8152888203007134,18.950700207640857,18.59703569788873,0.7678887619470381,0.9076444101503567,False,,,,,,,,,,,False
split,slat,split + slat,3,0.18,,0.8200000000000001,0.25,0.2,0.2,0.75,0.078,0.11727559765448803,0.8051,0.05679940497981972,0.2750251100201494,1.9213535424233887,1.8218061879233978,18.8872830362751,18.56013547103894,0.7716279286840918,0.9109030939616989,False,,,,,,,,,,,False
split,slat,split + slat,3,0.19,,0.81,0.25,0.2,0.2,0.75,0.09070000000000003,0.13637047060592394,0.8051,0.06604751322653399,0.2750251100201494,1.930601650670103,1.828279863696098,18.824291007957598,18.523482620011606,0.7753420283815674,0.914139931848049,False,,,,,,,,,,,False
split,slat,split + slat,3,0.2,,0.8,0.25,0.2,0.2,0.75,0.10331428571428575,0.155336469274223,0.8051,0.07523320454469896,0.2750251100201494,1.9397873419882679,1.8347098476188133,18.761724122688364,18.487077144806722,0.779031061039465,0.9173549238094066,False,,,,,,,,,,,False
split,slat,split + slat,3,0.21,,0.79,0.25,0.2,0.2,0.75,0.11584285714285718,0.17417359365938528,0.8051,0.08435647893431471,0.2750251100201494,1.9489106163778835,1.8410961396915444,18.69958238046739,18.450919045424303,0.7826950266577845,0.9205480698457722,False,,,,,,,,,,,False
split,slat,split + slat,3,0.22,,0.78,0.25,0.2,0.2,0.75,0.1282857142857143,0.19288184376141074,0.8051,0.09341733639538118,0.2750251100201494,1.95797147383895,1.8474387399142909,18.637865781294675,18.415008321864338,0.786333925236526,0.9237193699571454,False,,,,,,,,,,,False
split,slat,split + slat,3,0.22999999999999998,,0.77,0.25,0.2,0.2,0.75,0.14064285714285715,0.2114612195802994,0.8051,0.1024157769278984,0.2750251100201494,1.9669699143714672,1.853737648287053,18.576574325170228,18.379344974126827,0.7899477567756895,0.9268688241435264,False,,,,,,,,,,,False
split,slat,split + slat,3,0.24,,0.76,0.25,0.2,0.2,0.75,0.15291428571428572,0.22991172111605127,0.8051,0.11135180053186637,0.2750251100201494,1.9759059379754353,1.8599928648098305,18.51570801209404,18.343929002211773,0.7935365212752752,0.9299964324049153,False,,,,,,,,,,,False
split,slat,split + slat,3,0.25,,0.75,0.25,0.2,0.2,0.75,0.1651,0.2482333483686663,0.8051,0.12022540720728508,0.2750251100201494,1.984779544650854,1.8662043894826237,18.455266842066116,18.308760406119177,0.7971002187352827,0.9331021947413118,False,,,,,,,,,,,False
split,slat,split + slat,3,0.26,,0.74,0.25,0.2,0.2,0.75,0.17720000000000002,0.26642610133814465,0.8051,0.12903659695415456,0.2750251100201494,1.9935907343977235,1.8723722223054322,18.395250815086452,18.273839185849035,0.8006388491557122,0.9361861111527161,False,,,,,,,,,,,False
split,slat,split + slat,3,0.27,,0.73,0.25,0.2,0.2,0.75,0.18921428571428578,0.28448998002448617,0.8051,0.13778536977247482,0.2750251100201494,2.0023395072160435,1.8784963632782565,18.335659931155046,18.239165341401357,0.8041524125365636,0.9392481816391283,False,,,,,,,,,,,False
split,slat,split + slat,3,0.28,,0.72,0.25,0.2,0.2,0.75,0.2011428571428572,0.30242498442769083,0.8051,0.14647172566224578,0.2750251100201494,2.0110258631058144,1.8845768124010962,18.276494190271908,18.20473887277613,0.807640908877837,0.9422884062005481,False,,,,,,,,,,,False
split,slat,split + slat,3,0.29000000000000004,,0.71,0.25,0.2,0.2,0.75,0.21298571428571436,0.3202311145477587,0.8051,0.15509566462346752,0.2750251100201494,2.0196498020670366,1.8906135696739512,18.217753592437035,18.170559779973356,0.8111043381795326,0.9453067848369756,False,,,,,,,,,,,False
split,slat,split + slat,3,0.3,,0.7,0.25,0.2,0.2,0.75,0.2247428571428572,0.33790837038468974,0.8051,0.16365718665613993,0.2750251100201494,2.0282113240997086,1.896606635096822,18.159438137650415,18.136628062993047,0.81454270044165,0.948303317548411,False,,,,,,,,,,,False
split,slat,split + slat,3,0.31,,0.69,0.25,0.2,0.2,0.75,0.23641428571428574,0.355456751938484,0.8051,0.17215629176026312,0.2750251100201494,2.036710429203832,1.9025560086697082,18.10154782591206,18.10294372183519,0.8179559956641894,0.9512780043348541,False,,,,,,,,,,,False
split,slat,split + slat,3,0.32,,0.6799999999999999,0.25,0.2,0.2,0.75,0.24800000000000008,0.3728762592091415,0.8051,0.18059297993583714,0.2750251100201494,2.045147117379406,1.9084616903926102,18.044082657221974,18.06950675649979,0.8213442238471509,0.9542308451963051,False,,,,,,,,,,,False
split,slat,split + slat,3,0.32999999999999996,,0.67,0.25,0.2,0.2,0.75,0.2595,0.39016689219666206,0.8051,0.18896725118286178,0.2750251100201494,2.0535213886264305,1.9143236802655272,17.98704263158014,18.036317166986848,0.8247073849905343,0.9571618401327636,False,,,,,,,,,,,False
split,slat,split + slat,3,0.33999999999999997,,0.66,0.25,0.2,0.2,0.75,0.2709142857142857,0.407328650901046,0.8051,0.19727910550133723,0.2750251100201494,2.061833242944906,1.9201419782884601,17.930427748986578,18.003374953296362,0.8280454790943397,0.9600709891442301,False,,,,,,,,,,,False
split,slat,split + slat,3,0.35,,0.65,0.25,0.2,0.2,0.75,0.28224285714285713,0.424361535322293,0.8051,0.2055285428912634,0.2750251100201494,2.0700826803348322,1.9259165844614086,17.87423800944127,17.970680115428337,0.8313585061585671,0.9629582922307043,False,,,,,,,,,,,False
split,slat,split + slat,3,0.36,,0.64,0.25,0.2,0.2,0.75,0.2934857142857143,0.4412655454604033,0.8051,0.21371556335264036,0.2750251100201494,2.078269700796209,1.9316474987843724,17.818473412944233,17.938232653382762,0.8346464661832165,0.9658237493921862,False,,,,,,,,,,,False
split,slat,split + slat,3,0.37,,0.63,0.25,0.2,0.2,0.75,0.30464285714285716,0.4580406813153768,0.8051,0.22184016688546807,0.2750251100201494,2.086394304329037,1.9373347212573517,17.76313395949545,17.906032567159645,0.8379093591682879,0.9686673606286759,False,,,,,,,,,,,False
split,slat,split + slat,3,0.38,,0.62,0.25,0.2,0.2,0.75,0.3157142857142858,0.4746869428872135,0.8051,0.22990235348974652,0.2750251100201494,2.0944564909333154,1.9429782518803467,17.708219649094932,17.87407985675899,0.8411471851137812,0.9714891259401733,False,,,,,,,,,,,False
split,slat,split + slat,3,0.39,,0.61,0.25,0.2,0.2,0.75,0.32670000000000005,0.49120433017591336,0.8051,0.23790212316547574,0.2750251100201494,2.1024562606090447,1.9485780906533572,17.653730481742674,17.842374522180783,0.8443599440196966,0.9742890453266786,False,,,,,,,,,,,False
split,slat,split + slat,3,0.4,,0.6,0.25,0.2,0.2,0.75,0.33760000000000007,0.5075928431814765,0.8051,0.24583947591265568,0.2750251100201494,2.1103936133562247,1.954134237576383,17.59966645743868,17.81091656342504,0.8475476358860339,0.9770671187881915,False,,,,,,,,,,,False
split,slat,split + slat,3,0.41,,0.5900000000000001,0.25,0.2,0.2,0.75,0.3484142857142858,0.5238524819039028,0.8051,0.25371441173128634,0.2750251100201494,2.1182685491748554,1.9596466926494245,17.54602757618295,17.77970598049175,0.8507102607127932,0.9798233463247122,False,,,,,,,,,,,False
split,slat,split + slat,3,0.42,,0.5800000000000001,0.25,0.2,0.2,0.75,0.3591428571428572,0.5399832463431922,0.8051,0.2615269306213678,0.2750251100201494,2.126081068064937,1.9651154558724815,17.49281383797548,17.74874277338092,0.8538478184999746,0.9825577279362407,False,,,,,,,,,,,False
split,slat,split + slat,3,0.43,,0.5700000000000001,0.25,0.2,0.2,0.75,0.36978571428571433,0.5559851364993449,0.8051,0.2692770325829,0.2750251100201494,2.133831170026469,1.970540527245554,17.440025242816276,17.718026942092543,0.8569603092475779,0.985270263622777,False,,,,,,,,,,,False
split,slat,split + slat,3,0.44,,0.56,0.25,0.2,0.2,0.75,0.38034285714285715,0.5718581523723607,0.8051,0.2769647176158828,0.2750251100201494,2.1415188550594517,1.975921906768642,17.387661790705323,17.687558486626624,0.860047732955603,0.987960953384321,False,,,,,,,,,,,False
split,slat,split + slat,3,0.45,,0.55,0.25,0.2,0.2,0.75,0.3908142857142857,0.5876022939622397,0.8051,0.2845899857203165,0.2750251100201494,2.1491441231638855,1.9812595944417457,17.335723481642642,17.657337406983164,0.8631100896240503,0.9906297972208729,False,,,,,,,,,,,False
split,slat,split + slat,3,0.46,,0.54,0.25,0.2,0.2,0.75,0.4012000000000001,0.6032175612689822,0.8051,0.29215283689620103,0.2750251100201494,2.15670697433977,1.9865535902648648,17.28421031562822,17.627363703162153,0.8661473792529196,0.9932767951324324,False,,,,,,,,,,,False
split,slat,split + slat,3,0.47000000000000003,,0.53,0.25,0.2,0.2,0.75,0.41150000000000003,0.6187039542925875,0.8051,0.2996532711435361,0.2750251100201494,2.164207408587105,1.9918038942379994,17.233122292662056,17.597637375163607,0.8691596018422106,0.9959019471189997,False,,,,,,,,,,,False
split,slat,split + slat,3,0.48,,0.52,0.25,0.2,0.2,0.75,0.4217142857142858,0.6340614730330563,0.8051,0.3070912884623221,0.2750251100201494,2.171645425905891,1.9970105063611496,17.18245941274416,17.56815842298752,0.8721467573919239,0.9985052531805748,False,,,,,,,,,,,False
split,slat,split + slat,3,0.49,,0.51,0.25,0.2,0.2,0.75,0.4318428571428572,0.6492901174903881,0.8051,0.31446688885255875,0.2750251100201494,2.1790210262961276,2.002173426634315,17.132221675874526,17.538926846633878,0.8751088459020592,1.0010867133171575,False,,,,,,,,,,,False
split,slat,split + slat,3,0.5,,0.5,0.25,0.2,0.2,0.75,0.4418857142857143,0.6643898876645832,0.8051,0.3217800723142461,0.2750251100201494,2.186334209757815,2.0072926550574963,17.082409082053154,17.5099426461027,0.8780458673726165,1.0036463275287482,False,,,,,,,,,,,False
split,slat,split + slat,3,0.51,,0.49,0.25,0.2,0.2,0.75,0.45184285714285716,0.6793607835556413,0.8051,0.32903083884738427,0.2750251100201494,2.1935849762909534,2.012368191630693,17.033021631280043,17.48120582139398,0.8809578218035957,1.0061840958153465,False,,,,,,,,,,,False
split,slat,split + slat,3,0.52,,0.48,0.25,0.2,0.2,0.75,0.46171428571428574,0.6942028051635628,0.8051,0.3362191884519732,0.2750251100201494,2.200773325895542,2.017400036353905,16.98405932355519,17.452716372507712,0.8838447091949967,1.0087000181769525,False,,,,,,,,,,,False
split,slat,split + slat,3,0.53,,0.47,0.25,0.2,0.2,0.75,0.47150000000000014,0.7089159524883477,0.8051,0.3433451211280129,0.2750251100201494,2.2078992585715818,2.022388189227133,16.9355221588786,17.424474299443904,0.8867065295468199,1.0111940946135665,False,,,,,,,,,,,False
split,slat,split + slat,3,0.54,,0.45999999999999996,0.25,0.2,0.2,0.75,0.4812000000000001,0.7235002255299955,0.8051,0.3504086368755033,0.2750251100201494,2.2149627743190723,2.0273326502503766,16.88741013725028,17.39647960220256,0.8895432828590651,1.0136663251251883,False,,,,,,,,,,,False
split,slat,split + slat,3,0.55,,0.44999999999999996,0.25,0.2,0.2,0.75,0.49081428571428587,0.7379556242885067,0.8051,0.35740973569444445,0.2750251100201494,2.221963873138013,2.032233419423635,16.83972325867021,17.368732280783657,0.8923549691317321,1.0161167097118176,False,,,,,,,,,,,False
split,slat,split + slat,3,0.56,,0.43999999999999995,0.25,0.2,0.2,0.75,0.5003428571428573,0.7522821487638809,0.8051,0.3643484175848364,0.2750251100201494,2.228902555028405,2.0370904967469095,16.79246152313841,17.34123233518722,0.8951415883648213,1.0185452483734547,False,,,,,,,,,,,False
split,slat,split + slat,3,0.5700000000000001,,0.42999999999999994,0.25,0.2,0.2,0.75,0.5097857142857144,0.7664797989561183,0.8051,0.371224682546679,0.2750251100201494,2.235778819990248,2.0419038822201996,16.745624930654877,17.313979765413244,0.8979031405583324,1.0209519411100998,False,,,,,,,,,,,False
split,slat,split + slat,3,0.5800000000000001,,0.41999999999999993,0.25,0.2,0.2,0.75,0.5191428571428572,0.780548574865219,0.8051,0.37803853057997233,0.2750251100201494,2.2425926680235415,2.0466735758435046,16.6992134812196,17.286974571461716,0.9006396257122656,1.0233367879217523,False,,,,,,,,,,,False
split,slat,split + slat,3,0.5900000000000001,,0.4099999999999999,0.25,0.2,0.2,0.75,0.5284142857142858,0.7944884764911829,0.8051,0.3847899616847165,0.2750251100201494,2.2493440991282854,2.0513995776168255,16.653227174832583,17.260216753332646,0.9033510438266206,1.0256997888084127,False,,,,,,,,,,,False
split,slat,split + slat,3,0.6,,0.4,0.25,0.2,0.2,0.75,0.5376000000000001,0.8082995038340098,0.8051,0.39147897586091135,0.2750251100201494,2.25603311330448,2.056081887540162,16.607666011493826,17.233706311026037,0.9060373949013975,1.028040943770081,False,,,,,,,,,,,False
split,slat,split + slat,3,0.61,,0.39,0.25,0.2,0.2,0.75,0.5467000000000001,0.8219816568937002,0.8051,0.398105573108557,0.2750251100201494,2.262659710552126,2.060720505613514,16.562529991203338,17.207443244541885,0.9086986789365966,1.030360252806757,False,,,,,,,,,,,False
split,slat,split + slat,3,0.62,,0.38,0.25,0.2,0.2,0.75,0.5557142857142858,0.8355349356702537,0.8051,0.40466975342765343,0.2750251100201494,2.2692238908712223,2.0653154318368814,16.517819113961114,17.181427553880184,0.9113348959322177,1.0326577159184407,False,,,,,,,,,,,False
split,slat,split + slat,3,0.63,,0.37,0.25,0.2,0.2,0.75,0.5646428571428571,0.8489593401636701,0.8051,0.41117151681820047,0.2750251100201494,2.2757256542617696,2.0698666662102645,16.47353337976715,17.155659239040943,0.9139460458882608,1.0349333331051322,False,,,,,,,,,,,False
split,slat,split + slat,3,0.64,,0.36,0.25,0.2,0.2,0.75,0.5734857142857144,0.8622548703739502,0.8051,0.4176108632801984,0.2750251100201494,2.2821650007237673,2.074374208733663,16.429672788621442,17.13013830002416,0.9165321288047257,1.0371871043668315,False,,,,,,,,,,,False
split,slat,split + slat,3,0.65,,0.35,0.25,0.2,0.2,0.75,0.5822428571428573,0.8754215263010933,0.8051,0.42398779281364707,0.2750251100201494,2.288541930257216,2.0788380594070768,16.386237340523998,17.10486473682983,0.9190931446816129,1.0394190297035384,False,,,,,,,,,,,False
split,slat,split + slat,3,0.66,,0.33999999999999997,0.25,0.2,0.2,0.75,0.5909142857142858,0.8884593079450995,0.8051,0.43030230541854647,0.2750251100201494,2.294856442862115,2.0832582182305064,16.343227035474815,17.079838549457957,0.9216290935189216,1.0416291091152532,False,,,,,,,,,,,False
split,slat,split + slat,3,0.67,,0.32999999999999996,0.25,0.2,0.2,0.75,0.5995000000000001,0.9013682153059691,0.8051,0.43655440109489657,0.2750251100201494,2.3011085385384655,2.087634685203952,16.3006418734739,17.05505973790855,0.9241399753166527,1.043817342601976,False,,,,,,,,,,,False
split,slat,split + slat,3,0.68,,0.31999999999999995,0.25,0.2,0.2,0.75,0.6080000000000001,0.9141482483837017,0.8051,0.44274407984269737,0.2750251100201494,2.307298217286266,2.091967460327412,16.258481854521243,17.030528302181587,0.9266257900748056,1.045983730163706,False,,,,,,,,,,,False
split,slat,split + slat,3,0.6900000000000001,,0.30999999999999994,0.25,0.2,0.2,0.75,0.6164142857142858,0.9267994071782976,0.8051,0.44887134166194903,0.2750251100201494,2.313425479105518,2.096256543600888,16.21674697861685,17.006244242277088,0.9290865377933807,1.048128271800444,False,,,,,,,,,,,False
split,slat,split + slat,3,0.7,,0.30000000000000004,0.25,0.2,0.2,0.75,0.6247428571428572,0.9393216916897564,0.8051,0.45493618655265133,0.2750251100201494,2.31949032399622,2.10050193502438,16.175437245760715,16.982207558195046,0.9315222184723775,1.05025096751219,False,,,,,,,,,,,False
split,slat,split + slat,3,0.71,,0.29000000000000004,0.25,0.2,0.2,0.75,0.6329857142857144,0.9517151019180788,0.8051,0.4609386145148045,0.2750251100201494,2.3254927519583735,2.1047036345978873,16.13455265595285,16.95841824993546,0.9339328321117965,1.0523518172989437,False,,,,,,,,,,,False
split,slat,split + slat,3,0.72,,0.28,0.25,0.2,0.2,0.75,0.6411428571428572,0.9639796378632643,0.8051,0.46687862554840837,0.2750251100201494,2.3314327629919775,2.10886164232141,16.094093209193243,16.93487631749833,0.9363183787116375,1.054430821160705,False,,,,,,,,,,,False
split,slat,split + slat,3,0.73,,0.27,0.25,0.2,0.2,0.75,0.6492142857142857,0.976115299525313,0.8051,0.47275621965346293,0.2750251100201494,2.337310357097032,2.112975958194948,16.0540589054819,16.911581760883653,0.9386788582719003,1.056487979097474,False,,,,,,,,,,,False
split,slat,split + slat,3,0.74,,0.26,0.25,0.2,0.2,0.75,0.6572,0.9881220869042248,0.8051,0.47857139682996824,0.2750251100201494,2.343125534273537,2.1170465822185016,16.01444974481881,16.88853458009143,0.9410142707925852,1.0585232911092508,False,,,,,,,,,,,False
split,slat,split + slat,3,0.75,,0.25,0.25,0.2,0.2,0.75,0.6651000000000001,1.0,0.8051,0.4843241570779245,0.2750251100201494,2.3488782945214934,2.121073514392071,15.97526572720399,16.865734775121673,0.943324616273692,1.0605367571960356,False,,,,,,,,,,,False
single-slotted,none,single-slotted,2,0.13,,0.87,0.28,0.0,0.12,0.72,0.013214285714285729,0.019868118650256693,0.0,0.013869632149212843,0.0,1.6033986595726324,1.5992377699278686,17.55022917724995,17.55686701524046,0.6439352046476434,0.7996188849639343,False,,,,,,,,,,,False
single-slotted,none,single-slotted,2,0.13999999999999999,,0.86,0.28,0.0,0.12,0.72,0.026342857142857133,0.03960736301737652,0.0,0.027649299116917235,0.0,1.6171783265403368,1.6088835368052616,17.547875726660987,17.56110834639558,0.6494692074459183,0.8044417684026308,False,,,,,,,,,,,False
single-slotted,none,single-slotted,2,0.15,,0.85,0.28,0.0,0.12,0.72,0.03938571428571429,0.05921773310135962,0.0,0.04133900090311326,0.0,1.6308680283265327,1.6184663280555989,17.545537641364227,17.565321986596476,0.6549670796492099,0.8092331640277994,False,,,,,,,,,,,False
single-slotted,none,single-slotted,2,0.16,,0.84,0.28,0.0,0.12,0.72,0.05234285714285716,0.07869922890220592,0.0,0.054938737507800886,0.0,1.6444677649312205,1.62798614367888,17.54321492135967,17.569507935843156,0.6604288212575182,0.81399307183944,False,,,,,,,,,,,False
single-slotted,none,single-slotted,2,0.16999999999999998,,0.8300000000000001,0.28,0.0,0.12,0.72,0.06521428571428571,0.09805185041991535,0.0,0.06844850893098006,0.0,1.6579775363543996,1.6374429836751054,17.540907566647316,17.57366619413561,0.6658544322708432,0.8187214918375527,False,,,,,,,,,,,False
single-slotted,none,single-slotted,2,0.18,,0.8200000000000001,0.28,0.0,0.12,0.72,0.078,0.11727559765448803,0.0,0.08186831517265085,0.0,1.6713973425960704,1.646836848044275,17.538615577227162,17.577796761473838,0.6712439126891848,0.8234184240221375,False,,,,,,,,,,,False
single-slotted,none,single-slotted,2,0.19,,0.81,0.28,0.0,0.12,0.72,0.09070000000000003,0.13637047060592394,0.0,0.09519815623281326,0.0,1.6847271836562328,1.6561677367863887,17.53633895309921,17.58189963785785,0.6765972625125433,0.8280838683931944,False,,,,,,,,,,,False
single-slotted,none,single-slotted,2,0.2,,0.8,0.28,0.0,0.12,0.72,0.10331428571428575,0.155336469274223,0.0,0.10843803211146724,0.0,1.6979670595348868,1.6654356499014467,17.534077694263463,17.585974823287636,0.6819144817409183,0.8327178249507233,False,,,,,,,,,,,False
single-slotted,none,single-slotted,2,0.21,,0.79,0.28,0.0,0.12,0.72,0.11584285714285718,0.17417359365938528,0.0,0.1215879428086128,0.0,1.7111169702320324,1.6746405873894485,17.531831800719917,17.590022317763196,0.6871955703743101,0.8373202936947243,False,,,,,,,,,,,False
single-slotted,none,single-slotted,2,0.22,,0.78,0.28,0.0,0.12,0.72,0.1282857142857143,0.19288184376141074,0.0,0.13464788832424995,0.0,1.7241769157476694,1.6837825492503944,17.52960127246857,17.594042121284534,0.6924405284127185,0.8418912746251972,False,,,,,,,,,,,False
single-slotted,none,single-slotted,2,0.22999999999999998,,0.77,0.28,0.0,0.12,0.72,0.14064285714285715,0.2114612195802994,0.0,0.1476178686583787,0.0,1.7371468960817982,1.6928615354842846,17.52738610950943,17.598034233851653,0.6976493558561437,0.8464307677421423,False,,,,,,,,,,,False
single-slotted,none,single-slotted,2,0.24,,0.76,0.28,0.0,0.12,0.72,0.15291428571428572,0.22991172111605127,0.0,0.16049788381099903,0.0,1.7500269112344184,1.7018775460911189,17.52518631184249,17.601998655464545,0.7028220527045856,0.8509387730455594,False,,,,,,,,,,,False
single-slotted,none,single-slotted,2,0.25,,0.75,0.28,0.0,0.12,0.72,0.1651,0.2482333483686663,0.0,0.17328793378211096,0.0,1.7628169612055304,1.7108305810708972,17.52300187946775,17.60593538612322,0.7079586189580442,0.8554152905354486,False,,,,,,,,,,,False
single-slotted,none,single-slotted,2,0.26,,0.74,0.28,0.0,0.12,0.72,0.17720000000000002,0.26642610133814465,0.0,0.18598801857171454,0.0,1.7755170459951342,1.7197206404236196,17.520832812385216,17.609844425827667,0.7130590546165196,0.8598603202118098,False,,,,,,,,,,,False
single-slotted,none,single-slotted,2,0.27,,0.73,0.28,0.0,0.12,0.72,0.18921428571428578,0.28448998002448617,0.0,0.1985981381798097,0.0,1.7881271656032292,1.7285477241492864,17.51867911059488,17.613725774577894,0.7181233596800116,0.8642738620746432,False,,,,,,,,,,,False
single-slotted,none,single-slotted,2,0.28,,0.72,0.28,0.0,0.12,0.72,0.2011428571428572,0.30242498442769083,0.0,0.21111829260639642,0.0,1.8006473200298159,1.7373118322478969,17.516540774096747,17.617579432373894,0.7231515341485204,0.8686559161239484,False,,,,,,,,,,,False
single-slotted,none,single-slotted,2,0.29000000000000004,,0.71,0.28,0.0,0.12,0.72,0.21298571428571436,0.3202311145477587,0.0,0.22354848185147472,0.0,1.8130775092748943,1.7460129647194518,17.514417802890822,17.621405399215675,0.7281435780220459,0.8730064823597259,False,,,,,,,,,,,False
single-slotted,none,single-slotted,2,0.3,,0.7,0.28,0.0,0.12,0.72,0.2247428571428572,0.33790837038468974,0.0,0.23588870591504457,0.0,1.825417733338464,1.7546511215639506,17.51231019697709,17.625203675103233,0.7330994913005879,0.8773255607819753,False,,,,,,,,,,,False
single-slotted,none,single-slotted,2,0.31,,0.69,0.28,0.0,0.12,0.72,0.23641428571428574,0.355456751938484,0.0,0.24813896479710607,0.0,1.8376679922205255,1.7632263027813937,17.510217956355568,17.628974260036568,0.7380192739841467,0.8816131513906968,False,,,,,,,,,,,False
single-slotted,none,single-slotted,2,0.32,,0.6799999999999999,0.28,0.0,0.12,0.72,0.24800000000000008,0.3728762592091415,0.0,0.2602992584976592,0.0,1.8498282859210788,1.771738508371781,17.508141081026245,17.63271715401568,0.7429029260727223,0.8858692541858905,False,,,,,,,,,,,False
single-slotted,none,single-slotted,2,0.32999999999999996,,0.67,0.28,0.0,0.12,0.72,0.2595,0.39016689219666206,0.0,0.2723695870167038,0.0,1.8618986144401233,1.7801877383351121,17.506079570989122,17.63643235704057,0.7477504475663145,0.8900938691675561,False,,,,,,,,,,,False
single-slotted,none,single-slotted,2,0.33999999999999997,,0.66,0.28,0.0,0.12,0.72,0.2709142857142857,0.407328650901046,0.0,0.2843499503542401,0.0,1.8738789777776597,1.7885739926713875,17.504033426244206,17.64011986911123,0.7525618384649235,0.8942869963356938,False,,,,,,,,,,,False
single-slotted,none,single-slotted,2,0.35,,0.65,0.28,0.0,0.12,0.72,0.28224285714285713,0.424361535322293,0.0,0.2962403485102679,0.0,1.8857693759336875,1.796897271380607,17.50200264679149,17.643779690227678,0.7573370987685492,0.8984486356903035,False,,,,,,,,,,,False
single-slotted,none,single-slotted,2,0.36,,0.64,0.28,0.0,0.12,0.72,0.2934857142857143,0.4412655454604033,0.0,0.30804078148478736,0.0,1.897569808908207,1.8051575744627706,17.49998723263097,17.647411820389898,0.7620762284771915,0.9025787872313853,False,,,,,,,,,,,False
single-slotted,none,single-slotted,2,0.37,,0.63,0.28,0.0,0.12,0.72,0.30464285714285716,0.4580406813153768,0.0,0.31975124927779847,0.0,1.909280276701218,1.8133549019178785,17.49798718376266,17.6510162595979,0.7667792275908506,0.9066774509589393,False,,,,,,,,,,,False
single-slotted,none,single-slotted,2,0.38,,0.62,0.28,0.0,0.12,0.72,0.3157142857142858,0.4746869428872135,0.0,0.3313717518893011,0.0,1.9209007793127206,1.8214892537459302,17.49600250018655,17.65459300785167,0.7714460961095263,0.9107446268729651,False,,,,,,,,,,,False
single-slotted,none,single-slotted,2,0.39,,0.61,0.28,0.0,0.12,0.72,0.32670000000000005,0.49120433017591336,0.0,0.34290228931929534,0.0,1.932431316742715,1.8295606299469263,17.494033181902644,17.65814206515122,0.7760768340332188,0.9147803149734631,False,,,,,,,,,,,False
single-slotted,none,single-slotted,2,0.4,,0.6,0.28,0.0,0.12,0.72,0.33760000000000007,0.5075928431814765,0.0,0.35434286156778116,0.0,1.9438718889912008,1.8375690305208663,17.49207922891094,17.661663431496553,0.780671441361928,0.9187845152604331,False,,,,,,,,,,,False
single-slotted,none,single-slotted,2,0.41,,0.5900000000000001,0.28,0.0,0.12,0.72,0.3484142857142858,0.5238524819039028,0.0,0.3656934686347586,0.0,1.955222496058178,1.8455144554677505,17.490140641211433,17.66515710688766,0.7852299180956538,0.9227572277338753,False,,,,,,,,,,,False
single-slotted,none,single-slotted,2,0.42,,0.5800000000000001,0.28,0.0,0.12,0.72,0.3591428571428572,0.5399832463431922,0.0,0.3769541105202276,0.0,1.9664831379436472,1.8533969047875787,17.48821741880413,17.668623091324545,0.7897522642343964,0.9266984523937893,False,,,,,,,,,,,False
single-slotted,none,single-slotted,2,0.43,,0.5700000000000001,0.28,0.0,0.12,0.72,0.36978571428571433,0.5559851364993449,0.0,0.3881247872241882,0.0,1.9776538146476077,1.8612163784803513,17.48630956168903,17.672061384807204,0.7942384797781556,0.9306081892401756,False,,,,,,,,,,,False
single-slotted,none,single-slotted,2,0.44,,0.56,0.28,0.0,0.12,0.72,0.38034285714285715,0.5718581523723607,0.0,0.39920549874664035,0.0,1.98873452617006,1.8689728765460678,17.484417069866133,17.675471987335644,0.7986885647269316,0.9344864382730339,False,,,,,,,,,,,False
single-slotted,none,single-slotted,2,0.45,,0.55,0.28,0.0,0.12,0.72,0.3908142857142857,0.5876022939622397,0.0,0.4101962450875841,0.0,1.9997252725110037,1.8766663989847283,17.48253994333544,17.67885489890986,0.8031025190807243,0.9383331994923642,False,,,,,,,,,,,False
single-slotted,none,single-slotted,2,0.46,,0.54,0.28,0.0,0.12,0.72,0.4012000000000001,0.6032175612689822,0.0,0.42109702624701967,0.0,2.010626053670439,1.8842969457963332,17.48067818209694,17.682210119529852,0.8074803428395336,0.9421484728981666,False,,,,,,,,,,,False
single-slotted,none,single-slotted,2,0.47000000000000003,,0.53,0.28,0.0,0.12,0.72,0.41150000000000003,0.6187039542925875,0.0,0.4319078422249465,0.0,2.021436869648366,1.891864516980882,17.478831786150657,17.685537649195624,0.8118220360033599,0.945932258490441,False,,,,,,,,,,,False
single-slotted,none,single-slotted,2,0.48,,0.52,0.28,0.0,0.12,0.72,0.4217142857142858,0.6340614730330563,0.0,0.44262869302136515,0.0,2.0321577204447845,1.8993691125383751,17.47700075549656,17.688837487907172,0.8161275985722025,0.9496845562691876,False,,,,,,,,,,,False
single-slotted,none,single-slotted,2,0.49,,0.51,0.28,0.0,0.12,0.72,0.4318428571428572,0.6492901174903881,0.0,0.4532595786362752,0.0,2.0427886060596947,1.9068107324688122,17.475185090134676,17.692109635664497,0.8203970305460621,0.9534053662344061,False,,,,,,,,,,,False
single-slotted,none,single-slotted,2,0.5,,0.5,0.28,0.0,0.12,0.72,0.4418857142857143,0.6643898876645832,0.0,0.463800499069677,0.0,2.0533295264930964,1.9141893767721934,17.473384790064994,17.6953540924676,0.8246303319249383,0.9570946883860967,False,,,,,,,,,,,False
single-slotted,none,single-slotted,2,0.51,,0.49,0.28,0.0,0.12,0.72,0.45184285714285716,0.6793607835556413,0.0,0.4742514543215703,0.0,2.0637804817449896,1.9215050454485187,17.471599855287508,17.69857085831648,0.8288275027088311,0.9607525227242594,False,,,,,,,,,,,False
single-slotted,none,single-slotted,2,0.52,,0.48,0.28,0.0,0.12,0.72,0.46171428571428574,0.6942028051635628,0.0,0.4846124443919553,0.0,2.074141471815375,1.9287577384977883,17.46983028580223,17.701759933211136,0.8329885428977408,0.9643788692488942,False,,,,,,,,,,,False
single-slotted,none,single-slotted,2,0.53,,0.47,0.28,0.0,0.12,0.72,0.47150000000000014,0.7089159524883477,0.0,0.4948834692808319,0.0,2.0844124967042514,1.9359474559200018,17.468076081609155,17.704921317151566,0.8371134524916671,0.9679737279600009,False,,,,,,,,,,,False
single-slotted,none,single-slotted,2,0.54,,0.45999999999999996,0.28,0.0,0.12,0.72,0.4812000000000001,0.7235002255299955,0.0,0.5050645289882,0.0,2.0945935564116196,1.9430741977151595,17.466337242708278,17.70805501013778,0.8412022314906102,0.9715370988575798,False,,,,,,,,,,,False
single-slotted,none,single-slotted,2,0.55,,0.44999999999999996,0.28,0.0,0.12,0.72,0.49081428571428587,0.7379556242885067,0.0,0.5151556235140597,0.0,2.1046846509374793,1.9501379638832614,17.464613769099604,17.711161012169764,0.8452548798945699,0.9750689819416307,False,,,,,,,,,,,False
single-slotted,none,single-slotted,2,0.56,,0.43999999999999995,0.28,0.0,0.12,0.72,0.5003428571428573,0.7522821487638809,0.0,0.5251567528584111,0.0,2.114685780281831,1.9571387544243073,17.462905660783136,17.714239323247533,0.8492713977035464,0.9785693772121536,False,,,,,,,,,,,False
single-slotted,none,single-slotted,2,0.5700000000000001,,0.42999999999999994,0.28,0.0,0.12,0.72,0.5097857142857144,0.7664797989561183,0.0,0.5350679170212539,0.0,2.1245969444446735,1.9640765693382973,17.461212917758864,17.717289943371075,0.8532517849175395,0.9820382846691487,False,,,,,,,,,,,False
single-slotted,none,single-slotted,2,0.5800000000000001,,0.41999999999999993,0.28,0.0,0.12,0.72,0.5191428571428572,0.780548574865219,0.0,0.5448891160025884,0.0,2.134418143426008,1.9709514086252313,17.459535540026796,17.72031287254039,0.8571960415365494,0.9854757043126157,False,,,,,,,,,,,False
single-slotted,none,single-slotted,2,0.5900000000000001,,0.4099999999999999,0.28,0.0,0.12,0.72,0.5284142857142858,0.7944884764911829,0.0,0.5546203498024145,0.0,2.144149377225834,1.9777632722851095,17.45787352758693,17.723308110755486,0.861104167560576,0.9888816361425548,False,,,,,,,,,,,False
single-slotted,none,single-slotted,2,0.6,,0.4,0.28,0.0,0.12,0.72,0.5376000000000001,0.8082995038340098,0.0,0.5642616184207322,0.0,2.153790645844152,1.984512160317932,17.45622688043927,17.726275658016366,0.8649761629896191,0.992256080158966,False,,,,,,,,,,,False
single-slotted,none,single-slotted,2,0.61,,0.39,0.28,0.0,0.12,0.72,0.5467000000000001,0.8219816568937002,0.0,0.5738129218575414,0.0,2.163341949280961,1.9911980727236984,17.454595598583808,17.729215514323016,0.8688120278236791,0.9955990363618492,False,,,,,,,,,,,False
single-slotted,none,single-slotted,2,0.62,,0.38,0.28,0.0,0.12,0.72,0.5557142857142858,0.8355349356702537,0.0,0.5832742601128422,0.0,2.1728032875362615,1.9978210095024092,17.452979682020544,17.732127679675447,0.8726117620627556,0.9989105047512046,False,,,,,,,,,,,False
single-slotted,none,single-slotted,2,0.63,,0.37,0.28,0.0,0.12,0.72,0.5646428571428571,0.8489593401636701,0.0,0.5926456331866345,0.0,2.182174660610054,2.0043809706540636,17.451379130749487,17.735012154073647,0.8763753657068489,1.0021904853270318,False,,,,,,,,,,,False
single-slotted,none,single-slotted,2,0.64,,0.36,0.28,0.0,0.12,0.72,0.5734857142857144,0.8622548703739502,0.0,0.6019270410789187,0.0,2.191456068502338,2.0108779561786627,17.449793944770637,17.737868937517636,0.880102838755959,1.0054389780893314,False,,,,,,,,,,,False
single-slotted,none,single-slotted,2,0.65,,0.35,0.28,0.0,0.12,0.72,0.5822428571428573,0.8754215263010933,0.0,0.6111184837896944,0.0,2.2006475112131136,2.0173119660762056,17.44822412408398,17.740698030007394,0.8837941812100857,1.0086559830381028,False,,,,,,,,,,,False
single-slotted,none,single-slotted,2,0.66,,0.33999999999999997,0.28,0.0,0.12,0.72,0.5909142857142858,0.8884593079450995,0.0,0.6202199613189616,0.0,2.209748988742381,2.0236830003466926,17.446669668689534,17.74349943154293,0.8874493930692293,1.0118415001733463,False,,,,,,,,,,,False
single-slotted,none,single-slotted,2,0.67,,0.32999999999999996,0.28,0.0,0.12,0.72,0.5995000000000001,0.9013682153059691,0.0,0.6292314736667205,0.0,2.21876050109014,2.0299910589901238,17.44513057858729,17.74627314212425,0.8910684743333895,1.0149955294950619,False,,,,,,,,,,,False
single-slotted,none,single-slotted,2,0.68,,0.31999999999999995,0.28,0.0,0.12,0.72,0.6080000000000001,0.9141482483837017,0.0,0.6381530208329709,0.0,2.2276820482563906,2.036236142006499,17.443606853777244,17.74901916175134,0.8946514250025664,1.0181180710032496,False,,,,,,,,,,,False
single-slotted,none,single-slotted,2,0.6900000000000001,,0.30999999999999994,0.28,0.0,0.12,0.72,0.6164142857142858,0.9267994071782976,0.0,0.6469846028177129,0.0,2.2365136302411326,2.0424182493958183,17.442098494259398,17.751737490424205,0.89819824507676,1.0212091246979091,False,,,,,,,,,,,False
single-slotted,none,single-slotted,2,0.7,,0.30000000000000004,0.28,0.0,0.12,0.72,0.6247428571428572,0.9393216916897564,0.0,0.6557262196209463,0.0,2.2452552470443656,2.048537381158082,17.44060550003375,17.75442812814285,0.90170893455597,1.024268690579041,False,,,,,,,,,,,False
single-slotted,none,single-slotted,2,0.71,,0.29000000000000004,0.28,0.0,0.12,0.72,0.6329857142857144,0.9517151019180788,0.0,0.6643778712426717,0.0,2.253906898666091,2.0545935372932895,17.439127871100315,17.757091074907276,0.9051834934401971,1.0272967686466448,False,,,,,,,,,,,False
single-slotted,none,single-slotted,2,0.72,,0.28,0.28,0.0,0.12,0.72,0.6411428571428572,0.9639796378632643,0.0,0.6729395576828884,0.0,2.262468585106308,2.060586717801441,17.437665607459074,17.759726330717477,0.9086219217294409,1.0302933589007206,False,,,,,,,,,,,False
single-slotted,none,single-slotted,2,0.73,,0.27,0.28,0.0,0.12,0.72,0.6492142857142857,0.976115299525313,0.0,0.6814112789415967,0.0,2.2709403063650164,2.066516922682537,17.436218709110047,17.762333895573455,0.9120242194237013,1.0332584613412685,False,,,,,,,,,,,False
single-slotted,none,single-slotted,2,0.74,,0.26,0.28,0.0,0.12,0.72,0.6572,0.9881220869042248,0.0,0.6897930350187966,0.0,2.2793220624422164,2.072384151936577,17.43478717605321,17.76491376947521,0.9153903865229783,1.0361920759682886,False,,,,,,,,,,,False
single-slotted,none,single-slotted,2,0.75,,0.25,0.28,0.0,0.12,0.72,0.6651000000000001,1.0,0.0,0.6980848259144884,0.0,2.287613853337908,2.0781884055635613,17.433371008288578,17.767465952422747,0.9187204230272721,1.0390942027817807,False,,,,,,,,,,,False
single-slotted,LE flap,single-slotted + LE flap,3,0.13,,0.87,0.28,0.15,0.15,0.72,0.013214285714285729,0.019868118650256693,0.8051,0.013869632149212843,0.18677759617863834,1.7901762557512706,1.7299820872529152,19.912913709718726,19.210746187968603,0.7189462874503094,0.8649910436264576,False,,,,,,,,,,,False
single-slotted,LE flap,single-slotted + LE flap,3,0.13999999999999999,,0.86,0.28,0.15,0.15,0.72,0.026342857142857133,0.03960736301737652,0.8051,0.027649299116917235,0.18677759617863834,1.8039559227189752,1.7396278541303083,19.910560259129767,19.214987519123724,0.7244802902485844,0.8698139270651541,False,,,,,,,,,,,False
single-slotted,LE flap,single-slotted + LE flap,3,0.15,,0.85,0.28,0.15,0.15,0.72,0.03938571428571429,0.05921773310135962,0.8051,0.04133900090311326,0.18677759617863834,1.817645624505171,1.7492106453806455,19.908222173833007,19.219201159324623,0.7299781624518759,0.8746053226903228,False,,,,,,,,,,,False
single-slotted,LE flap,single-slotted + LE flap,3,0.16,,0.84,0.28,0.15,0.15,0.72,0.05234285714285716,0.07869922890220592,0.8051,0.054938737507800886,0.18677759617863834,1.8312453611098587,1.758730461003927,19.905899453828447,19.2233871085713,0.7354399040601841,0.8793652305019635,False,,,,,,,,,,,False
single-slotted,LE flap,single-slotted + LE flap,3,0.16999999999999998,,0.8300000000000001,0.28,0.15,0.15,0.72,0.06521428571428571,0.09805185041991535,0.8051,0.06844850893098006,0.18677759617863834,1.844755132533038,1.7681873010001523,19.903592099116096,19.22754536686375,0.7408655150735092,0.8840936505000762,False,,,,,,,,,,,False
single-slotted,LE flap,single-slotted + LE flap,3,0.18,,0.8200000000000001,0.28,0.15,0.15,0.72,0.078,0.11727559765448803,0.8051,0.08186831517265085,0.18677759617863834,1.8581749387747086,1.7775811653693219,19.90130010969594,19.231675934201984,0.7462549954918508,0.8887905826846609,False,,,,,,,,,,,False
single-slotted,LE flap,single-slotted + LE flap,3,0.19,,0.81,0.28,0.15,0.15,0.72,0.09070000000000003,0.13637047060592394,0.8051,0.09519815623281326,0.18677759617863834,1.8715047798348712,1.7869120541114356,19.89902348556799,19.23577881058599,0.7516083453152093,0.8934560270557178,False,,,,,,,,,,,False
single-slotted,LE flap,single-slotted + LE flap,3,0.2,,0.8,0.28,0.15,0.15,0.72,0.10331428571428575,0.155336469274223,0.8051,0.10843803211146724,0.18677759617863834,1.8847446557135252,1.7961799672264935,19.896762226732243,19.239853996015782,0.7569255645435844,0.8980899836132468,False,,,,,,,,,,,False
single-slotted,LE flap,single-slotted + LE flap,3,0.21,,0.79,0.28,0.15,0.15,0.72,0.11584285714285718,0.17417359365938528,0.8051,0.1215879428086128,0.18677759617863834,1.8978945664106708,1.8053849047144954,19.894516333188697,19.243901490491343,0.7622066531769761,0.9026924523572477,False,,,,,,,,,,,False
single-slotted,LE flap,single-slotted + LE flap,3,0.22,,0.78,0.28,0.15,0.15,0.72,0.1282857142857143,0.19288184376141074,0.8051,0.13464788832424995,0.18677759617863834,1.9109545119263078,1.8145268665754413,19.89228580493735,19.24792129401268,0.7674516112153846,0.9072634332877206,False,,,,,,,,,,,False
single-slotted,LE flap,single-slotted + LE flap,3,0.22999999999999998,,0.77,0.28,0.15,0.15,0.72,0.14064285714285715,0.2114612195802994,0.8051,0.1476178686583787,0.18677759617863834,1.9239244922604366,1.8236058528093313,19.890070641978205,19.251913406579796,0.7726604386588098,0.9118029264046656,False,,,,,,,,,,,False
single-slotted,LE flap,single-slotted + LE flap,3,0.24,,0.76,0.28,0.15,0.15,0.72,0.15291428571428572,0.22991172111605127,0.8051,0.16049788381099903,0.18677759617863834,1.9368045074130569,1.8326218634161657,19.887870844311266,19.25587782819269,0.7778331355072516,0.9163109317080829,False,,,,,,,,,,,False
single-slotted,LE flap,single-slotted + LE flap,3,0.25,,0.75,0.28,0.15,0.15,0.72,0.1651,0.2482333483686663,0.8051,0.17328793378211096,0.18677759617863834,1.9495945573841689,1.841574898395944,19.885686411936526,19.259814558851364,0.7829697017607103,0.920787449197972,False,,,,,,,,,,,False
single-slotted,LE flap,single-slotted + LE flap,3,0.26,,0.74,0.28,0.15,0.15,0.72,0.17720000000000002,0.26642610133814465,0.8051,0.18598801857171454,0.18677759617863834,1.9622946421737724,1.8504649577486665,19.883517344853992,19.263723598555814,0.7880701374191856,0.9252324788743332,False,,,,,,,,,,,False
single-slotted,LE flap,single-slotted + LE flap,3,0.27,,0.73,0.28,0.15,0.15,0.72,0.18921428571428578,0.28448998002448617,0.8051,0.1985981381798097,0.18677759617863834,1.9749047617818676,1.8592920414743332,19.88136364306366,19.267604947306037,0.7931344424826777,0.9296460207371666,False,,,,,,,,,,,False
single-slotted,LE flap,single-slotted + LE flap,3,0.28,,0.72,0.28,0.15,0.15,0.72,0.2011428571428572,0.30242498442769083,0.8051,0.21111829260639642,0.18677759617863834,1.9874249162084543,1.868056149572944,19.879225306565527,19.27145860510204,0.7981626169511864,0.934028074786472,False,,,,,,,,,,,False
single-slotted,LE flap,single-slotted + LE flap,3,0.29000000000000004,,0.71,0.28,0.15,0.15,0.72,0.21298571428571436,0.3202311145477587,0.8051,0.22354848185147472,0.18677759617863834,1.9998551054535325,1.8767572820444987,19.877102335359595,19.27528457194382,0.8031546608247118,0.9383786410222493,False,,,,,,,,,,,False
single-slotted,LE flap,single-slotted + LE flap,3,0.3,,0.7,0.28,0.15,0.15,0.72,0.2247428571428572,0.33790837038468974,0.8051,0.23588870591504457,0.18677759617863834,2.0121953295171027,1.8853954388889975,19.874994729445874,19.279082847831376,0.808110574103254,0.9426977194444988,False,,,,,,,,,,,False
single-slotted,LE flap,single-slotted + LE flap,3,0.31,,0.69,0.28,0.15,0.15,0.72,0.23641428571428574,0.355456751938484,0.8051,0.24813896479710607,0.18677759617863834,2.024445588399164,1.8939706201064406,19.872902488824344,19.282853432764714,0.8130303567868128,0.9469853100532203,False,,,,,,,,,,,False
single-slotted,LE flap,single-slotted + LE flap,3,0.32,,0.6799999999999999,0.28,0.15,0.15,0.72,0.24800000000000008,0.3728762592091415,0.8051,0.2602992584976592,0.18677759617863834,2.036605882099717,1.9024828256968278,19.870825613495022,19.286596326743823,0.8179140088753883,0.9512414128484139,False,,,,,,,,,,,False
single-slotted,LE flap,single-slotted + LE flap,3,0.32999999999999996,,0.67,0.28,0.15,0.15,0.72,0.2595,0.39016689219666206,0.8051,0.2723695870167038,0.18677759617863834,2.0486762106187615,1.910932055660159,19.8687641034579,19.29031152976871,0.8227615303689805,0.9554660278300795,False,,,,,,,,,,,False
single-slotted,LE flap,single-slotted + LE flap,3,0.33999999999999997,,0.66,0.28,0.15,0.15,0.72,0.2709142857142857,0.407328650901046,0.8051,0.2843499503542401,0.18677759617863834,2.060656573956298,1.9193183099964344,19.866717958712982,19.293999041839378,0.8275729212675894,0.9596591549982172,False,,,,,,,,,,,False
single-slotted,LE flap,single-slotted + LE flap,3,0.35,,0.65,0.28,0.15,0.15,0.72,0.28224285714285713,0.424361535322293,0.8051,0.2962403485102679,0.18677759617863834,2.0725469721123257,1.927641588705654,19.864687179260265,19.29765886295582,0.832348181571215,0.963820794352827,False,,,,,,,,,,,False
single-slotted,LE flap,single-slotted + LE flap,3,0.36,,0.64,0.28,0.15,0.15,0.72,0.2934857142857143,0.4412655454604033,0.8051,0.30804078148478736,0.18677759617863834,2.084347405086845,1.9359018917878175,19.86267176509975,19.301290993118045,0.8370873112798574,0.9679509458939087,False,,,,,,,,,,,False
single-slotted,LE flap,single-slotted + LE flap,3,0.37,,0.63,0.28,0.15,0.15,0.72,0.30464285714285716,0.4580406813153768,0.8051,0.31975124927779847,0.18677759617863834,2.0960578728798565,1.9440992192429252,19.86067171623144,19.30489543232604,0.8417903103935166,0.9720496096214626,False,,,,,,,,,,,False
single-slotted,LE flap,single-slotted + LE flap,3,0.38,,0.62,0.28,0.15,0.15,0.72,0.3157142857142858,0.4746869428872135,0.8051,0.3313717518893011,0.18677759617863834,2.107678375491359,1.952233571070977,19.858687032655325,19.308472180579816,0.8464571789121922,0.9761167855354885,False,,,,,,,,,,,False
single-slotted,LE flap,single-slotted + LE flap,3,0.39,,0.61,0.28,0.15,0.15,0.72,0.32670000000000005,0.49120433017591336,0.8051,0.34290228931929534,0.18677759617863834,2.119208912921353,1.9603049472719731,19.85671771437142,19.312021237879367,0.8510879168358847,0.9801524736359866,False,,,,,,,,,,,False
single-slotted,LE flap,single-slotted + LE flap,3,0.4,,0.6,0.28,0.15,0.15,0.72,0.33760000000000007,0.5075928431814765,0.8051,0.35434286156778116,0.18677759617863834,2.130649485169839,1.9683133478459132,19.854763761379715,19.3155426042247,0.8556825241645939,0.9841566739229566,False,,,,,,,,,,,False
single-slotted,LE flap,single-slotted + LE flap,3,0.41,,0.5900000000000001,0.28,0.15,0.15,0.72,0.3484142857142858,0.5238524819039028,0.8051,0.3656934686347586,0.18677759617863834,2.1420000922368163,1.9762587727927974,19.85282517368021,19.319036279615805,0.8602410008983198,0.9881293863963987,False,,,,,,,,,,,False
single-slotted,LE flap,single-slotted + LE flap,3,0.42,,0.5800000000000001,0.28,0.15,0.15,0.72,0.3591428571428572,0.5399832463431922,0.8051,0.3769541105202276,0.18677759617863834,2.1532607341222856,1.9841412221126258,19.85090195127291,19.32250226405269,0.8647633470370624,0.9920706110563129,False,,,,,,,,,,,False
single-slotted,LE flap,single-slotted + LE flap,3,0.43,,0.5700000000000001,0.28,0.15,0.15,0.72,0.36978571428571433,0.5559851364993449,0.8051,0.3881247872241882,0.18677759617863834,2.164431410826246,1.991960695805398,19.84899409415781,19.325940557535347,0.8692495625808215,0.995980347902699,False,,,,,,,,,,,False
single-slotted,LE flap,single-slotted + LE flap,3,0.44,,0.56,0.28,0.15,0.15,0.72,0.38034285714285715,0.5718581523723607,0.8051,0.39920549874664035,0.18677759617863834,2.175512122348698,1.9997171938711147,19.84710160233491,19.32935116006379,0.8736996475295976,0.9998585969355573,False,,,,,,,,,,,False
single-slotted,LE flap,single-slotted + LE flap,3,0.45,,0.55,0.28,0.15,0.15,0.72,0.3908142857142857,0.5876022939622397,0.8051,0.4101962450875841,0.18677759617863834,2.186502868689642,2.007410716309775,19.845224475804216,19.332734071638008,0.8781136018833903,1.0037053581548876,False,,,,,,,,,,,False
single-slotted,LE flap,single-slotted + LE flap,3,0.46,,0.54,0.28,0.15,0.15,0.72,0.4012000000000001,0.6032175612689822,0.8051,0.42109702624701967,0.18677759617863834,2.1974036498490777,2.01504126312138,19.843362714565725,19.336089292257995,0.8824914256421997,1.00752063156069,False,,,,,,,,,,,False
single-slotted,LE flap,single-slotted + LE flap,3,0.47000000000000003,,0.53,0.28,0.15,0.15,0.72,0.41150000000000003,0.6187039542925875,0.8051,0.4319078422249465,0.18677759617863834,2.2082144658270044,2.0226088343059287,19.841516318619433,19.339416821923766,0.8868331188060258,1.0113044171529644,False,,,,,,,,,,,False
single-slotted,LE flap,single-slotted + LE flap,3,0.48,,0.52,0.28,0.15,0.15,0.72,0.4217142857142858,0.6340614730330563,0.8051,0.44262869302136515,0.18677759617863834,2.218935316623423,2.030113429863422,19.839685287965345,19.342716660635315,0.8911386813748686,1.015056714931711,False,,,,,,,,,,,False
single-slotted,LE flap,single-slotted + LE flap,3,0.49,,0.51,0.28,0.15,0.15,0.72,0.4318428571428572,0.6492901174903881,0.8051,0.4532595786362752,0.18677759617863834,2.229566202238333,2.037555049793859,19.837869622603453,19.345988808392644,0.895408113348728,1.0187775248969295,False,,,,,,,,,,,False
single-slotted,LE flap,single-slotted + LE flap,3,0.5,,0.5,0.28,0.15,0.15,0.72,0.4418857142857143,0.6643898876645832,0.8051,0.463800499069677,0.18677759617863834,2.240107122671735,2.04493369409724,19.836069322533774,19.349233265195743,0.8996414147276044,1.02246684704862,False,,,,,,,,,,,False
single-slotted,LE flap,single-slotted + LE flap,3,0.51,,0.49,0.28,0.15,0.15,0.72,0.45184285714285716,0.6793607835556413,0.8051,0.4742514543215703,0.18677759617863834,2.2505580779236283,2.0522493627735656,19.83428438775629,19.352450031044626,0.9038385855114972,1.0261246813867828,False,,,,,,,,,,,False
single-slotted,LE flap,single-slotted + LE flap,3,0.52,,0.48,0.28,0.15,0.15,0.72,0.46171428571428574,0.6942028051635628,0.8051,0.4846124443919553,0.18677759617863834,2.260919067994013,2.059502055822835,19.832514818271008,19.35563910593928,0.9079996257004067,1.0297510279114175,False,,,,,,,,,,,False
single-slotted,LE flap,single-slotted + LE flap,3,0.53,,0.47,0.28,0.15,0.15,0.72,0.47150000000000014,0.7089159524883477,0.8051,0.4948834692808319,0.18677759617863834,2.2711900928828896,2.0666917732450485,19.83076061407793,19.35880048987971,0.9121245352943331,1.0333458866225242,False,,,,,,,,,,,False
single-slotted,LE flap,single-slotted + LE flap,3,0.54,,0.45999999999999996,0.28,0.15,0.15,0.72,0.4812000000000001,0.7235002255299955,0.8051,0.5050645289882,0.18677759617863834,2.281371152590258,2.073818515040206,19.829021775177054,19.361934182865923,0.9162133142932761,1.036909257520103,False,,,,,,,,,,,False
single-slotted,LE flap,single-slotted + LE flap,3,0.55,,0.44999999999999996,0.28,0.15,0.15,0.72,0.49081428571428587,0.7379556242885067,0.8051,0.5151556235140597,0.18677759617863834,2.2914622471161175,2.080882281208308,19.82729830156838,19.365040184897907,0.9202659626972358,1.040441140604154,False,,,,,,,,,,,False
single-slotted,LE flap,single-slotted + LE flap,3,0.56,,0.43999999999999995,0.28,0.15,0.15,0.72,0.5003428571428573,0.7522821487638809,0.8051,0.5251567528584111,0.18677759617863834,2.301463376460469,2.087883071749354,19.825590193251912,19.36811849597568,0.9242824805062124,1.043941535874677,False,,,,,,,,,,,False
single-slotted,LE flap,single-slotted + LE flap,3,0.5700000000000001,,0.42999999999999994,0.28,0.15,0.15,0.72,0.5097857142857144,0.7664797989561183,0.8051,0.5350679170212539,0.18677759617863834,2.3113745406233117,2.094820886663344,19.82389745022764,19.371169116099217,0.9282628677202054,1.047410443331672,False,,,,,,,,,,,False
single-slotted,LE flap,single-slotted + LE flap,3,0.5800000000000001,,0.41999999999999993,0.28,0.15,0.15,0.72,0.5191428571428572,0.780548574865219,0.8051,0.5448891160025884,0.18677759617863834,2.3211957396046463,2.101695725950278,19.822220072495572,19.374192045268533,0.9322071243392153,1.050847862975139,False,,,,,,,,,,,False
single-slotted,LE flap,single-slotted + LE flap,3,0.5900000000000001,,0.4099999999999999,0.28,0.15,0.15,0.72,0.5284142857142858,0.7944884764911829,0.8051,0.5546203498024145,0.18677759617863834,2.3309269734044724,2.1085075896101566,19.82055806005571,19.377187283483636,0.9361152503632418,1.0542537948050783,False,,,,,,,,,,,False
single-slotted,LE flap,single-slotted + LE flap,3,0.6,,0.4,0.28,0.15,0.15,0.72,0.5376000000000001,0.8082995038340098,0.8051,0.5642616184207322,0.18677759617863834,2.34056824202279,2.115256477642979,19.818911412908047,19.380154830744512,0.9399872457922851,1.0576282388214895,False,,,,,,,,,,,False
single-slotted,LE flap,single-slotted + LE flap,3,0.61,,0.39,0.28,0.15,0.15,0.72,0.5467000000000001,0.8219816568937002,0.8051,0.5738129218575414,0.18677759617863834,2.350119545459599,2.121942390048745,19.817280131052584,19.38309468705116,0.9438231106263449,1.0609711950243725,False,,,,,,,,,,,False
single-slotted,LE flap,single-slotted + LE flap,3,0.62,,0.38,0.28,0.15,0.15,0.72,0.5557142857142858,0.8355349356702537,0.8051,0.5832742601128422,0.18677759617863834,2.3595808837149,2.128565326827456,19.815664214489324,19.38600685240359,0.9476228448654217,1.064282663413728,False,,,,,,,,,,,False
single-slotted,LE flap,single-slotted + LE flap,3,0.63,,0.37,0.28,0.15,0.15,0.72,0.5646428571428571,0.8489593401636701,0.8051,0.5926456331866345,0.18677759617863834,2.3689522567886923,2.1351252879791103,19.814063663218267,19.38889132680179,0.9513864485095149,1.0675626439895551,False,,,,,,,,,,,False
single-slotted,LE flap,single-slotted + LE flap,3,0.64,,0.36,0.28,0.15,0.15,0.72,0.5734857142857144,0.8622548703739502,0.8051,0.6019270410789187,0.18677759617863834,2.3782336646809767,2.1416222735037094,19.812478477239416,19.39174811024578,0.9551139215586251,1.0708111367518547,False,,,,,,,,,,,False
single-slotted,LE flap,single-slotted + LE flap,3,0.65,,0.35,0.28,0.15,0.15,0.72,0.5822428571428573,0.8754215263010933,0.8051,0.6111184837896944,0.18677759617863834,2.3874251073917523,2.148056283401252,19.810908656552762,19.394577202735537,0.9588052640127518,1.074028141700626,False,,,,,,,,,,,False
single-slotted,LE flap,single-slotted + LE flap,3,0.66,,0.33999999999999997,0.28,0.15,0.15,0.72,0.5909142857142858,0.8884593079450995,0.8051,0.6202199613189616,0.18677759617863834,2.3965265849210193,2.1544273176717397,19.80935420115831,19.39737860427108,0.9624604758718952,1.0772136588358698,False,,,,,,,,,,,False
single-slotted,LE flap,single-slotted + LE flap,3,0.67,,0.32999999999999996,0.28,0.15,0.15,0.72,0.5995000000000001,0.9013682153059691,0.8051,0.6292314736667205,0.18677759617863834,2.4055380972687783,2.160735376315171,19.807815111056065,19.40015231485239,0.9660795571360554,1.0803676881575854,False,,,,,,,,,,,False
single-slotted,LE flap,single-slotted + LE flap,3,0.68,,0.31999999999999995,0.28,0.15,0.15,0.72,0.6080000000000001,0.9141482483837017,0.8051,0.6381530208329709,0.18677759617863834,2.414459644435029,2.166980459331546,19.806291386246016,19.40289833447948,0.9696625078052323,1.083490229665773,False,,,,,,,,,,,False
single-slotted,LE flap,single-slotted + LE flap,3,0.6900000000000001,,0.30999999999999994,0.28,0.15,0.15,0.72,0.6164142857142858,0.9267994071782976,0.8051,0.6469846028177129,0.18677759617863834,2.423291226419771,2.1731625667208654,19.804783026728174,19.405616663152355,0.9732093278794259,1.0865812833604327,False,,,,,,,,,,,False
single-slotted,LE flap,single-slotted + LE flap,3,0.7,,0.30000000000000004,0.28,0.15,0.15,0.72,0.6247428571428572,0.9393216916897564,0.8051,0.6557262196209463,0.18677759617863834,2.4320328432230043,2.1792816984831287,19.80329003250253,19.408307300870998,0.9767200173586362,1.0896408492415643,False,,,,,,,,,,,False
single-slotted,LE flap,single-slotted + LE flap,3,0.71,,0.29000000000000004,0.28,0.15,0.15,0.72,0.6329857142857144,0.9517151019180788,0.8051,0.6643778712426717,0.18677759617863834,2.4406844948447297,2.1853378546183366,19.801812403569095,19.410970247635426,0.9801945762428632,1.0926689273091683,False,,,,,,,,,,,False
single-slotted,LE flap,single-slotted + LE flap,3,0.72,,0.28,0.28,0.15,0.15,0.72,0.6411428571428572,0.9639796378632643,0.8051,0.6729395576828884,0.18677759617863834,2.449246181284946,2.1913310351264883,19.800350139927854,19.413605503445623,0.9836330045321068,1.0956655175632442,False,,,,,,,,,,,False
single-slotted,LE flap,single-slotted + LE flap,3,0.73,,0.27,0.28,0.15,0.15,0.72,0.6492142857142857,0.976115299525313,0.8051,0.6814112789415967,0.18677759617863834,2.4577179025436546,2.1972612400075837,19.79890324157882,19.416213068301598,0.9870353022263673,1.0986306200037919,False,,,,,,,,,,,False
single-slotted,LE flap,single-slotted + LE flap,3,0.74,,0.26,0.28,0.15,0.15,0.72,0.6572,0.9881220869042248,0.8051,0.6897930350187966,0.18677759617863834,2.4660996586208546,2.2031284692616238,19.797471708521986,19.418792942203353,0.9904014693256443,1.1015642346308119,False,,,,,,,,,,,False
single-slotted,LE flap,single-slotted + LE flap,3,0.75,,0.25,0.28,0.15,0.15,0.72,0.6651000000000001,1.0,0.8051,0.6980848259144884,0.18677759617863834,2.4743914495165464,2.2089327228886084,19.796055540757358,19.421345125150893,0.9937315058299382,1.1044663614443042,False,,,,,,,,,,,False
single-slotted,Krueger,single-slotted + Krueger,4,0.13,,0.87,0.28,0.15,0.15,0.72,0.013214285714285729,0.019868118650256693,0.8051,0.013869632149212843,0.18677759617863834,1.7901762557512706,1.7299820872529152,19.912913709718726,19.210746187968603,0.7189462874503094,0.8649910436264576,False,,,,,,,,,,,False
single-slotted,Krueger,single-slotted + Krueger,4,0.13999999999999999,,0.86,0.28,0.15,0.15,0.72,0.026342857142857133,0.03960736301737652,0.8051,0.027649299116917235,0.18677759617863834,1.8039559227189752,1.7396278541303083,19.910560259129767,19.214987519123724,0.7244802902485844,0.8698139270651541,False,,,,,,,,,,,False
single-slotted,Krueger,single-slotted + Krueger,4,0.15,,0.85,0.28,0.15,0.15,0.72,0.03938571428571429,0.05921773310135962,0.8051,0.04133900090311326,0.18677759617863834,1.817645624505171,1.7492106453806455,19.908222173833007,19.219201159324623,0.7299781624518759,0.8746053226903228,False,,,,,,,,,,,False
single-slotted,Krueger,single-slotted + Krueger,4,0.16,,0.84,0.28,0.15,0.15,0.72,0.05234285714285716,0.07869922890220592,0.8051,0.054938737507800886,0.18677759617863834,1.8312453611098587,1.758730461003927,19.905899453828447,19.2233871085713,0.7354399040601841,0.8793652305019635,False,,,,,,,,,,,False
single-slotted,Krueger,single-slotted + Krueger,4,0.16999999999999998,,0.8300000000000001,0.28,0.15,0.15,0.72,0.06521428571428571,0.09805185041991535,0.8051,0.06844850893098006,0.18677759617863834,1.844755132533038,1.7681873010001523,19.903592099116096,19.22754536686375,0.7408655150735092,0.8840936505000762,False,,,,,,,,,,,False
single-slotted,Krueger,single-slotted + Krueger,4,0.18,,0.8200000000000001,0.28,0.15,0.15,0.72,0.078,0.11727559765448803,0.8051,0.08186831517265085,0.18677759617863834,1.8581749387747086,1.7775811653693219,19.90130010969594,19.231675934201984,0.7462549954918508,0.8887905826846609,False,,,,,,,,,,,False
single-slotted,Krueger,single-slotted + Krueger,4,0.19,,0.81,0.28,0.15,0.15,0.72,0.09070000000000003,0.13637047060592394,0.8051,0.09519815623281326,0.18677759617863834,1.8715047798348712,1.7869120541114356,19.89902348556799,19.23577881058599,0.7516083453152093,0.8934560270557178,False,,,,,,,,,,,False
single-slotted,Krueger,single-slotted + Krueger,4,0.2,,0.8,0.28,0.15,0.15,0.72,0.10331428571428575,0.155336469274223,0.8051,0.10843803211146724,0.18677759617863834,1.8847446557135252,1.7961799672264935,19.896762226732243,19.239853996015782,0.7569255645435844,0.8980899836132468,False,,,,,,,,,,,False
single-slotted,Krueger,single-slotted + Krueger,4,0.21,,0.79,0.28,0.15,0.15,0.72,0.11584285714285718,0.17417359365938528,0.8051,0.1215879428086128,0.18677759617863834,1.8978945664106708,1.8053849047144954,19.894516333188697,19.243901490491343,0.7622066531769761,0.9026924523572477,False,,,,,,,,,,,False
single-slotted,Krueger,single-slotted + Krueger,4,0.22,,0.78,0.28,0.15,0.15,0.72,0.1282857142857143,0.19288184376141074,0.8051,0.13464788832424995,0.18677759617863834,1.9109545119263078,1.8145268665754413,19.89228580493735,19.24792129401268,0.7674516112153846,0.9072634332877206,False,,,,,,,,,,,False
single-slotted,Krueger,single-slotted + Krueger,4,0.22999999999999998,,0.77,0.28,0.15,0.15,0.72,0.14064285714285715,0.2114612195802994,0.8051,0.1476178686583787,0.18677759617863834,1.9239244922604366,1.8236058528093313,19.890070641978205,19.251913406579796,0.7726604386588098,0.9118029264046656,False,,,,,,,,,,,False
single-slotted,Krueger,single-slotted + Krueger,4,0.24,,0.76,0.28,0.15,0.15,0.72,0.15291428571428572,0.22991172111605127,0.8051,0.16049788381099903,0.18677759617863834,1.9368045074130569,1.8326218634161657,19.887870844311266,19.25587782819269,0.7778331355072516,0.9163109317080829,False,,,,,,,,,,,False
single-slotted,Krueger,single-slotted + Krueger,4,0.25,,0.75,0.28,0.15,0.15,0.72,0.1651,0.2482333483686663,0.8051,0.17328793378211096,0.18677759617863834,1.9495945573841689,1.841574898395944,19.885686411936526,19.259814558851364,0.7829697017607103,0.920787449197972,False,,,,,,,,,,,False
single-slotted,Krueger,single-slotted + Krueger,4,0.26,,0.74,0.28,0.15,0.15,0.72,0.17720000000000002,0.26642610133814465,0.8051,0.18598801857171454,0.18677759617863834,1.9622946421737724,1.8504649577486665,19.883517344853992,19.263723598555814,0.7880701374191856,0.9252324788743332,False,,,,,,,,,,,False
single-slotted,Krueger,single-slotted + Krueger,4,0.27,,0.73,0.28,0.15,0.15,0.72,0.18921428571428578,0.28448998002448617,0.8051,0.1985981381798097,0.18677759617863834,1.9749047617818676,1.8592920414743332,19.88136364306366,19.267604947306037,0.7931344424826777,0.9296460207371666,False,,,,,,,,,,,False
single-slotted,Krueger,single-slotted + Krueger,4,0.28,,0.72,0.28,0.15,0.15,0.72,0.2011428571428572,0.30242498442769083,0.8051,0.21111829260639642,0.18677759617863834,1.9874249162084543,1.868056149572944,19.879225306565527,19.27145860510204,0.7981626169511864,0.934028074786472,False,,,,,,,,,,,False
single-slotted,Krueger,single-slotted + Krueger,4,0.29000000000000004,,0.71,0.28,0.15,0.15,0.72,0.21298571428571436,0.3202311145477587,0.8051,0.22354848185147472,0.18677759617863834,1.9998551054535325,1.8767572820444987,19.877102335359595,19.27528457194382,0.8031546608247118,0.9383786410222493,False,,,,,,,,,,,False
single-slotted,Krueger,single-slotted + Krueger,4,0.3,,0.7,0.28,0.15,0.15,0.72,0.2247428571428572,0.33790837038468974,0.8051,0.23588870591504457,0.18677759617863834,2.0121953295171027,1.8853954388889975,19.874994729445874,19.279082847831376,0.808110574103254,0.9426977194444988,False,,,,,,,,,,,False
single-slotted,Krueger,single-slotted + Krueger,4,0.31,,0.69,0.28,0.15,0.15,0.72,0.23641428571428574,0.355456751938484,0.8051,0.24813896479710607,0.18677759617863834,2.024445588399164,1.8939706201064406,19.872902488824344,19.282853432764714,0.8130303567868128,0.9469853100532203,False,,,,,,,,,,,False
single-slotted,Krueger,single-slotted + Krueger,4,0.32,,0.6799999999999999,0.28,0.15,0.15,0.72,0.24800000000000008,0.3728762592091415,0.8051,0.2602992584976592,0.18677759617863834,2.036605882099717,1.9024828256968278,19.870825613495022,19.286596326743823,0.8179140088753883,0.9512414128484139,False,,,,,,,,,,,False
single-slotted,Krueger,single-slotted + Krueger,4,0.32999999999999996,,0.67,0.28,0.15,0.15,0.72,0.2595,0.39016689219666206,0.8051,0.2723695870167038,0.18677759617863834,2.0486762106187615,1.910932055660159,19.8687641034579,19.29031152976871,0.8227615303689805,0.9554660278300795,False,,,,,,,,,,,False
single-slotted,Krueger,single-slotted + Krueger,4,0.33999999999999997,,0.66,0.28,0.15,0.15,0.72,0.2709142857142857,0.407328650901046,0.8051,0.2843499503542401,0.18677759617863834,2.060656573956298,1.9193183099964344,19.866717958712982,19.293999041839378,0.8275729212675894,0.9596591549982172,False,,,,,,,,,,,False
single-slotted,Krueger,single-slotted + Krueger,4,0.35,,0.65,0.28,0.15,0.15,0.72,0.28224285714285713,0.424361535322293,0.8051,0.2962403485102679,0.18677759617863834,2.0725469721123257,1.927641588705654,19.864687179260265,19.29765886295582,0.832348181571215,0.963820794352827,False,,,,,,,,,,,False
single-slotted,Krueger,single-slotted + Krueger,4,0.36,,0.64,0.28,0.15,0.15,0.72,0.2934857142857143,0.4412655454604033,0.8051,0.30804078148478736,0.18677759617863834,2.084347405086845,1.9359018917878175,19.86267176509975,19.301290993118045,0.8370873112798574,0.9679509458939087,False,,,,,,,,,,,False
single-slotted,Krueger,single-slotted + Krueger,4,0.37,,0.63,0.28,0.15,0.15,0.72,0.30464285714285716,0.4580406813153768,0.8051,0.31975124927779847,0.18677759617863834,2.0960578728798565,1.9440992192429252,19.86067171623144,19.30489543232604,0.8417903103935166,0.9720496096214626,False,,,,,,,,,,,False
single-slotted,Krueger,single-slotted + Krueger,4,0.38,,0.62,0.28,0.15,0.15,0.72,0.3157142857142858,0.4746869428872135,0.8051,0.3313717518893011,0.18677759617863834,2.107678375491359,1.952233571070977,19.858687032655325,19.308472180579816,0.8464571789121922,0.9761167855354885,False,,,,,,,,,,,False
single-slotted,Krueger,single-slotted + Krueger,4,0.39,,0.61,0.28,0.15,0.15,0.72,0.32670000000000005,0.49120433017591336,0.8051,0.34290228931929534,0.18677759617863834,2.119208912921353,1.9603049472719731,19.85671771437142,19.312021237879367,0.8510879168358847,0.9801524736359866,False,,,,,,,,,,,False
single-slotted,Krueger,single-slotted + Krueger,4,0.4,,0.6,0.28,0.15,0.15,0.72,0.33760000000000007,0.5075928431814765,0.8051,0.35434286156778116,0.18677759617863834,2.130649485169839,1.9683133478459132,19.854763761379715,19.3155426042247,0.8556825241645939,0.9841566739229566,False,,,,,,,,,,,False
single-slotted,Krueger,single-slotted + Krueger,4,0.41,,0.5900000000000001,0.28,0.15,0.15,0.72,0.3484142857142858,0.5238524819039028,0.8051,0.3656934686347586,0.18677759617863834,2.1420000922368163,1.9762587727927974,19.85282517368021,19.319036279615805,0.8602410008983198,0.9881293863963987,False,,,,,,,,,,,False
single-slotted,Krueger,single-slotted + Krueger,4,0.42,,0.5800000000000001,0.28,0.15,0.15,0.72,0.3591428571428572,0.5399832463431922,0.8051,0.3769541105202276,0.18677759617863834,2.1532607341222856,1.9841412221126258,19.85090195127291,19.32250226405269,0.8647633470370624,0.9920706110563129,False,,,,,,,,,,,False
single-slotted,Krueger,single-slotted + Krueger,4,0.43,,0.5700000000000001,0.28,0.15,0.15,0.72,0.36978571428571433,0.5559851364993449,0.8051,0.3881247872241882,0.18677759617863834,2.164431410826246,1.991960695805398,19.84899409415781,19.325940557535347,0.8692495625808215,0.995980347902699,False,,,,,,,,,,,False
single-slotted,Krueger,single-slotted + Krueger,4,0.44,,0.56,0.28,0.15,0.15,0.72,0.38034285714285715,0.5718581523723607,0.8051,0.39920549874664035,0.18677759617863834,2.175512122348698,1.9997171938711147,19.84710160233491,19.32935116006379,0.8736996475295976,0.9998585969355573,False,,,,,,,,,,,False
single-slotted,Krueger,single-slotted + Krueger,4,0.45,,0.55,0.28,0.15,0.15,0.72,0.3908142857142857,0.5876022939622397,0.8051,0.4101962450875841,0.18677759617863834,2.186502868689642,2.007410716309775,19.845224475804216,19.332734071638008,0.8781136018833903,1.0037053581548876,False,,,,,,,,,,,False
single-slotted,Krueger,single-slotted + Krueger,4,0.46,,0.54,0.28,0.15,0.15,0.72,0.4012000000000001,0.6032175612689822,0.8051,0.42109702624701967,0.18677759617863834,2.1974036498490777,2.01504126312138,19.843362714565725,19.336089292257995,0.8824914256421997,1.00752063156069,False,,,,,,,,,,,False
single-slotted,Krueger,single-slotted + Krueger,4,0.47000000000000003,,0.53,0.28,0.15,0.15,0.72,0.41150000000000003,0.6187039542925875,0.8051,0.4319078422249465,0.18677759617863834,2.2082144658270044,2.0226088343059287,19.841516318619433,19.339416821923766,0.8868331188060258,1.0113044171529644,False,,,,,,,,,,,False
single-slotted,Krueger,single-slotted + Krueger,4,0.48,,0.52,0.28,0.15,0.15,0.72,0.4217142857142858,0.6340614730330563,0.8051,0.44262869302136515,0.18677759617863834,2.218935316623423,2.030113429863422,19.839685287965345,19.342716660635315,0.8911386813748686,1.015056714931711,False,,,,,,,,,,,False
single-slotted,Krueger,single-slotted + Krueger,4,0.49,,0.51,0.28,0.15,0.15,0.72,0.4318428571428572,0.6492901174903881,0.8051,0.4532595786362752,0.18677759617863834,2.229566202238333,2.037555049793859,19.837869622603453,19.345988808392644,0.895408113348728,1.0187775248969295,False,,,,,,,,,,,False
single-slotted,Krueger,single-slotted + Krueger,4,0.5,,0.5,0.28,0.15,0.15,0.72,0.4418857142857143,0.6643898876645832,0.8051,0.463800499069677,0.18677759617863834,2.240107122671735,2.04493369409724,19.836069322533774,19.349233265195743,0.8996414147276044,1.02246684704862,False,,,,,,,,,,,False
single-slotted,Krueger,single-slotted + Krueger,4,0.51,,0.49,0.28,0.15,0.15,0.72,0.45184285714285716,0.6793607835556413,0.8051,0.4742514543215703,0.18677759617863834,2.2505580779236283,2.0522493627735656,19.83428438775629,19.352450031044626,0.9038385855114972,1.0261246813867828,False,,,,,,,,,,,False
single-slotted,Krueger,single-slotted + Krueger,4,0.52,,0.48,0.28,0.15,0.15,0.72,0.46171428571428574,0.6942028051635628,0.8051,0.4846124443919553,0.18677759617863834,2.260919067994013,2.059502055822835,19.832514818271008,19.35563910593928,0.9079996257004067,1.0297510279114175,False,,,,,,,,,,,False
single-slotted,Krueger,single-slotted + Krueger,4,0.53,,0.47,0.28,0.15,0.15,0.72,0.47150000000000014,0.7089159524883477,0.8051,0.4948834692808319,0.18677759617863834,2.2711900928828896,2.0666917732450485,19.83076061407793,19.35880048987971,0.9121245352943331,1.0333458866225242,False,,,,,,,,,,,False
single-slotted,Krueger,single-slotted + Krueger,4,0.54,,0.45999999999999996,0.28,0.15,0.15,0.72,0.4812000000000001,0.7235002255299955,0.8051,0.5050645289882,0.18677759617863834,2.281371152590258,2.073818515040206,19.829021775177054,19.361934182865923,0.9162133142932761,1.036909257520103,False,,,,,,,,,,,False
single-slotted,Krueger,single-slotted + Krueger,4,0.55,,0.44999999999999996,0.28,0.15,0.15,0.72,0.49081428571428587,0.7379556242885067,0.8051,0.5151556235140597,0.18677759617863834,2.2914622471161175,2.080882281208308,19.82729830156838,19.365040184897907,0.9202659626972358,1.040441140604154,False,,,,,,,,,,,False
single-slotted,Krueger,single-slotted + Krueger,4,0.56,,0.43999999999999995,0.28,0.15,0.15,0.72,0.5003428571428573,0.7522821487638809,0.8051,0.5251567528584111,0.18677759617863834,2.301463376460469,2.087883071749354,19.825590193251912,19.36811849597568,0.9242824805062124,1.043941535874677,False,,,,,,,,,,,False
single-slotted,Krueger,single-slotted + Krueger,4,0.5700000000000001,,0.42999999999999994,0.28,0.15,0.15,0.72,0.5097857142857144,0.7664797989561183,0.8051,0.5350679170212539,0.18677759617863834,2.3113745406233117,2.094820886663344,19.82389745022764,19.371169116099217,0.9282628677202054,1.047410443331672,False,,,,,,,,,,,False
single-slotted,Krueger,single-slotted + Krueger,4,0.5800000000000001,,0.41999999999999993,0.28,0.15,0.15,0.72,0.5191428571428572,0.780548574865219,0.8051,0.5448891160025884,0.18677759617863834,2.3211957396046463,2.101695725950278,19.822220072495572,19.374192045268533,0.9322071243392153,1.050847862975139,False,,,,,,,,,,,False
single-slotted,Krueger,single-slotted + Krueger,4,0.5900000000000001,,0.4099999999999999,0.28,0.15,0.15,0.72,0.5284142857142858,0.7944884764911829,0.8051,0.5546203498024145,0.18677759617863834,2.3309269734044724,2.1085075896101566,19.82055806005571,19.377187283483636,0.9361152503632418,1.0542537948050783,False,,,,,,,,,,,False
single-slotted,Krueger,single-slotted + Krueger,4,0.6,,0.4,0.28,0.15,0.15,0.72,0.5376000000000001,0.8082995038340098,0.8051,0.5642616184207322,0.18677759617863834,2.34056824202279,2.115256477642979,19.818911412908047,19.380154830744512,0.9399872457922851,1.0576282388214895,False,,,,,,,,,,,False
single-slotted,Krueger,single-slotted + Krueger,4,0.61,,0.39,0.28,0.15,0.15,0.72,0.5467000000000001,0.8219816568937002,0.8051,0.5738129218575414,0.18677759617863834,2.350119545459599,2.121942390048745,19.817280131052584,19.38309468705116,0.9438231106263449,1.0609711950243725,False,,,,,,,,,,,False
single-slotted,Krueger,single-slotted + Krueger,4,0.62,,0.38,0.28,0.15,0.15,0.72,0.5557142857142858,0.8355349356702537,0.8051,0.5832742601128422,0.18677759617863834,2.3595808837149,2.128565326827456,19.815664214489324,19.38600685240359,0.9476228448654217,1.064282663413728,False,,,,,,,,,,,False
single-slotted,Krueger,single-slotted + Krueger,4,0.63,,0.37,0.28,0.15,0.15,0.72,0.5646428571428571,0.8489593401636701,0.8051,0.5926456331866345,0.18677759617863834,2.3689522567886923,2.1351252879791103,19.814063663218267,19.38889132680179,0.9513864485095149,1.0675626439895551,False,,,,,,,,,,,False
single-slotted,Krueger,single-slotted + Krueger,4,0.64,,0.36,0.28,0.15,0.15,0.72,0.5734857142857144,0.8622548703739502,0.8051,0.6019270410789187,0.18677759617863834,2.3782336646809767,2.1416222735037094,19.812478477239416,19.39174811024578,0.9551139215586251,1.0708111367518547,False,,,,,,,,,,,False
single-slotted,Krueger,single-slotted + Krueger,4,0.65,,0.35,0.28,0.15,0.15,0.72,0.5822428571428573,0.8754215263010933,0.8051,0.6111184837896944,0.18677759617863834,2.3874251073917523,2.148056283401252,19.810908656552762,19.394577202735537,0.9588052640127518,1.074028141700626,False,,,,,,,,,,,False
single-slotted,Krueger,single-slotted + Krueger,4,0.66,,0.33999999999999997,0.28,0.15,0.15,0.72,0.5909142857142858,0.8884593079450995,0.8051,0.6202199613189616,0.18677759617863834,2.3965265849210193,2.1544273176717397,19.80935420115831,19.39737860427108,0.9624604758718952,1.0772136588358698,False,,,,,,,,,,,False
single-slotted,Krueger,single-slotted + Krueger,4,0.67,,0.32999999999999996,0.28,0.15,0.15,0.72,0.5995000000000001,0.9013682153059691,0.8051,0.6292314736667205,0.18677759617863834,2.4055380972687783,2.160735376315171,19.807815111056065,19.40015231485239,0.9660795571360554,1.0803676881575854,False,,,,,,,,,,,False
single-slotted,Krueger,single-slotted + Krueger,4,0.68,,0.31999999999999995,0.28,0.15,0.15,0.72,0.6080000000000001,0.9141482483837017,0.8051,0.6381530208329709,0.18677759617863834,2.414459644435029,2.166980459331546,19.806291386246016,19.40289833447948,0.9696625078052323,1.083490229665773,False,,,,,,,,,,,False
single-slotted,Krueger,single-slotted + Krueger,4,0.6900000000000001,,0.30999999999999994,0.28,0.15,0.15,0.72,0.6164142857142858,0.9267994071782976,0.8051,0.6469846028177129,0.18677759617863834,2.423291226419771,2.1731625667208654,19.804783026728174,19.405616663152355,0.9732093278794259,1.0865812833604327,False,,,,,,,,,,,False
single-slotted,Krueger,single-slotted + Krueger,4,0.7,,0.30000000000000004,0.28,0.15,0.15,0.72,0.6247428571428572,0.9393216916897564,0.8051,0.6557262196209463,0.18677759617863834,2.4320328432230043,2.1792816984831287,19.80329003250253,19.408307300870998,0.9767200173586362,1.0896408492415643,False,,,,,,,,,,,False
single-slotted,Krueger,single-slotted + Krueger,4,0.71,,0.29000000000000004,0.28,0.15,0.15,0.72,0.6329857142857144,0.9517151019180788,0.8051,0.6643778712426717,0.18677759617863834,2.4406844948447297,2.1853378546183366,19.801812403569095,19.410970247635426,0.9801945762428632,1.0926689273091683,False,,,,,,,,,,,False
single-slotted,Krueger,single-slotted + Krueger,4,0.72,,0.28,0.28,0.15,0.15,0.72,0.6411428571428572,0.9639796378632643,0.8051,0.6729395576828884,0.18677759617863834,2.449246181284946,2.1913310351264883,19.800350139927854,19.413605503445623,0.9836330045321068,1.0956655175632442,False,,,,,,,,,,,False
single-slotted,Krueger,single-slotted + Krueger,4,0.73,,0.27,0.28,0.15,0.15,0.72,0.6492142857142857,0.976115299525313,0.8051,0.6814112789415967,0.18677759617863834,2.4577179025436546,2.1972612400075837,19.79890324157882,19.416213068301598,0.9870353022263673,1.0986306200037919,False,,,,,,,,,,,False
single-slotted,Krueger,single-slotted + Krueger,4,0.74,,0.26,0.28,0.15,0.15,0.72,0.6572,0.9881220869042248,0.8051,0.6897930350187966,0.18677759617863834,2.4660996586208546,2.2031284692616238,19.797471708521986,19.418792942203353,0.9904014693256443,1.1015642346308119,False,,,,,,,,,,,False
single-slotted,Krueger,single-slotted + Krueger,4,0.75,,0.25,0.28,0.15,0.15,0.72,0.6651000000000001,1.0,0.8051,0.6980848259144884,0.18677759617863834,2.4743914495165464,2.2089327228886084,19.796055540757358,19.421345125150893,0.9937315058299382,1.1044663614443042,False,,,,,,,,,,,False
single-slotted,slat,single-slotted + slat,4,0.13,0.6657873916625976,0.87,0.28,0.2,0.2,0.72,0.013214285714285729,0.019868118650256693,0.8051,0.013869632149212843,0.2750251100201494,1.8784237695927817,1.7917553469419731,19.258721644932454,18.782964382919925,0.754387056061358,0.8958776734709866,False,,,,,,,,,,,False
single-slotted,slat,single-slotted + slat,4,0.13999999999999999,0.6657873916625976,0.86,0.28,0.2,0.2,0.72,0.026342857142857133,0.03960736301737652,0.8051,0.027649299116917235,0.2750251100201494,1.892203436560486,1.8014011138193662,19.243380241175718,18.78069610557538,0.7599210588596329,0.9007005569096831,False,,,,,,,,,,,False
single-slotted,slat,single-slotted + slat,4,0.15,0.6657873916625976,0.85,0.28,0.2,0.2,0.72,0.03938571428571429,0.05921773310135962,0.8051,0.04133900090311326,0.2750251100201494,1.9058931383466822,1.8109839050697034,19.22813899892338,18.778442637440914,0.7654189310629245,0.9054919525348517,False,,,,,,,,,,,False
single-slotted,slat,single-slotted + slat,4,0.16,0.6657873916625976,0.84,0.28,0.2,0.2,0.72,0.05234285714285716,0.07869922890220592,0.8051,0.054938737507800886,0.2750251100201494,1.9194928749513698,1.8205037206929846,19.212997918175436,18.776203978516538,0.7708806726712327,0.9102518603464923,False,,,,,,,,,,,False
single-slotted,slat,single-slotted + slat,4,0.16999999999999998,0.6657873916625976,0.8300000000000001,0.28,0.2,0.2,0.72,0.06521428571428571,0.09805185041991535,0.8051,0.06844850893098006,0.2750251100201494,1.933002646374549,1.8299605606892102,19.197956998931893,18.773980128802247,0.7763062836845578,0.9149802803446051,False,,,,,,,,,,,False
single-slotted,slat,single-slotted + slat,4,0.18,0.6657873916625976,0.8200000000000001,0.28,0.2,0.2,0.72,0.078,0.11727559765448803,0.8051,0.08186831517265085,0.2750251100201494,1.9464224526162197,1.8393544250583798,19.18301624119274,18.77177108829804,0.7816957641028994,0.9196772125291899,False,,,,,,,,,,,False
single-slotted,slat,single-slotted + slat,4,0.19,0.6657873916625976,0.81,0.28,0.2,0.2,0.72,0.09070000000000003,0.13637047060592394,0.8051,0.09519815623281326,0.2750251100201494,1.9597522936763823,1.8486853138004933,19.168175644957987,18.769576857003912,0.7870491139262579,0.9243426569002466,False,,,,,,,,,,,False
single-slotted,slat,single-slotted + slat,4,0.2,0.6657873916625976,0.8,0.28,0.2,0.2,0.72,0.10331428571428575,0.155336469274223,0.8051,0.10843803211146724,0.2750251100201494,1.972992169555036,1.8579532269155512,19.15343521022763,18.76739743491987,0.7923663331546329,0.9289766134577756,False,,,,,,,,,,,False
single-slotted,slat,single-slotted + slat,4,0.21,0.6657873916625976,0.79,0.28,0.2,0.2,0.72,0.11584285714285718,0.17417359365938528,0.8051,0.1215879428086128,0.2750251100201494,1.9861420802521816,1.867158164403553,19.13879493700167,18.765232822045917,0.7976474217880247,0.9335790822017765,False,,,,,,,,,,,False
single-slotted,slat,single-slotted + slat,4,0.22,0.6657873916625976,0.78,0.28,0.2,0.2,0.72,0.1282857142857143,0.19288184376141074,0.8051,0.13464788832424995,0.2750251100201494,1.999202025767819,1.876300126264499,19.124254825280108,18.76308301838204,0.8028923798264332,0.9381500631322495,False,,,,,,,,,,,False
single-slotted,slat,single-slotted + slat,4,0.22999999999999998,0.6657873916625976,0.77,0.28,0.2,0.2,0.72,0.14064285714285715,0.2114612195802994,0.8051,0.1476178686583787,0.2750251100201494,2.0121720061019475,1.8853791124983892,19.109814875062938,18.760948023928254,0.8081012072698583,0.9426895562491946,False,,,,,,,,,,,False
single-slotted,slat,single-slotted + slat,4,0.24,0.6657873916625976,0.76,0.28,0.2,0.2,0.72,0.15291428571428572,0.22991172111605127,0.8051,0.16049788381099903,0.2750251100201494,2.025052021254568,1.8943951231052234,19.09547508635017,18.75882783868455,0.8132739041183004,0.9471975615526117,False,,,,,,,,,,,False
single-slotted,slat,single-slotted + slat,4,0.25,0.6657873916625976,0.75,0.28,0.2,0.2,0.72,0.1651,0.2482333483686663,0.8051,0.17328793378211096,0.2750251100201494,2.03784207122568,1.9033481580850018,19.081235459141798,18.75672246265093,0.818410470371759,0.9516740790425009,False,,,,,,,,,,,False
single-slotted,slat,single-slotted + slat,4,0.26,0.6657873916625976,0.74,0.28,0.2,0.2,0.72,0.17720000000000002,0.26642610133814465,0.8051,0.18598801857171454,0.2750251100201494,2.0505421560152834,1.9122382174377242,19.067095993437817,18.754631895827394,0.8235109060302342,0.9561191087188621,False,,,,,,,,,,,False
single-slotted,slat,single-slotted + slat,4,0.27,0.6657873916625976,0.73,0.28,0.2,0.2,0.72,0.18921428571428578,0.28448998002448617,0.8051,0.1985981381798097,0.2750251100201494,2.0631522756233784,1.921065301163391,19.053056689238232,18.75255613821394,0.8285752110937262,0.9605326505816955,False,,,,,,,,,,,False
single-slotted,slat,single-slotted + slat,4,0.28,0.6657873916625976,0.72,0.28,0.2,0.2,0.72,0.2011428571428572,0.30242498442769083,0.8051,0.21111829260639642,0.2750251100201494,2.0756724300499654,1.9298294092620016,19.03911754654305,18.75049518981057,0.833603385562235,0.9649147046310008,False,,,,,,,,,,,False
single-slotted,slat,single-slotted + slat,4,0.29000000000000004,0.6657873916625976,0.71,0.28,0.2,0.2,0.72,0.21298571428571436,0.3202311145477587,0.8051,0.22354848185147472,0.2750251100201494,2.088102619295044,1.9385305417335563,19.025278565352266,18.74844905061729,0.8385954294357605,0.9692652708667782,False,,,,,,,,,,,False
single-slotted,slat,single-slotted + slat,4,0.3,0.6657873916625976,0.7,0.28,0.2,0.2,0.72,0.2247428571428572,0.33790837038468974,0.8051,0.23588870591504457,0.2750251100201494,2.1004428433586133,1.9471686985780554,19.011539745665868,18.74641772063409,0.8435513427143024,0.9735843492890277,False,,,,,,,,,,,False
single-slotted,slat,single-slotted + slat,4,0.31,0.6657873916625976,0.69,0.28,0.2,0.2,0.72,0.23641428571428574,0.355456751938484,0.8051,0.24813896479710607,0.2750251100201494,2.1126931022406747,1.9557438797954982,18.997901087483875,18.744401199860974,0.8484711253978613,0.9778719398977491,False,,,,,,,,,,,False
single-slotted,slat,single-slotted + slat,4,0.32,0.6657873916625976,0.6799999999999999,0.28,0.2,0.2,0.72,0.24800000000000008,0.3728762592091415,0.8051,0.2602992584976592,0.2750251100201494,2.124853395941228,1.9642560853858855,18.984362590806278,18.74239948829794,0.853354777486437,0.9821280426929427,False,,,,,,,,,,,False
single-slotted,slat,single-slotted + slat,4,0.32999999999999996,0.6657873916625976,0.67,0.28,0.2,0.2,0.72,0.2595,0.39016689219666206,0.8051,0.2723695870167038,0.2750251100201494,2.1369237244602726,1.9727053153492167,18.970924255633076,18.74041258594499,0.8582022989800291,0.9863526576746083,False,,,,,,,,,,,False
single-slotted,slat,single-slotted + slat,4,0.33999999999999997,0.6657873916625976,0.66,0.28,0.2,0.2,0.72,0.2709142857142857,0.407328650901046,0.8051,0.2843499503542401,0.2750251100201494,2.148904087797809,1.981091569685492,18.95758608196427,18.738440492802127,0.863013689878638,0.990545784842746,False,,,,,,,,,,,False
single-slotted,slat,single-slotted + slat,4,0.35,0.6657873916625976,0.65,0.28,0.2,0.2,0.72,0.28224285714285713,0.424361535322293,0.8051,0.2962403485102679,0.2750251100201494,2.160794485953837,1.9894148483947116,18.94434806979986,18.73648320886935,0.8677889501822638,0.9947074241973558,False,,,,,,,,,,,False
single-slotted,slat,single-slotted + slat,4,0.36,0.6657873916625976,0.64,0.28,0.2,0.2,0.72,0.2934857142857143,0.4412655454604033,0.8051,0.30804078148478736,0.2750251100201494,2.172594918928356,1.9976751514768751,18.93121021913985,18.734540734146655,0.8725280798909061,0.9988375757384376,False,,,,,,,,,,,False
single-slotted,slat,single-slotted + slat,4,0.37,0.6657873916625976,0.63,0.28,0.2,0.2,0.72,0.30464285714285716,0.4580406813153768,0.8051,0.31975124927779847,0.2750251100201494,2.184305386721367,2.005872478931983,18.91817252998423,18.732613068634045,0.877231079004565,1.0029362394659915,False,,,,,,,,,,,False
single-slotted,slat,single-slotted + slat,4,0.38,0.6657873916625976,0.62,0.28,0.2,0.2,0.72,0.3157142857142858,0.4746869428872135,0.8051,0.3313717518893011,0.2750251100201494,2.19592588933287,2.0140068307600347,18.90523500233301,18.730700212331513,0.8818979475232409,1.0070034153800174,False,,,,,,,,,,,False
single-slotted,slat,single-slotted + slat,4,0.39,0.6657873916625976,0.61,0.28,0.2,0.2,0.72,0.32670000000000005,0.49120433017591336,0.8051,0.34290228931929534,0.2750251100201494,2.2074564267628642,2.022078206961031,18.892397636186192,18.728802165239074,0.8865286854469333,1.0110391034805155,False,,,,,,,,,,,False
single-slotted,slat,single-slotted + slat,4,0.4,0.6657873916625976,0.6,0.28,0.2,0.2,0.72,0.33760000000000007,0.5075928431814765,0.8051,0.35434286156778116,0.2750251100201494,2.21889699901135,2.030086607534971,18.879660431543765,18.726918927356714,0.8911232927756425,1.0150433037674855,False,,,,,,,,,,,False
single-slotted,slat,single-slotted + slat,4,0.41,0.6657873916625976,0.5900000000000001,0.28,0.2,0.2,0.72,0.3484142857142858,0.5238524819039028,0.8051,0.3656934686347586,0.2750251100201494,2.2302476060783274,2.038032032481855,18.867023388405734,18.725050498684435,0.8956817695093684,1.0190160162409274,False,,,,,,,,,,,False
single-slotted,slat,single-slotted + slat,4,0.42,0.6657873916625976,0.5800000000000001,0.28,0.2,0.2,0.72,0.3591428571428572,0.5399832463431922,0.8051,0.3769541105202276,0.2750251100201494,2.2415082479637967,2.0459144818016832,18.854486506772105,18.723196879222247,0.900204115648111,1.0229572409008416,False,,,,,,,,,,,False
single-slotted,slat,single-slotted + slat,4,0.43,0.6657873916625976,0.5700000000000001,0.28,0.2,0.2,0.72,0.36978571428571433,0.5559851364993449,0.8051,0.3881247872241882,0.2750251100201494,2.252678924667757,2.053733955494456,18.842049786642864,18.72135806897014,0.9046903311918701,1.026866977747228,False,,,,,,,,,,,False
single-slotted,slat,single-slotted + slat,4,0.44,0.6657873916625976,0.56,0.28,0.2,0.2,0.72,0.38034285714285715,0.5718581523723607,0.8051,0.39920549874664035,0.2750251100201494,2.2637596361902093,2.061490453560172,18.829713228018026,18.719534067928116,0.9091404161406462,1.030745226780086,False,,,,,,,,,,,False
single-slotted,slat,single-slotted + slat,4,0.45,0.6657873916625976,0.55,0.28,0.2,0.2,0.72,0.3908142857142857,0.5876022939622397,0.8051,0.4101962450875841,0.2750251100201494,2.274750382531153,2.069183975998833,18.817476830897583,18.71772487609618,0.9135543704944389,1.0345919879994165,False,,,,,,,,,,,False
single-slotted,slat,single-slotted + slat,4,0.46,0.6657873916625976,0.54,0.28,0.2,0.2,0.72,0.4012000000000001,0.6032175612689822,0.8051,0.42109702624701967,0.2750251100201494,2.2856511636905887,2.0768145228104378,18.805340595281535,18.71593049347432,0.9179321942532485,1.0384072614052189,False,,,,,,,,,,,False
single-slotted,slat,single-slotted + slat,4,0.47000000000000003,0.6657873916625976,0.53,0.28,0.2,0.2,0.72,0.41150000000000003,0.6187039542925875,0.8051,0.4319078422249465,0.2750251100201494,2.2964619796685155,2.0843820939949866,18.793304521169887,18.714150920062554,0.9222738874170744,1.0421910469974933,False,,,,,,,,,,,False
single-slotted,slat,single-slotted + slat,4,0.48,0.6657873916625976,0.52,0.28,0.2,0.2,0.72,0.4217142857142858,0.6340614730330563,0.8051,0.44262869302136515,0.2750251100201494,2.307182830464934,2.0918866895524797,18.78136860856263,18.71238615586087,0.9265794499859172,1.0459433447762398,False,,,,,,,,,,,False
single-slotted,slat,single-slotted + slat,4,0.49,0.6657873916625976,0.51,0.28,0.2,0.2,0.72,0.4318428571428572,0.6492901174903881,0.8051,0.4532595786362752,0.2750251100201494,2.317813716079844,2.0993283094829165,18.76953285745977,18.710636200869263,0.9308488819597767,1.0496641547414582,False,,,,,,,,,,,False
single-slotted,slat,single-slotted + slat,4,0.5,0.6657873916625976,0.5,0.28,0.2,0.2,0.72,0.4418857142857143,0.6643898876645832,0.8051,0.463800499069677,0.2750251100201494,2.3283546365132457,2.106706953786298,18.75779726786131,18.708901055087747,0.9350821833386528,1.053353476893149,False,,,,,,,,,,,False
single-slotted,slat,single-slotted + slat,4,0.51,0.6657873916625976,0.49,0.28,0.2,0.2,0.72,0.45184285714285716,0.6793607835556413,0.8051,0.4742514543215703,0.2750251100201494,2.338805591765139,2.114022622462623,18.746161839767243,18.707180718516312,0.9392793541225457,1.0570113112313115,False,,,,,,,,,,,False
single-slotted,slat,single-slotted + slat,4,0.52,0.6657873916625976,0.48,0.28,0.2,0.2,0.72,0.46171428571428574,0.6942028051635628,0.8051,0.4846124443919553,0.2750251100201494,2.349166581835524,2.121275315511893,18.73462657317758,18.705475191154964,0.9434403943114553,1.0606376577559464,False,,,,,,,,,,,False
single-slotted,slat,single-slotted + slat,4,0.53,0.6657873916625976,0.47,0.28,0.2,0.2,0.72,0.47150000000000014,0.7089159524883477,0.8051,0.4948834692808319,0.2750251100201494,2.3594376067244007,2.1284650329341064,18.72319146809231,18.703784473003694,0.9475653039053817,1.0642325164670532,False,,,,,,,,,,,False
single-slotted,slat,single-slotted + slat,4,0.54,0.6657873916625976,0.45999999999999996,0.28,0.2,0.2,0.72,0.4812000000000001,0.7235002255299955,0.8051,0.5050645289882,0.2750251100201494,2.369618666431769,2.135591774729264,18.711856524511433,18.702108564062517,0.9516540829043247,1.067795887364632,False,,,,,,,,,,,False
single-slotted,slat,single-slotted + slat,4,0.55,0.6657873916625976,0.44999999999999996,0.28,0.2,0.2,0.72,0.49081428571428587,0.7379556242885067,0.8051,0.5151556235140597,0.2750251100201494,2.3797097609576285,2.142655540897366,18.700621742434954,18.700447464331415,0.9557067313082844,1.071327770448683,False,,,,,,,,,,,False
single-slotted,slat,single-slotted + slat,4,0.56,0.6657873916625976,0.43999999999999995,0.28,0.2,0.2,0.72,0.5003428571428573,0.7522821487638809,0.8051,0.5251567528584111,0.2750251100201494,2.38971089030198,2.149656331438412,18.689487121862875,18.698801173810406,0.959723249117261,1.074828165719206,False,,,,,,,,,,,False
single-slotted,slat,single-slotted + slat,4,0.5700000000000001,0.6657873916625976,0.42999999999999994,0.28,0.2,0.2,0.72,0.5097857142857144,0.7664797989561183,0.8051,0.5350679170212539,0.2750251100201494,2.399622054464823,2.156594146352402,18.67845266279519,18.697169692499475,0.963703636331254,1.078297073176201,False,,,,,,,,,,,False
single-slotted,slat,single-slotted + slat,4,0.5800000000000001,0.6657873916625976,0.41999999999999993,0.28,0.2,0.2,0.72,0.5191428571428572,0.780548574865219,0.8051,0.5448891160025884,0.2750251100201494,2.4094432534461574,2.163468985639336,18.6675183652319,18.695553020398624,0.9676478929502639,1.081734492819668,False,,,,,,,,,,,False
single-slotted,slat,single-slotted + slat,4,0.5900000000000001,0.6657873916625976,0.4099999999999999,0.28,0.2,0.2,0.72,0.5284142857142858,0.7944884764911829,0.8051,0.5546203498024145,0.2750251100201494,2.4191744872459835,2.170280849299214,18.65668422917301,18.69395115750786,0.9715560189742904,1.085140424649607,False,,,,,,,,,,,False
single-slotted,slat,single-slotted + slat,4,0.6,0.6657873916625976,0.4,0.28,0.2,0.2,0.72,0.5376000000000001,0.8082995038340098,0.8051,0.5642616184207322,0.2750251100201494,2.428815755864301,2.1770297373320364,18.645950254618516,18.692364103827188,0.9754280144033337,1.0885148686660182,False,,,,,,,,,,,False
single-slotted,slat,single-slotted + slat,4,0.61,0.6657873916625976,0.39,0.28,0.2,0.2,0.72,0.5467000000000001,0.8219816568937002,0.8051,0.5738129218575414,0.2750251100201494,2.43836705930111,2.183715649737803,18.635316441568413,18.690791859356594,0.9792638792373936,1.0918578248689015,False,,,,,,,,,,,False
single-slotted,slat,single-slotted + slat,4,0.62,0.6657873916625976,0.38,0.28,0.2,0.2,0.72,0.5557142857142858,0.8355349356702537,0.8051,0.5832742601128422,0.2750251100201494,2.4478283975564112,2.1903385865165137,18.624782790022714,18.689234424096085,0.9830636134764703,1.0951692932582568,False,,,,,,,,,,,False
single-slotted,slat,single-slotted + slat,4,0.63,0.6657873916625976,0.37,0.28,0.2,0.2,0.72,0.5646428571428571,0.8489593401636701,0.8051,0.5926456331866345,0.2750251100201494,2.4571997706302033,2.196898547668168,18.614349299981402,18.68769179804566,0.9868272171205635,1.098449273834084,False,,,,,,,,,,,False
single-slotted,slat,single-slotted + slat,4,0.64,0.6657873916625976,0.36,0.28,0.2,0.2,0.72,0.5734857142857144,0.8622548703739502,0.8051,0.6019270410789187,0.2750251100201494,2.4664811785224874,2.2033955331927673,18.604015971444493,18.686163981205322,0.9905546901696736,1.1016977665963836,False,,,,,,,,,,,False
single-slotted,slat,single-slotted + slat,4,0.65,0.6657873916625976,0.35,0.28,0.2,0.2,0.72,0.5822428571428573,0.8754215263010933,0.8051,0.6111184837896944,0.2750251100201494,2.4756726212332634,2.20982954309031,18.593782804411983,18.68465097357506,0.9942460326238005,1.104914771545155,False,,,,,,,,,,,False
single-slotted,slat,single-slotted + slat,4,0.66,0.6657873916625976,0.33999999999999997,0.28,0.2,0.2,0.72,0.5909142857142858,0.8884593079450995,0.8051,0.6202199613189616,0.2750251100201494,2.4847740987625304,2.216200577360797,18.583649798883865,18.683152775154888,0.9979012444829438,1.1081002886803986,False,,,,,,,,,,,False
single-slotted,slat,single-slotted + slat,4,0.6657873916625976,0.6657873916625976,0.3342126083374024,0.28,0.2,0.2,0.72,0.5958936234193316,0.8959459080128274,0.8051,0.6254462432239328,0.2750251100201494,2.4900003806675017,2.219858974694277,18.577831189403785,18.682292474476434,1.0000001528785147,1.1099294873471386,True,3.271697782964024e-07,3.27169779209674e-07,0.0,1.0,0.2053368843832627,0.75,3.271697787530382e-07,0.6026684421916313,0.30133422109581565,0.3504448494218648,False
single-slotted,slat,single-slotted + slat,4,0.67,0.6657873916625976,0.32999999999999996,0.28,0.2,0.2,0.72,0.5995000000000001,0.9013682153059691,0.8051,0.6292314736667205,0.2750251100201494,2.4937856111102894,2.2225086360042283,18.57361695486015,18.6816693859448,1.0015203257471041,1.1112543180021142,True,0.00589118243542035,0.005891182435420831,0.0,1.0,0.1946366835119735,0.75,0.00589118243542059,0.5973183417559867,0.2986591708779934,0.35151678443780465,False
single-slotted,slat,single-slotted + slat,4,0.68,0.6657873916625976,0.31999999999999995,0.28,0.2,0.2,0.72,0.6080000000000001,0.9141482483837017,0.8051,0.6381530208329709,0.2750251100201494,2.50270715827654,2.2287537190206037,18.56368427234083,18.680200805944796,1.005103276416281,1.1143768595103019,True,0.019775553254142885,0.019775553254143437,0.0,1.0,0.16941699128862342,0.75,0.01977555325414316,0.5847084956443117,0.29235424782215585,0.354043267025433,False
single-slotted,slat,single-slotted + slat,4,0.6900000000000001,0.6657873916625976,0.30999999999999994,0.28,0.2,0.2,0.72,0.6164142857142858,0.9267994071782976,0.8051,0.6469846028177129,0.2750251100201494,2.511538740261282,2.234935826409923,18.5538517513259,18.67874703515487,1.0086500964904745,1.1174679132049614,True,0.03351991361082741,0.03351991361082767,0.0,1.0,0.14445161528937422,0.75,0.03351991361082754,0.5722258076446871,0.28611290382234356,0.3565442724777237,False
single-slotted,slat,single-slotted + slat,4,0.7,0.6657873916625976,0.30000000000000004,0.28,0.2,0.2,0.72,0.6247428571428572,0.9393216916897564,0.8051,0.6557262196209463,0.2750251100201494,2.5202803570645154,2.2410549581721866,18.54411939181537,18.677308073575038,1.0121607859696848,1.1205274790860933,True,0.04712426350547478,0.04712426350547551,0.0,1.0,0.11974055551422624,0.75,0.04712426350547515,0.5598702777571132,0.2799351388785566,0.3590198007946772,False
single-slotted,slat,single-slotted + slat,4,0.71,0.6657873916625976,0.29000000000000004,0.28,0.2,0.2,0.72,0.6329857142857144,0.9517151019180788,0.8051,0.6643778712426717,0.2750251100201494,2.5289320086862404,2.247111114307394,18.534487193809234,18.675883921205283,1.0156353448539117,1.123555557153697,True,0.06058860293808414,0.060588602938084976,0.0,1.0,0.09528381196317881,0.75,0.06058860293808456,0.5476419059815893,0.2738209529907947,0.36146985197629306,False
single-slotted,slat,single-slotted + slat,4,0.72,0.6657873916625976,0.28,0.28,0.2,0.2,0.72,0.6411428571428572,0.9639796378632643,0.8051,0.6729395576828884,0.2750251100201494,2.5374936951264573,2.2531042948155457,18.524955157307495,18.674474578045615,1.0190737731431554,1.1265521474077729,True,0.07391293190865635,0.07391293190865705,0.0,1.0,0.07108138463623259,0.75,0.07391293190865669,0.5355406923181163,0.26777034615905815,0.3638944260225716,False
single-slotted,slat,single-slotted + slat,4,0.73,0.6657873916625976,0.27,0.28,0.2,0.2,0.72,0.6492142857142857,0.976115299525313,0.8051,0.6814112789415967,0.2750251100201494,2.5459654163851657,2.2590344996966416,18.51552328231016,18.673080044096032,1.0224760708374159,1.1295172498483208,True,0.08709725041719141,0.08709725041719175,0.0,1.0,0.04713327353338759,0.75,0.08709725041719157,0.5235666367666938,0.2617833183833469,0.3662935229335128,False
single-slotted,slat,single-slotted + slat,4,0.74,0.6657873916625976,0.26,0.28,0.2,0.2,0.72,0.6572,0.9881220869042248,0.8051,0.6897930350187966,0.2750251100201494,2.5543471724623656,2.2649017289506816,18.50619156881721,18.671700319356532,1.025842237936693,1.1324508644753408,True,0.10014155846368844,0.10014155846368906,0.0,1.0,0.023439478654643575,0.75,0.10014155846368875,0.5117197393273218,0.2558598696636609,0.36866714270911655,False
single-slotted,slat,single-slotted + slat,4,0.75,0.6657873916625976,0.25,0.28,0.2,0.2,0.72,0.6651000000000001,1.0,0.8051,0.6980848259144884,0.2750251100201494,2.562638963358057,2.270705982577666,18.496960016828663,18.670335403827117,1.0291722744409866,1.135352991288833,True,0.11304585604814747,0.113045856048149,0.0,1.0,0.0,0.75,0.11304585604814824,0.5,0.25,0.3710152853493828,False
Fowler,none,Fowler,3,0.13,0.7446551513671875,0.87,0.3,0.0,0.12,0.7,0.013214285714285729,0.019868118650256693,0.0,0.01800468951404459,0.0,1.6075337169374642,1.6021323100832507,17.522496399263385,17.53756799904924,0.6455958702560096,0.8010661550416254,False,,,,,,,,,,,False
Fowler,none,Fowler,3,0.13999999999999999,0.7446551513671875,0.86,0.3,0.0,0.12,0.7,0.026342857142857133,0.03960736301737652,0.0,0.03589259185286289,0.0,1.6254216192762825,1.6146538417204235,17.491441345189923,17.52207063078846,0.6527797667776234,0.8073269208602117,False,,,,,,,,,,,False
Fowler,none,Fowler,3,0.15,0.7446551513671875,0.85,0.3,0.0,0.12,0.7,0.03938571428571429,0.05921773310135962,0.0,0.05366370701645501,0.0,1.6431927344398745,1.627093622334938,17.459468497061273,17.506121489574113,0.6599167608192267,0.813546811167469,False,,,,,,,,,,,False
Fowler,none,Fowler,3,0.16,0.7446551513671875,0.84,0.3,0.0,0.12,0.7,0.05234285714285716,0.07869922890220592,0.0,0.0713180350048209,0.0,1.6608470624282403,1.639451651926794,17.42661265526187,17.489735876722172,0.6670068523808194,0.819725825963397,False,,,,,,,,,,,False
Fowler,none,Fowler,3,0.16999999999999998,0.7446551513671875,0.8300000000000001,0.3,0.0,0.12,0.7,0.06521428571428571,0.09805185041991535,0.0,0.0888555758179605,0.0,1.67838460324138,1.6517279304959918,17.392907779800026,17.472928800408063,0.6740500414624016,0.8258639652479959,False,,,,,,,,,,,False
Fowler,none,Fowler,3,0.18,0.7446551513671875,0.8200000000000001,0.3,0.0,0.12,0.7,0.078,0.11727559765448803,0.0,0.1062763294558739,0.0,1.6958053568792935,1.6639224580425311,17.358387014800705,17.4557149822485,0.6810463280639732,0.8319612290212656,False,,,,,,,,,,,False
Fowler,none,Fowler,3,0.19,0.7446551513671875,0.81,0.3,0.0,0.12,0.7,0.09070000000000003,0.13637047060592394,0.0,0.12358029591856111,0.0,1.7131093233419805,1.6760352345664122,17.323082712137662,17.438108863702308,0.6879957121855342,0.8380176172832061,False,,,,,,,,,,,False
Fowler,none,Fowler,3,0.2,0.7446551513671875,0.8,0.3,0.0,0.12,0.7,0.10331428571428575,0.155336469274223,0.0,0.14076747520602204,0.0,1.7302965026294415,1.6880662600676348,17.28702645423983,17.420124612295908,0.6948981938270848,0.8440331300338174,False,,,,,,,,,,,False
Fowler,none,Fowler,3,0.21,0.7446551513671875,0.79,0.3,0.0,0.12,0.7,0.11584285714285718,0.17417359365938528,0.0,0.15783786731825672,0.0,1.7473668947416763,1.7000155345461991,17.25024907610544,17.401776127679074,0.701753772988625,0.8500077672730996,False,,,,,,,,,,,False
Fowler,none,Fowler,3,0.22,0.7446551513671875,0.78,0.3,0.0,0.12,0.7,0.1282857142857143,0.19288184376141074,0.0,0.17479147225526515,0.0,1.7643204996786848,1.7118830580021052,17.212780686555483,17.38307704751617,0.7085624496701545,0.8559415290010526,False,,,,,,,,,,,False
Fowler,none,Fowler,3,0.22999999999999998,0.7446551513671875,0.77,0.3,0.0,0.12,0.7,0.14064285714285715,0.2114612195802994,0.0,0.19162829001704737,0.0,1.781157317440467,1.7236688304353527,17.174650688756987,17.364040753218053,0.7153242238716734,0.8618344152176763,False,,,,,,,,,,,False
Fowler,none,Fowler,3,0.24,0.7446551513671875,0.76,0.3,0.0,0.12,0.7,0.15291428571428572,0.22991172111605127,0.0,0.20834832060360337,0.0,1.797877348027023,1.735372851845942,17.13588780004507,17.3446803755196,0.7220390955931818,0.867686425922971,False,,,,,,,,,,,False
Fowler,none,Fowler,3,0.25,0.7446551513671875,0.75,0.3,0.0,0.12,0.7,0.1651,0.2482333483686663,0.0,0.2249515640149331,0.0,1.8144805914383526,1.7469951222338727,17.096520071071335,17.325008799907536,0.7287070648346797,0.8734975611169363,False,,,,,,,,,,,False
Fowler,none,Fowler,3,0.26,0.7446551513671875,0.74,0.3,0.0,0.12,0.7,0.17720000000000002,0.26642610133814465,0.0,0.24143802025103664,0.0,1.8309670476744562,1.758535641599145,17.056574904305105,17.30503867190328,0.7353281315961671,0.8792678207995726,False,,,,,,,,,,,False
Fowler,none,Fowler,3,0.27,0.7446551513671875,0.73,0.3,0.0,0.12,0.7,0.18921428571428578,0.28448998002448617,0.0,0.25780768931191395,0.0,1.8473367167353334,1.7699944099417593,17.016079071912735,17.28478240220516,0.7419022958776439,0.8849972049708796,False,,,,,,,,,,,False
Fowler,none,Fowler,3,0.28,0.7446551513671875,0.72,0.3,0.0,0.12,0.7,0.2011428571428572,0.30242498442769083,0.0,0.274060571197565,0.0,1.8635895986209845,1.781371427261715,16.975058733039045,17.264252171694334,0.7484295576791101,0.8906857136308575,False,,,,,,,,,,,False
Fowler,none,Fowler,3,0.29000000000000004,0.7446551513671875,0.71,0.3,0.0,0.12,0.7,0.21298571428571436,0.3202311145477587,0.0,0.2901966659079898,0.0,1.8797256933314093,1.7926666935590123,16.933539450514008,17.24345993630848,0.7549099170005659,0.8963333467795062,False,,,,,,,,,,,False
Fowler,none,Fowler,3,0.3,0.7446551513671875,0.7,0.3,0.0,0.12,0.7,0.2247428571428572,0.33790837038468974,0.0,0.30621597344318835,0.0,1.895745000866608,1.8038802088336514,16.89154620700669,17.22241743178733,0.7613433738420111,0.9019401044168257,False,,,,,,,,,,,False
Fowler,none,Fowler,3,0.31,0.7446551513671875,0.69,0.3,0.0,0.12,0.7,0.23641428571428574,0.355456751938484,0.0,0.32211849380316065,0.0,1.9116475212265802,1.815011973085632,16.8491034206475,17.201136178293833,0.7677299282034458,0.907505986542816,False,,,,,,,,,,,False
Fowler,none,Fowler,3,0.32,0.7446551513671875,0.6799999999999999,0.3,0.0,0.12,0.7,0.24800000000000008,0.3728762592091415,0.0,0.33790422698790684,0.0,1.9274332544113264,1.8260619863149543,16.80623496013892,17.179627484914697,0.7740695800848699,0.9130309931574772,False,,,,,,,,,,,False
Fowler,none,Fowler,3,0.32999999999999996,0.7446551513671875,0.67,0.3,0.0,0.12,0.7,0.2595,0.39016689219666206,0.0,0.35357317299742663,0.0,1.9431022004208462,1.8370302485216181,16.762964159374086,17.15790245404387,0.7803623294862836,0.9185151242608091,False,,,,,,,,,,,False
Fowler,none,Fowler,3,0.33999999999999997,0.7446551513671875,0.66,0.3,0.0,0.12,0.7,0.2709142857142857,0.407328650901046,0.0,0.36912533183172025,0.0,1.9586543592551398,1.8479167597056236,16.7193138315815,17.13597198565248,0.7866081764076865,0.9239583798528118,False,,,,,,,,,,,False
Fowler,none,Fowler,3,0.35,0.7446551513671875,0.65,0.3,0.0,0.12,0.7,0.28224285714285713,0.424361535322293,0.0,0.38456070349078764,0.0,1.9740897309142071,1.8587215198669709,16.67530628301371,17.11384678144852,0.7928071208490791,0.9293607599334854,False,,,,,,,,,,,False
Fowler,none,Fowler,3,0.36,0.7446551513671875,0.64,0.3,0.0,0.12,0.7,0.2934857142857143,0.4412655454604033,0.0,0.39987928797462885,0.0,1.9894083153980484,1.8694445290056596,16.630963326196824,17.091537348929595,0.7989591628104611,0.9347222645028298,False,,,,,,,,,,,False
Fowler,none,Fowler,3,0.37,0.7446551513671875,0.63,0.3,0.0,0.12,0.7,0.30464285714285716,0.4580406813153768,0.0,0.4150810852832438,0.0,2.004610112706663,1.88008578712169,16.58630629275695,17.069054005331722,0.8050643022918325,0.940042893560845,False,,,,,,,,,,,False
Fowler,none,Fowler,3,0.38,0.7446551513671875,0.62,0.3,0.0,0.12,0.7,0.3157142857142858,0.4746869428872135,0.0,0.43016609541663253,0.0,2.019695122840052,1.8906452942150622,16.541356045839326,17.0464068814774,0.8111225392931934,0.9453226471075311,False,,,,,,,,,,,False
Fowler,none,Fowler,3,0.39,0.7446551513671875,0.61,0.3,0.0,0.12,0.7,0.32670000000000005,0.49120433017591336,0.0,0.44513431837479495,0.0,2.0346633457982146,1.9011230502857759,16.496132992134722,17.023605925525686,0.8171338738145439,0.9505615251428879,False,,,,,,,,,,,False
Fowler,none,Fowler,3,0.4,0.7446551513671875,0.6,0.3,0.0,0.12,0.7,0.33760000000000007,0.5075928431814765,0.0,0.4599857541577312,0.0,2.0495147815811507,1.9115190553338313,16.450657093527553,17.00066090662718,0.8230983058558837,0.9557595276669156,False,,,,,,,,,,,False
Fowler,none,Fowler,3,0.41,0.7446551513671875,0.5900000000000001,0.3,0.0,0.12,0.7,0.3484142857142858,0.5238524819039028,0.0,0.47472040276544125,0.0,2.0642494301888608,1.9218333093592284,16.404947878379378,16.97758141848672,0.8290158354172131,0.9609166546796142,False,,,,,,,,,,,False
Fowler,none,Fowler,3,0.42,0.7446551513671875,0.5800000000000001,0.3,0.0,0.12,0.7,0.3591428571428572,0.5399832463431922,0.0,0.489338264197925,0.0,2.0788672916213446,1.932065812361967,16.359024452460677,16.954376882836254,0.8348864624985319,0.9660329061809835,False,,,,,,,,,,,False
Fowler,none,Fowler,3,0.43,0.7446551513671875,0.5700000000000001,0.3,0.0,0.12,0.7,0.36978571428571433,0.5559851364993449,0.0,0.5038393384551825,0.0,2.093368365878602,1.9422165643420473,16.312905509543704,16.931056552820582,0.8407101870998401,0.9711082821710236,False,,,,,,,,,,,False
Fowler,none,Fowler,3,0.44,0.7446551513671875,0.56,0.3,0.0,0.12,0.7,0.38034285714285715,0.5718581523723607,0.0,0.5182236255372137,0.0,2.107752652960633,1.952285565299469,16.266609341668346,16.907629516298442,0.8464870092211377,0.9761427826497345,False,,,,,,,,,,,False
Fowler,none,Fowler,3,0.45,0.7446551513671875,0.55,0.3,0.0,0.12,0.7,0.3908142857142857,0.5876022939622397,0.0,0.5324911254440188,0.0,2.1220201528674383,1.9622728152342326,16.220153849092476,16.884104699061172,0.852216928862425,0.9811364076171163,False,,,,,,,,,,,False
Fowler,none,Fowler,3,0.46,0.7446551513671875,0.54,0.3,0.0,0.12,0.7,0.4012000000000001,0.6032175612689822,0.0,0.5466418381755977,0.0,2.1361708655990173,1.9721783141463378,16.173556549938073,16.860490867971464,0.8578999460237017,0.9860891570731689,False,,,,,,,,,,,False
Fowler,none,Fowler,3,0.47000000000000003,0.7446551513671875,0.53,0.3,0.0,0.12,0.7,0.41150000000000003,0.6187039542925875,0.0,0.5606757637319502,0.0,2.1502047911553697,1.9820020620357846,16.12683458954358,16.836796634024314,0.8635360607049677,0.9910010310178923,False,,,,,,,,,,,False
Fowler,none,Fowler,3,0.48,0.7446551513671875,0.52,0.3,0.0,0.12,0.7,0.4217142857142858,0.6340614730330563,0.0,0.5745929021130766,0.0,2.164121929536496,1.991744058902573,16.080004749532787,16.81303045533233,0.8691252729062232,0.9958720294512865,False,,,,,,,,,,,False
Fowler,none,Fowler,3,0.49,0.7446551513671875,0.51,0.3,0.0,0.12,0.7,0.4318428571428572,0.6492901174903881,0.0,0.5883932533189766,0.0,2.177922280742396,2.001404304746703,16.033083456610072,16.789200640037567,0.8746675826274682,1.0007021523733515,False,,,,,,,,,,,False
Fowler,none,Fowler,3,0.5,0.7446551513671875,0.5,0.3,0.0,0.12,0.7,0.4418857142857143,0.6643898876645832,0.0,0.6020768173496506,0.0,2.19160584477307,2.010982799568175,15.986086791091335,16.765315349151848,0.8801629898687028,1.0054913997840875,False,,,,,,,,,,,False
Fowler,none,Fowler,3,0.51,0.7446551513671875,0.49,0.3,0.0,0.12,0.7,0.45184285714285716,0.6793607835556413,0.0,0.6156435942050982,0.0,2.2051726216285177,2.020479543366988,15.93903049517978,16.741382599327576,0.8856114946299267,1.010239771683494,False,,,,,,,,,,,False
Fowler,none,Fowler,3,0.52,0.7446551513671875,0.48,0.3,0.0,0.12,0.7,0.46171428571428574,0.6942028051635628,0.0,0.6290935838853196,0.0,2.218622611308739,2.0298945361431433,15.891929980995197,16.717410265560893,0.8910130969111401,1.0149472680715717,False,,,,,,,,,,,False
Fowler,none,Fowler,3,0.53,0.7446551513671875,0.47,0.3,0.0,0.12,0.7,0.47150000000000014,0.7089159524883477,0.0,0.6424267863903148,0.0,2.2319558138137343,2.03922777789664,15.844800338365024,16.693406083829057,0.896367796712343,1.01961388894832,False,,,,,,,,,,,False
Fowler,none,Fowler,3,0.54,0.7446551513671875,0.45999999999999996,0.3,0.0,0.12,0.7,0.4812000000000001,0.7235002255299955,0.0,0.6556432017200837,0.0,2.2451722291435035,2.048479268627478,15.797656342385322,16.669377653663798,0.9016755940335355,1.024239634313739,False,,,,,,,,,,,False
Fowler,none,Fowler,3,0.55,0.7446551513671875,0.44999999999999996,0.3,0.0,0.12,0.7,0.49081428571428587,0.7379556242885067,0.0,0.6687428298746264,0.0,2.258271857298046,2.057649008335658,15.750512460759337,16.645332440662422,0.9069364888747172,1.028824504167829,False,,,,,,,,,,,False
Fowler,none,Fowler,3,0.56,0.7446551513671875,0.43999999999999995,0.3,0.0,0.12,0.7,0.5003428571428573,0.7522821487638809,0.0,0.681725670853943,0.0,2.2712546982773625,2.0667369970211795,15.70338286092108,16.621277778938204,0.9121504812358885,1.0333684985105898,False,,,,,,,,,,,False
Fowler,none,Fowler,3,0.5700000000000001,0.7446551513671875,0.42999999999999994,0.3,0.0,0.12,0.7,0.5097857142857144,0.7664797989561183,0.0,0.6945917246580331,0.0,2.284120752081453,2.0757432346840425,15.656281416950995,16.597220873511915,0.9173175711170493,1.0378716173420213,False,,,,,,,,,,,False
Fowler,none,Fowler,3,0.5800000000000001,0.7446551513671875,0.41999999999999993,0.3,0.0,0.12,0.7,0.5191428571428572,0.780548574865219,0.0,0.7073409912868971,0.0,2.2968700187103166,2.0846677213242475,15.609221716290717,16.57316880264582,0.9224377585181993,1.0423338606621237,False,,,,,,,,,,,False
Fowler,none,Fowler,3,0.5900000000000001,0.7446551513671875,0.4099999999999999,0.3,0.0,0.12,0.7,0.5284142857142858,0.7944884764911829,0.0,0.719973470740535,0.0,2.3095024981639547,2.093510456941794,15.56221706626336,16.54912852012173,0.9275110434393392,1.046755228470897,False,,,,,,,,,,,False
Fowler,none,Fowler,3,0.6,0.7446551513671875,0.4,0.3,0.0,0.12,0.7,0.5376000000000001,0.8082995038340098,0.0,0.7324891630189464,0.0,2.322018190442366,2.102271441536682,15.515280500405797,16.525106857464735,0.9325374258804681,1.051135720768341,False,,,,,,,,,,,False
Fowler,none,Fowler,3,0.61,0.7446551513671875,0.39,0.3,0.0,0.12,0.7,0.5467000000000001,0.8219816568937002,0.0,0.7448880681221316,0.0,2.334417095545551,2.1109506751089118,15.468424784619035,16.501110526113802,0.9375169058415868,1.0554753375544559,False,,,,,,,,,,,False
Fowler,none,Fowler,3,0.62,0.7446551513671875,0.38,0.3,0.0,0.12,0.7,0.5557142857142858,0.8355349356702537,0.0,0.7571701860500908,0.0,2.34669921347351,2.119548157658483,15.421662423142463,16.477146119540762,0.9424494833226947,1.0597740788292416,False,,,,,,,,,,,False
Fowler,none,Fowler,3,0.63,0.7446551513671875,0.37,0.3,0.0,0.12,0.7,0.5646428571428571,0.8489593401636701,0.0,0.7693355168028233,0.0,2.358864544226243,2.1280638891853956,15.375005664357824,16.453220115319073,0.9473351583237922,1.0640319445926978,False,,,,,,,,,,,False
Fowler,none,Fowler,3,0.64,0.7446551513671875,0.36,0.3,0.0,0.12,0.7,0.5734857142857144,0.8622548703739502,0.0,0.78138406038033,0.0,2.3709130878037494,2.1364978696896504,15.328466506428137,16.42933887714347,0.9521739308448792,1.0682489348448252,False,,,,,,,,,,,False
Fowler,none,Fowler,3,0.65,0.7446551513671875,0.35,0.3,0.0,0.12,0.7,0.5822428571428573,0.8754215263010933,0.0,0.7933158167826105,0.0,2.38284484420603,2.1448500991712467,15.282056702777073,16.40550865680195,0.9569658008859557,1.0724250495856233,False,,,,,,,,,,,False
Fowler,none,Fowler,3,0.66,0.7446551513671875,0.33999999999999997,0.3,0.0,0.12,0.7,0.5909142857142858,0.8884593079450995,0.0,0.8051307860096646,0.0,2.3946598134330843,2.153120577630185,15.235787767413557,16.381735596101223,0.9617107684470217,1.0765602888150925,False,,,,,,,,,,,False
Fowler,none,Fowler,3,0.67,0.7446551513671875,0.32999999999999996,0.3,0.0,0.12,0.7,0.5995000000000001,0.9013682153059691,0.0,0.8168289680614925,0.0,2.406357995484912,2.1613093050664642,15.18967098010671,16.358025728746775,0.966408833528077,1.0806546525332321,False,,,,,,,,,,,False
Fowler,none,Fowler,3,0.68,0.7446551513671875,0.31999999999999995,0.3,0.0,0.12,0.7,0.6080000000000001,0.9141482483837017,0.0,0.8284103629380941,0.0,2.4179393903615134,2.1694162814800855,15.143717391415723,16.33438498217887,0.9710599961291217,1.0847081407400427,False,,,,,,,,,,,False
Fowler,none,Fowler,3,0.6900000000000001,0.7446551513671875,0.30999999999999994,0.3,0.0,0.12,0.7,0.6164142857142858,0.9267994071782976,0.0,0.8398749706394695,0.0,2.429403998062889,2.177441506871048,15.09793782757919,16.31081917936531,0.9756642562501562,1.088720753435524,False,,,,,,,,,,,False
Fowler,none,Fowler,3,0.7,0.7446551513671875,0.30000000000000004,0.3,0.0,0.12,0.7,0.6247428571428572,0.9393216916897564,0.0,0.8512227911656186,0.0,2.440751818589038,2.1853849812393524,15.05234289526816,16.28733404055232,0.9802216138911798,1.0926924906196762,False,,,,,,,,,,,False
Fowler,none,Fowler,3,0.71,0.7446551513671875,0.29000000000000004,0.3,0.0,0.12,0.7,0.6329857142857144,0.9517151019180788,0.0,0.8624538245165416,0.0,2.4519828519399613,2.1932467045849986,15.006942986207372,16.263935184974457,0.9847320690521932,1.0966233522924993,False,,,,,,,,,,,False
Fowler,none,Fowler,3,0.72,0.7446551513671875,0.28,0.3,0.0,0.12,0.7,0.6411428571428572,0.9639796378632643,0.0,0.8735680706922383,0.0,2.4630970981156577,2.2010266769079863,14.961748281668415,16.24062813252453,0.9891956217331958,1.1005133384539931,False,,,,,,,,,,,False
Fowler,none,Fowler,3,0.73,0.7446551513671875,0.27,0.3,0.0,0.12,0.7,0.6492142857142857,0.976115299525313,0.0,0.8845655296927087,0.0,2.4740945571161284,2.208724898208316,14.916768756838962,16.21741830538469,0.993612271934188,1.104362449104158,False,,,,,,,,,,,False
Fowler,none,Fowler,3,0.74,0.7446551513671875,0.26,0.3,0.0,0.12,0.7,0.6572,0.9881220869042248,0.0,0.8954462015179528,0.0,2.4849752289413725,2.2163413684859865,14.872014185071617,16.19431102961936,0.9979820196551695,1.1081706842429933,False,,,,,,,,,,,False
Fowler,none,Fowler,3,0.7446551513671875,0.7446551513671875,0.2553448486328125,0.3,0.0,0.12,0.7,0.6608882328998298,0.9936674678993078,0.0,0.9004714817073413,0.0,2.490000509130761,2.219859064618558,14.851259679867338,16.183590694341596,1.000000204470185,1.109929532309279,True,5.270937926954163e-07,5.270937927887182e-07,1.0,0.7500000000000003,0.012496408233262146,1.0,5.270937927420673e-07,0.38124820411663124,0.6906241020583156,0.5635415430507027,True
Fowler,none,Fowler,3,0.75,0.7446551513671875,0.25,0.3,0.0,0.12,0.7,0.6651000000000001,1.0,0.0,0.906210086167971,0.0,2.4957391135913904,2.223876087740999,14.827494142016262,16.171311536731302,1.0023048648961406,1.1119380438704995,True,0.00893136732011179,0.008931367320112916,1.0,0.7500000000000003,0.0,1.0,0.008931367320112352,0.37500000000000017,0.6875000000000001,0.5654771224400374,True
Fowler,LE flap,Fowler + LE flap,4,0.13,0.5850174522399902,0.87,0.3,0.15,0.15,0.7,0.013214285714285729,0.019868118650256693,0.8051,0.01800468951404459,0.18677759617863834,1.7943113131161024,1.7328766274082976,19.87585155948984,19.186870357732044,0.7206069530586756,0.8664383137041488,False,,,,,,,,,,,False
Fowler,LE flap,Fowler + LE flap,4,0.13999999999999999,0.5850174522399902,0.86,0.3,0.15,0.15,0.7,0.026342857142857133,0.03960736301737652,0.8051,0.03589259185286289,0.18677759617863834,1.8121992154549207,1.7453981590454704,19.835600324128002,19.16685087918249,0.7277908495802894,0.8726990795227352,False,,,,,,,,,,,False
Fowler,LE flap,Fowler + LE flap,4,0.15,0.5850174522399902,0.85,0.3,0.15,0.15,0.7,0.03938571428571429,0.05921773310135962,0.8051,0.05366370701645501,0.18677759617863834,1.8299703306185129,1.7578379396599848,19.794562229161198,19.146433640501936,0.7349278436218927,0.8789189698299924,False,,,,,,,,,,,False
Fowler,LE flap,Fowler + LE flap,4,0.16,0.5850174522399902,0.84,0.3,0.15,0.15,0.7,0.05234285714285716,0.07869922890220592,0.8051,0.0713180350048209,0.18677759617863834,1.8476246586068787,1.770195969251841,19.752769873244837,19.12563326535447,0.7420179351834854,0.8850979846259205,False,,,,,,,,,,,False
Fowler,LE flap,Fowler + LE flap,4,0.16999999999999998,0.5850174522399902,0.8300000000000001,0.3,0.15,0.15,0.7,0.06521428571428571,0.09805185041991535,0.8051,0.0888555758179605,0.18677759617863834,1.8651621994200185,1.7824722478210386,19.71025506782663,19.104464097246012,0.7490611242650675,0.8912361239105193,False,,,,,,,,,,,False
Fowler,LE flap,Fowler + LE flap,4,0.18,0.5850174522399902,0.8200000000000001,0.3,0.15,0.15,0.7,0.078,0.11727559765448803,0.8051,0.1062763294558739,0.18677759617863834,1.8825829530579319,1.794666775367578,19.66704886008972,19.082940205814637,0.7560574108666392,0.897333387683789,False,,,,,,,,,,,False
Fowler,LE flap,Fowler + LE flap,4,0.19,0.5850174522399902,0.81,0.3,0.15,0.15,0.7,0.09070000000000003,0.13637047060592394,0.8051,0.12358029591856111,0.18677759617863834,1.899886919520619,1.8067795518914591,19.62318155508972,19.061075392947913,0.7630067949882003,0.9033897759457296,False,,,,,,,,,,,False
Fowler,LE flap,Fowler + LE flap,4,0.2,0.5850174522399902,0.8,0.3,0.15,0.15,0.7,0.10331428571428575,0.155336469274223,0.8051,0.14076747520602204,0.18677759617863834,1.9170740988080799,1.8188105773926817,19.578682737118143,19.03888319873272,0.7699092766297508,0.9094052886963409,False,,,,,,,,,,,False
Fowler,LE flap,Fowler + LE flap,4,0.21,0.5850174522399902,0.79,0.3,0.15,0.15,0.7,0.11584285714285718,0.17417359365938528,0.8051,0.15783786731825672,0.18677759617863834,1.9341444909203145,1.830759851871246,19.533581290323802,19.016376907242773,0.7767648557912908,0.915379925935623,False,,,,,,,,,,,False
Fowler,LE flap,Fowler + LE flap,4,0.22,0.5850174522399902,0.78,0.3,0.15,0.15,0.7,0.1282857142857143,0.19288184376141074,0.8051,0.17479147225526515,0.18677759617863834,1.951098095857323,1.8426273753271518,19.4879054186216,18.993569552168967,0.7835735324728204,0.9213136876635759,False,,,,,,,,,,,False
Fowler,LE flap,Fowler + LE flap,4,0.22999999999999998,0.5850174522399902,0.77,0.3,0.15,0.15,0.7,0.14064285714285715,0.2114612195802994,0.8051,0.19162829001704737,0.18677759617863834,1.9679349136191053,1.8544131477603996,19.441682664917344,18.97047392229744,0.7903353066743394,0.9272065738801998,False,,,,,,,,,,,False
Fowler,LE flap,Fowler + LE flap,4,0.24,0.5850174522399902,0.76,0.3,0.15,0.15,0.7,0.15291428571428572,0.22991172111605127,0.8051,0.20834832060360337,0.18677759617863834,1.9846549442056611,1.8661171691709888,19.394939929675704,18.947102566840062,0.7970501783958478,0.9330585845854944,False,,,,,,,,,,,False
Fowler,LE flap,Fowler + LE flap,4,0.25,0.5850174522399902,0.75,0.3,0.15,0.15,0.7,0.1651,0.2482333483686663,0.8051,0.2249515640149331,0.18677759617863834,2.001258187616991,1.8777394395589195,19.347703488857178,18.923467800621914,0.8037181476373456,0.9388697197794598,False,,,,,,,,,,,False
Fowler,LE flap,Fowler + LE flap,4,0.26,0.5850174522399902,0.74,0.3,0.15,0.15,0.7,0.17720000000000002,0.26642610133814465,0.8051,0.24143802025103664,0.18677759617863834,2.0177446438530944,1.889279958924192,19.299999011248758,18.89958170913014,0.810339214398833,0.944639979462096,False,,,,,,,,,,,False
Fowler,LE flap,Fowler + LE flap,4,0.27,0.5850174522399902,0.73,0.3,0.15,0.15,0.7,0.18921428571428578,0.28448998002448617,0.8051,0.25780768931191395,0.18677759617863834,2.034114312913972,1.9007387272668061,19.251851575212086,18.87545615342845,0.8169133786803099,0.9503693636334031,False,,,,,,,,,,,False
Fowler,LE flap,Fowler + LE flap,4,0.28,0.5850174522399902,0.72,0.3,0.15,0.15,0.7,0.2011428571428572,0.30242498442769083,0.8051,0.274060571197565,0.18677759617863834,2.0503671947996227,1.9121157445867618,19.203285684871528,18.851102774941328,0.8234406404817761,0.9560578722933809,False,,,,,,,,,,,False
Fowler,LE flap,Fowler + LE flap,4,0.29000000000000004,0.5850174522399902,0.71,0.3,0.15,0.15,0.7,0.21298571428571436,0.3202311145477587,0.8051,0.2901966659079898,0.18677759617863834,2.066503289510048,1.9234110108840592,19.154325285763903,18.82653300011189,0.829920999803232,0.9617055054420296,False,,,,,,,,,,,False
Fowler,LE flap,Fowler + LE flap,4,0.3,0.5850174522399902,0.7,0.3,0.15,0.15,0.7,0.2247428571428572,0.33790837038468974,0.8051,0.30621597344318835,0.18677759617863834,2.082522597045246,1.9346245261586983,19.104993779970336,18.801758044937255,0.8363544566446771,0.9673122630793491,False,,,,,,,,,,,False
Fowler,LE flap,Fowler + LE flap,4,0.31,0.5850174522399902,0.69,0.3,0.15,0.15,0.7,0.23641428571428574,0.355456751938484,0.8051,0.32211849380316065,0.18677759617863834,2.0984251174052186,1.9457562904106789,19.05531404075022,18.776788919385027,0.8427410110061119,0.9728781452053394,False,,,,,,,,,,,False
Fowler,LE flap,Fowler + LE flap,4,0.32,0.5850174522399902,0.6799999999999999,0.3,0.15,0.15,0.7,0.24800000000000008,0.3728762592091415,0.8051,0.33790422698790684,0.18677759617863834,2.1142108505899646,1.9568063036400012,19.005308426695862,18.751636431694546,0.8490806628875359,0.9784031518200006,False,,,,,,,,,,,False
Fowler,LE flap,Fowler + LE flap,4,0.32999999999999996,0.5850174522399902,0.67,0.3,0.15,0.15,0.7,0.2595,0.39016689219666206,0.8051,0.35357317299742663,0.18677759617863834,2.1298797965994845,1.967774565846665,18.954998795426203,18.72631119256624,0.8553734122889495,0.9838872829233325,False,,,,,,,,,,,False
Fowler,LE flap,Fowler + LE flap,4,0.33999999999999997,0.5850174522399902,0.66,0.3,0.15,0.15,0.7,0.2709142857142857,0.407328650901046,0.8051,0.36912533183172025,0.18677759617863834,2.145431955433778,1.9786610770306705,18.904406516836655,18.700823619242424,0.8616192592103527,0.9893305385153353,False,,,,,,,,,,,False
Fowler,LE flap,Fowler + LE flap,4,0.35,0.5850174522399902,0.65,0.3,0.15,0.15,0.7,0.28224285714285713,0.424361535322293,0.8051,0.38456070349078764,0.18677759617863834,2.1608673270928453,1.9894658371920175,18.85355248592169,18.67518393948281,0.867818203651745,0.9947329185960088,False,,,,,,,,,,,False
Fowler,LE flap,Fowler + LE flap,4,0.36,0.5850174522399902,0.64,0.3,0.15,0.15,0.7,0.2934857142857143,0.4412655454604033,0.8051,0.39987928797462885,0.18677759617863834,2.176185911576687,2.0001888463307065,18.80245713518613,18.649402195437748,0.8739702456131272,1.0000944231653532,False,,,,,,,,,,,False
Fowler,LE flap,Fowler + LE flap,4,0.37,0.5850174522399902,0.63,0.3,0.15,0.15,0.7,0.30464285714285716,0.4580406813153768,0.8051,0.4150810852832438,0.18677759617863834,2.1913877088853018,2.010830104446737,18.751140446660088,18.623488247422134,0.8800753850944987,1.0054150522233685,False,,,,,,,,,,,False
Fowler,LE flap,Fowler + LE flap,4,0.38,0.5850174522399902,0.62,0.3,0.15,0.15,0.7,0.3157142857142858,0.4746869428872135,0.8051,0.43016609541663253,0.18677759617863834,2.2064727190186906,2.0213896115401093,18.699621963532326,18.59745177759308,0.8861336220958596,1.0106948057700547,False,,,,,,,,,,,False
Fowler,LE flap,Fowler + LE flap,4,0.39,0.5850174522399902,0.61,0.3,0.15,0.15,0.7,0.32670000000000005,0.49120433017591336,0.8051,0.44513431837479495,0.18677759617863834,2.221440941976853,2.0318673676108228,18.647920801415854,18.57130229353389,0.8921449566172099,1.0159336838054114,False,,,,,,,,,,,False
Fowler,LE flap,Fowler + LE flap,4,0.4,0.5850174522399902,0.6,0.3,0.15,0.15,0.7,0.33760000000000007,0.5075928431814765,0.8051,0.4599857541577312,0.18677759617863834,2.236292377759789,2.042263372658878,18.596055659259047,18.545049131747213,0.8981093886585497,1.021131686329439,False,,,,,,,,,,,False
Fowler,LE flap,Fowler + LE flap,4,0.41,0.5850174522399902,0.5900000000000001,0.3,0.15,0.15,0.7,0.3484142857142858,0.5238524819039028,0.8051,0.47472040276544125,0.18677759617863834,2.251027026367499,2.052577626684275,18.54404482991526,18.51870146105991,0.904026918219879,1.0262888133421375,False,,,,,,,,,,,False
Fowler,LE flap,Fowler + LE flap,4,0.42,0.5850174522399902,0.5800000000000001,0.3,0.15,0.15,0.7,0.3591428571428572,0.5399832463431922,0.8051,0.489338264197925,0.18677759617863834,2.265644887799983,2.062810129687014,18.49190621038302,18.49226828594215,0.9098975453011978,1.031405064843507,False,,,,,,,,,,,False
Fowler,LE flap,Fowler + LE flap,4,0.43,0.5850174522399902,0.5700000000000001,0.3,0.15,0.15,0.7,0.36978571428571433,0.5559851364993449,0.8051,0.5038393384551825,0.18677759617863834,2.28014596205724,2.072960881667094,18.439657311728663,18.465758449743202,0.915721269902506,1.036480440833547,False,,,,,,,,,,,False
Fowler,LE flap,Fowler + LE flap,4,0.44,0.5850174522399902,0.56,0.3,0.15,0.15,0.7,0.38034285714285715,0.5718581523723607,0.8051,0.5182236255372137,0.18677759617863834,2.2945302491392714,2.083029882624516,18.38731526870271,18.439180637846317,0.9214980920238037,1.041514941312258,False,,,,,,,,,,,False
Fowler,LE flap,Fowler + LE flap,4,0.45,0.5850174522399902,0.55,0.3,0.15,0.15,0.7,0.3908142857142857,0.5876022939622397,0.8051,0.5324911254440188,0.18677759617863834,2.3087977490460765,2.0930171325592797,18.334896849060694,18.412543380744857,0.9272280116650908,1.0465085662796398,False,,,,,,,,,,,False
Fowler,LE flap,Fowler + LE flap,4,0.46,0.5850174522399902,0.54,0.3,0.15,0.15,0.7,0.4012000000000001,0.6032175612689822,0.8051,0.5466418381755977,0.18677759617863834,2.3229484617776555,2.102922631471385,18.282418462598983,18.38585505704204,0.9329110288263676,1.0514613157356925,False,,,,,,,,,,,False
Fowler,LE flap,Fowler + LE flap,4,0.47000000000000003,0.5850174522399902,0.53,0.3,0.15,0.15,0.7,0.41150000000000003,0.6187039542925875,0.8051,0.5606757637319502,0.18677759617863834,2.336982387334008,2.112746379360831,18.22989616991545,18.359123896376307,0.9385471435076336,1.0563731896804156,False,,,,,,,,,,,False
Fowler,LE flap,Fowler + LE flap,4,0.48,0.5850174522399902,0.52,0.3,0.15,0.15,0.7,0.4217142857142858,0.6340614730330563,0.8051,0.5745929021130766,0.18677759617863834,2.3508995257151346,2.12248837622762,18.17734569090459,18.33235798227448,0.9441363557088893,1.06124418811381,False,,,,,,,,,,,False
Fowler,LE flap,Fowler + LE flap,4,0.49,0.5850174522399902,0.51,0.3,0.15,0.15,0.7,0.4318428571428572,0.6492901174903881,0.8051,0.5883932533189766,0.18677759617863834,2.3646998769210343,2.13214862207175,18.124782412996282,18.305565254934553,0.9496786654301342,1.066074311035875,False,,,,,,,,,,,False
Fowler,LE flap,Fowler + LE flap,4,0.5,0.5850174522399902,0.5,0.3,0.15,0.15,0.7,0.4418857142857143,0.6643898876645832,0.8051,0.6020768173496506,0.18677759617863834,2.3783834409517084,2.1417271168932217,18.072221399147054,18.27875351394028,0.9551740726713688,1.0708635584466109,False,,,,,,,,,,,False
Fowler,LE flap,Fowler + LE flap,4,0.51,0.5850174522399902,0.49,0.3,0.15,0.15,0.7,0.45184285714285716,0.6793607835556413,0.8051,0.6156435942050982,0.18677759617863834,2.391950217807156,2.151223860692035,18.01967739559222,18.251930420909293,0.9606225774325926,1.0756119303460174,False,,,,,,,,,,,False
Fowler,LE flap,Fowler + LE flap,4,0.52,0.5850174522399902,0.48,0.3,0.15,0.15,0.7,0.46171428571428574,0.6942028051635628,0.8051,0.6290935838853196,0.18677759617863834,2.4054002074873773,2.16063885346819,17.967164839367193,18.225103502076486,0.966024179713806,1.080319426734095,False,,,,,,,,,,,False
Fowler,LE flap,Fowler + LE flap,4,0.53,0.5850174522399902,0.47,0.3,0.15,0.15,0.7,0.47150000000000014,0.7089159524883477,0.8051,0.6424267863903148,0.18677759617863834,2.4187334099923725,2.1699720952216865,17.914697865605618,18.198280150814625,0.971378879515009,1.0849860476108433,False,,,,,,,,,,,False
Fowler,LE flap,Fowler + LE flap,4,0.54,0.5850174522399902,0.45999999999999996,0.3,0.15,0.15,0.7,0.4812000000000001,0.7235002255299955,0.8051,0.6556432017200837,0.18677759617863834,2.4319498253221417,2.179223585952525,17.86229031462201,18.171467630093748,0.9766866768362014,1.0896117929762625,False,,,,,,,,,,,False
Fowler,LE flap,Fowler + LE flap,4,0.55,0.5850174522399902,0.44999999999999996,0.3,0.15,0.15,0.7,0.49081428571428587,0.7379556242885067,0.8051,0.6687428298746264,0.18677759617863834,2.4450494534766842,2.1883933256607047,17.80995573878599,18.14467307488102,0.9819475716773831,1.0941966628303523,False,,,,,,,,,,,False
Fowler,LE flap,Fowler + LE flap,4,0.56,0.5850174522399902,0.43999999999999995,0.3,0.15,0.15,0.7,0.5003428571428573,0.7522821487638809,0.8051,0.681725670853943,0.18677759617863834,2.4580322944560007,2.197481314346226,17.757707409195202,18.117903494482658,0.9871615640385544,1.098740657173113,False,,,,,,,,,,,False
Fowler,LE flap,Fowler + LE flap,4,0.5700000000000001,0.5850174522399902,0.42999999999999994,0.3,0.15,0.15,0.7,0.5097857142857144,0.7664797989561183,0.8051,0.6945917246580331,0.18677759617863834,2.470898348260091,2.206487552009089,17.70555832215342,18.091165774829506,0.9923286539197151,1.1032437760045446,False,,,,,,,,,,,False
Fowler,LE flap,Fowler + LE flap,4,0.5800000000000001,0.5850174522399902,0.41999999999999993,0.3,0.15,0.15,0.7,0.5191428571428572,0.780548574865219,0.8051,0.7073409912868971,0.18677759617863834,2.483647614888955,2.215412038649294,17.653521205460507,18.06446668070766,0.9974488413208653,1.107706019324647,False,,,,,,,,,,,False
Fowler,LE flap,Fowler + LE flap,4,0.5850174522399902,0.5850174522399902,0.41498254776000976,0.3,0.15,0.15,0.7,0.5238054663033993,0.7875589630181915,0.8051,0.7136938757390734,0.18677759617863834,2.4900004993411313,2.2198590577658175,17.62745794157451,18.05108718233602,1.0000002005386068,1.1099295288829087,True,5.118584477764788e-07,5.118584482262033e-07,0.6250000000000001,0.7500000000000003,0.41922407678471296,0.75,5.11858448001341e-07,0.5846120383923566,0.6048060191961784,0.45160217701820876,False
Fowler,LE flap,Fowler + LE flap,4,0.5900000000000001,0.5850174522399902,0.4099999999999999,0.3,0.15,0.15,0.7,0.5284142857142858,0.7944884764911829,0.8051,0.719973470740535,0.18677759617863834,2.496280094342593,2.224254774266841,17.60160852452016,18.03781285793568,1.0025221262420052,1.1121273871334205,True,0.009773281532470273,0.009773281532471124,0.6250000000000001,0.7500000000000003,0.4055496053664117,0.75,0.009773281532470698,0.577774802683206,0.6013874013416031,0.4537202276246912,False
Fowler,LE flap,Fowler + LE flap,4,0.6,0.5850174522399902,0.4,0.3,0.15,0.15,0.7,0.5376000000000001,0.8082995038340098,0.8051,0.7324891630189464,0.18677759617863834,2.508795786621004,2.233015758861729,17.54983248827158,18.01121083548977,1.007548508683134,1.1165078794308645,True,0.029251126508041552,0.029251126508043627,0.6250000000000001,0.7500000000000003,0.3782953833502535,0.75,0.02925112650804259,0.5641476916751269,0.5945738458375636,0.4579416574485354,False
Fowler,LE flap,Fowler + LE flap,4,0.61,0.5850174522399902,0.39,0.3,0.15,0.15,0.7,0.5467000000000001,0.8219816568937002,0.8051,0.7448880681221316,0.18677759617863834,2.5211946917241894,2.2416949924339584,17.498205054950713,17.98466702757831,1.0125279886442526,1.1208474962169792,True,0.04854721865336055,0.04854721865336164,0.6250000000000001,0.7500000000000003,0.35129547755819623,0.75,0.04854721865336109,0.5506477387790982,0.5878238693895492,0.4621236960143034,False
Fowler,LE flap,Fowler + LE flap,4,0.62,0.5850174522399902,0.38,0.3,0.15,0.15,0.7,0.5557142857142858,0.8355349356702537,0.8051,0.7571701860500908,0.18677759617863834,2.5334768096521487,2.25029247498353,17.44673793768654,17.958187735666975,1.0174605661253608,1.125146237491765,True,0.06766155796842555,0.06766155796842614,0.6250000000000001,0.7500000000000003,0.32454988799023976,0.75,0.06766155796842585,0.5372749439951201,0.5811374719975602,0.46626634332199535,False
Fowler,LE flap,Fowler + LE flap,4,0.63,0.5850174522399902,0.37,0.3,0.15,0.15,0.7,0.5646428571428571,0.8489593401636701,0.8051,0.7693355168028233,0.18677759617863834,2.545642140404881,2.2588082065104427,17.395442609937817,17.931779150455874,1.022346241126458,1.1294041032552213,True,0.08659414445323482,0.08659414445323615,0.6250000000000001,0.7500000000000003,0.29805861464638495,0.75,0.08659414445323549,0.5240293073231926,0.5745146536615964,0.4703695993716106,False
Fowler,LE flap,Fowler + LE flap,4,0.64,0.5850174522399902,0.36,0.3,0.15,0.15,0.7,0.5734857142857144,0.8622548703739502,0.8051,0.78138406038033,0.18677759617863834,2.557690683982388,2.2672421870146975,17.344330310775295,17.905447353809745,1.0271850136475453,1.1336210935073487,True,0.10534497810779181,0.10534497810779267,0.6250000000000001,0.7500000000000003,0.27182165752663034,0.75,0.10534497810779224,0.5109108287633153,0.5679554143816576,0.4744334641631499,False
Fowler,LE flap,Fowler + LE flap,4,0.65,0.5850174522399902,0.35,0.3,0.15,0.15,0.7,0.5822428571428573,0.8754215263010933,0.8051,0.7933158167826105,0.18677759617863834,2.569622440384668,2.275594416496294,17.29341205001435,17.879198320642633,1.0319768836886216,1.137797208248147,True,0.12391405893209306,0.1239140589320947,0.6250000000000001,0.7500000000000003,0.24583901663097696,0.75,0.12391405893209388,0.49791950831548865,0.5614597541577444,0.47845793769661277,False
Fowler,LE flap,Fowler + LE flap,4,0.66,0.5850174522399902,0.33999999999999997,0.3,0.15,0.15,0.7,0.5909142857142858,0.8884593079450995,0.8051,0.8051307860096646,0.18677759617863834,2.5814374096117225,2.2838648949552316,17.242698613202794,17.853037920758048,1.0367218512496876,1.1419324474776158,True,0.1423013869261412,0.14230138692614222,0.6250000000000001,0.7500000000000003,0.2201106919594248,0.75,0.1423013869261417,0.48505534597971256,0.5550276729898563,0.48244301997199934,False
Fowler,LE flap,Fowler + LE flap,4,0.67,0.5850174522399902,0.32999999999999996,0.3,0.15,0.15,0.7,0.5995000000000001,0.9013682153059691,0.8051,0.8168289680614925,0.18677759617863834,2.5931355916635503,2.292053622391511,17.192200566468344,17.826971920645793,1.041419916330743,1.1460268111957554,True,0.16050696208993445,0.16050696208993528,0.6250000000000001,0.7500000000000003,0.1946366835119735,0.75,0.16050696208993487,0.4723183417559869,0.5486591708779935,0.48638871098930947,False
Fowler,LE flap,Fowler + LE flap,4,0.68,0.5850174522399902,0.31999999999999995,0.3,0.15,0.15,0.7,0.6080000000000001,0.9141482483837017,0.8051,0.8284103629380941,0.18677759617863834,2.604716986540152,2.300160598805132,17.141928261230323,17.801005985236603,1.046071078931788,1.150080299402566,True,0.17853078442347456,0.1785307844234748,0.6250000000000001,0.7500000000000003,0.16941699128862342,0.75,0.1785307844234747,0.4597084956443119,0.542354247822156,0.49029501074854354,False
Fowler,LE flap,Fowler + LE flap,4,0.6900000000000001,0.5850174522399902,0.30999999999999994,0.3,0.15,0.15,0.7,0.6164142857142858,0.9267994071782976,0.8051,0.8398749706394695,0.18677759617863834,2.616181594241527,2.308185824196095,17.091891838779596,17.77514567961556,1.050675339052822,1.1540929120980474,True,0.19637285392675893,0.19637285392675985,0.6250000000000001,0.7500000000000003,0.14445161528937422,0.75,0.1963728539267594,0.4472258076446873,0.5361129038223437,0.494161919249701,False
Fowler,LE flap,Fowler + LE flap,4,0.7,0.5850174522399902,0.30000000000000004,0.3,0.15,0.15,0.7,0.6247428571428572,0.9393216916897564,0.8051,0.8512227911656186,0.18677759617863834,2.627529414767676,2.316129298564399,17.042101234730982,17.74939647069541,1.0552326966938457,1.1580646492821995,True,0.21403317059978932,0.2140331705997904,0.6250000000000001,0.7500000000000003,0.11974055551422624,0.75,0.21403317059978988,0.4348702777571133,0.5299351388785567,0.49798943649278216,True
Fowler,LE flap,Fowler + LE flap,4,0.71,0.5850174522399902,0.29000000000000004,0.3,0.15,0.15,0.7,0.6329857142857144,0.9517151019180788,0.8051,0.8624538245165416,0.18677759617863834,2.6387604481185996,2.3239910219100457,16.99256618335207,17.72376372885076,1.0597431518548592,1.1619955109550228,True,0.23151173444256742,0.23151173444256845,0.6250000000000001,0.7500000000000003,0.09528381196317881,0.75,0.23151173444256795,0.42264190598158957,0.5238209529907949,0.5017775624777876,True
Fowler,LE flap,Fowler + LE flap,4,0.72,0.5850174522399902,0.28,0.3,0.15,0.15,0.7,0.6411428571428572,0.9639796378632643,0.8051,0.8735680706922383,0.18677759617863834,2.6498746942942963,2.3317709942330334,16.94329622177211,17.698252729514014,1.0642067045358619,1.1658854971165167,True,0.2488085454550898,0.248808545455091,0.6250000000000001,0.7500000000000003,0.07108138463623259,0.75,0.2488085454550904,0.41054069231811646,0.5177703461590583,0.5055262972047162,True
Fowler,LE flap,Fowler + LE flap,4,0.73,0.5850174522399902,0.27,0.3,0.15,0.15,0.7,0.6492142857142857,0.976115299525313,0.8051,0.8845655296927087,0.18677759617863834,2.6608721532947666,2.3394692155333625,16.89430069407481,17.672868654734263,1.068623354736854,1.1697346077666813,True,0.2659236036373582,0.2659236036373591,0.6250000000000001,0.7500000000000003,0.04713327353338759,0.75,0.2659236036373587,0.39856663676669396,0.511783318383347,0.5092356406735685,True
Fowler,LE flap,Fowler + LE flap,4,0.74,0.5850174522399902,0.26,0.3,0.15,0.15,0.7,0.6572,0.9881220869042248,0.8051,0.8954462015179528,0.18677759617863834,2.6717528251200107,2.347085685811033,16.84558875527842,17.64761659469964,1.0729931024578354,1.1735428429055166,True,0.28285690898937166,0.28285690898937266,0.6250000000000001,0.7500000000000003,0.023439478654643575,0.75,0.28285690898937216,0.38671973932732195,0.505859869663661,0.5129055928843445,True
Fowler,LE flap,Fowler + LE flap,4,0.75,0.5850174522399902,0.25,0.3,0.15,0.15,0.7,0.6651000000000001,1.0,0.8051,0.906210086167971,0.18677759617863834,2.682516709770029,2.354620405066046,16.79716937520658,17.622501549224513,1.0773159476988068,1.177310202533023,True,0.2996084615111329,0.29960846151113374,0.6250000000000001,0.7500000000000003,0.0,0.75,0.2996084615111333,0.37500000000000017,0.5000000000000001,0.5165361538370444,True
Fowler,Krueger,Fowler + Krueger,5,0.13,0.5850174522399902,0.87,0.3,0.15,0.15,0.7,0.013214285714285729,0.019868118650256693,0.8051,0.01800468951404459,0.18677759617863834,1.7943113131161024,1.7328766274082976,19.87585155948984,19.186870357732044,0.7206069530586756,0.8664383137041488,False,,,,,,,,,,,False
Fowler,Krueger,Fowler + Krueger,5,0.13999999999999999,0.5850174522399902,0.86,0.3,0.15,0.15,0.7,0.026342857142857133,0.03960736301737652,0.8051,0.03589259185286289,0.18677759617863834,1.8121992154549207,1.7453981590454704,19.835600324128002,19.16685087918249,0.7277908495802894,0.8726990795227352,False,,,,,,,,,,,False
Fowler,Krueger,Fowler + Krueger,5,0.15,0.5850174522399902,0.85,0.3,0.15,0.15,0.7,0.03938571428571429,0.05921773310135962,0.8051,0.05366370701645501,0.18677759617863834,1.8299703306185129,1.7578379396599848,19.794562229161198,19.146433640501936,0.7349278436218927,0.8789189698299924,False,,,,,,,,,,,False
Fowler,Krueger,Fowler + Krueger,5,0.16,0.5850174522399902,0.84,0.3,0.15,0.15,0.7,0.05234285714285716,0.07869922890220592,0.8051,0.0713180350048209,0.18677759617863834,1.8476246586068787,1.770195969251841,19.752769873244837,19.12563326535447,0.7420179351834854,0.8850979846259205,False,,,,,,,,,,,False
Fowler,Krueger,Fowler + Krueger,5,0.16999999999999998,0.5850174522399902,0.8300000000000001,0.3,0.15,0.15,0.7,0.06521428571428571,0.09805185041991535,0.8051,0.0888555758179605,0.18677759617863834,1.8651621994200185,1.7824722478210386,19.71025506782663,19.104464097246012,0.7490611242650675,0.8912361239105193,False,,,,,,,,,,,False
Fowler,Krueger,Fowler + Krueger,5,0.18,0.5850174522399902,0.8200000000000001,0.3,0.15,0.15,0.7,0.078,0.11727559765448803,0.8051,0.1062763294558739,0.18677759617863834,1.8825829530579319,1.794666775367578,19.66704886008972,19.082940205814637,0.7560574108666392,0.897333387683789,False,,,,,,,,,,,False
Fowler,Krueger,Fowler + Krueger,5,0.19,0.5850174522399902,0.81,0.3,0.15,0.15,0.7,0.09070000000000003,0.13637047060592394,0.8051,0.12358029591856111,0.18677759617863834,1.899886919520619,1.8067795518914591,19.62318155508972,19.061075392947913,0.7630067949882003,0.9033897759457296,False,,,,,,,,,,,False
Fowler,Krueger,Fowler + Krueger,5,0.2,0.5850174522399902,0.8,0.3,0.15,0.15,0.7,0.10331428571428575,0.155336469274223,0.8051,0.14076747520602204,0.18677759617863834,1.9170740988080799,1.8188105773926817,19.578682737118143,19.03888319873272,0.7699092766297508,0.9094052886963409,False,,,,,,,,,,,False
Fowler,Krueger,Fowler + Krueger,5,0.21,0.5850174522399902,0.79,0.3,0.15,0.15,0.7,0.11584285714285718,0.17417359365938528,0.8051,0.15783786731825672,0.18677759617863834,1.9341444909203145,1.830759851871246,19.533581290323802,19.016376907242773,0.7767648557912908,0.915379925935623,False,,,,,,,,,,,False
Fowler,Krueger,Fowler + Krueger,5,0.22,0.5850174522399902,0.78,0.3,0.15,0.15,0.7,0.1282857142857143,0.19288184376141074,0.8051,0.17479147225526515,0.18677759617863834,1.951098095857323,1.8426273753271518,19.4879054186216,18.993569552168967,0.7835735324728204,0.9213136876635759,False,,,,,,,,,,,False
Fowler,Krueger,Fowler + Krueger,5,0.22999999999999998,0.5850174522399902,0.77,0.3,0.15,0.15,0.7,0.14064285714285715,0.2114612195802994,0.8051,0.19162829001704737,0.18677759617863834,1.9679349136191053,1.8544131477603996,19.441682664917344,18.97047392229744,0.7903353066743394,0.9272065738801998,False,,,,,,,,,,,False
Fowler,Krueger,Fowler + Krueger,5,0.24,0.5850174522399902,0.76,0.3,0.15,0.15,0.7,0.15291428571428572,0.22991172111605127,0.8051,0.20834832060360337,0.18677759617863834,1.9846549442056611,1.8661171691709888,19.394939929675704,18.947102566840062,0.7970501783958478,0.9330585845854944,False,,,,,,,,,,,False
Fowler,Krueger,Fowler + Krueger,5,0.25,0.5850174522399902,0.75,0.3,0.15,0.15,0.7,0.1651,0.2482333483686663,0.8051,0.2249515640149331,0.18677759617863834,2.001258187616991,1.8777394395589195,19.347703488857178,18.923467800621914,0.8037181476373456,0.9388697197794598,False,,,,,,,,,,,False
Fowler,Krueger,Fowler + Krueger,5,0.26,0.5850174522399902,0.74,0.3,0.15,0.15,0.7,0.17720000000000002,0.26642610133814465,0.8051,0.24143802025103664,0.18677759617863834,2.0177446438530944,1.889279958924192,19.299999011248758,18.89958170913014,0.810339214398833,0.944639979462096,False,,,,,,,,,,,False
Fowler,Krueger,Fowler + Krueger,5,0.27,0.5850174522399902,0.73,0.3,0.15,0.15,0.7,0.18921428571428578,0.28448998002448617,0.8051,0.25780768931191395,0.18677759617863834,2.034114312913972,1.9007387272668061,19.251851575212086,18.87545615342845,0.8169133786803099,0.9503693636334031,False,,,,,,,,,,,False
Fowler,Krueger,Fowler + Krueger,5,0.28,0.5850174522399902,0.72,0.3,0.15,0.15,0.7,0.2011428571428572,0.30242498442769083,0.8051,0.274060571197565,0.18677759617863834,2.0503671947996227,1.9121157445867618,19.203285684871528,18.851102774941328,0.8234406404817761,0.9560578722933809,False,,,,,,,,,,,False
Fowler,Krueger,Fowler + Krueger,5,0.29000000000000004,0.5850174522399902,0.71,0.3,0.15,0.15,0.7,0.21298571428571436,0.3202311145477587,0.8051,0.2901966659079898,0.18677759617863834,2.066503289510048,1.9234110108840592,19.154325285763903,18.82653300011189,0.829920999803232,0.9617055054420296,False,,,,,,,,,,,False
Fowler,Krueger,Fowler + Krueger,5,0.3,0.5850174522399902,0.7,0.3,0.15,0.15,0.7,0.2247428571428572,0.33790837038468974,0.8051,0.30621597344318835,0.18677759617863834,2.082522597045246,1.9346245261586983,19.104993779970336,18.801758044937255,0.8363544566446771,0.9673122630793491,False,,,,,,,,,,,False
Fowler,Krueger,Fowler + Krueger,5,0.31,0.5850174522399902,0.69,0.3,0.15,0.15,0.7,0.23641428571428574,0.355456751938484,0.8051,0.32211849380316065,0.18677759617863834,2.0984251174052186,1.9457562904106789,19.05531404075022,18.776788919385027,0.8427410110061119,0.9728781452053394,False,,,,,,,,,,,False
Fowler,Krueger,Fowler + Krueger,5,0.32,0.5850174522399902,0.6799999999999999,0.3,0.15,0.15,0.7,0.24800000000000008,0.3728762592091415,0.8051,0.33790422698790684,0.18677759617863834,2.1142108505899646,1.9568063036400012,19.005308426695862,18.751636431694546,0.8490806628875359,0.9784031518200006,False,,,,,,,,,,,False
Fowler,Krueger,Fowler + Krueger,5,0.32999999999999996,0.5850174522399902,0.67,0.3,0.15,0.15,0.7,0.2595,0.39016689219666206,0.8051,0.35357317299742663,0.18677759617863834,2.1298797965994845,1.967774565846665,18.954998795426203,18.72631119256624,0.8553734122889495,0.9838872829233325,False,,,,,,,,,,,False
Fowler,Krueger,Fowler + Krueger,5,0.33999999999999997,0.5850174522399902,0.66,0.3,0.15,0.15,0.7,0.2709142857142857,0.407328650901046,0.8051,0.36912533183172025,0.18677759617863834,2.145431955433778,1.9786610770306705,18.904406516836655,18.700823619242424,0.8616192592103527,0.9893305385153353,False,,,,,,,,,,,False
Fowler,Krueger,Fowler + Krueger,5,0.35,0.5850174522399902,0.65,0.3,0.15,0.15,0.7,0.28224285714285713,0.424361535322293,0.8051,0.38456070349078764,0.18677759617863834,2.1608673270928453,1.9894658371920175,18.85355248592169,18.67518393948281,0.867818203651745,0.9947329185960088,False,,,,,,,,,,,False
Fowler,Krueger,Fowler + Krueger,5,0.36,0.5850174522399902,0.64,0.3,0.15,0.15,0.7,0.2934857142857143,0.4412655454604033,0.8051,0.39987928797462885,0.18677759617863834,2.176185911576687,2.0001888463307065,18.80245713518613,18.649402195437748,0.8739702456131272,1.0000944231653532,False,,,,,,,,,,,False
Fowler,Krueger,Fowler + Krueger,5,0.37,0.5850174522399902,0.63,0.3,0.15,0.15,0.7,0.30464285714285716,0.4580406813153768,0.8051,0.4150810852832438,0.18677759617863834,2.1913877088853018,2.010830104446737,18.751140446660088,18.623488247422134,0.8800753850944987,1.0054150522233685,False,,,,,,,,,,,False
Fowler,Krueger,Fowler + Krueger,5,0.38,0.5850174522399902,0.62,0.3,0.15,0.15,0.7,0.3157142857142858,0.4746869428872135,0.8051,0.43016609541663253,0.18677759617863834,2.2064727190186906,2.0213896115401093,18.699621963532326,18.59745177759308,0.8861336220958596,1.0106948057700547,False,,,,,,,,,,,False
Fowler,Krueger,Fowler + Krueger,5,0.39,0.5850174522399902,0.61,0.3,0.15,0.15,0.7,0.32670000000000005,0.49120433017591336,0.8051,0.44513431837479495,0.18677759617863834,2.221440941976853,2.0318673676108228,18.647920801415854,18.57130229353389,0.8921449566172099,1.0159336838054114,False,,,,,,,,,,,False
Fowler,Krueger,Fowler + Krueger,5,0.4,0.5850174522399902,0.6,0.3,0.15,0.15,0.7,0.33760000000000007,0.5075928431814765,0.8051,0.4599857541577312,0.18677759617863834,2.236292377759789,2.042263372658878,18.596055659259047,18.545049131747213,0.8981093886585497,1.021131686329439,False,,,,,,,,,,,False
Fowler,Krueger,Fowler + Krueger,5,0.41,0.5850174522399902,0.5900000000000001,0.3,0.15,0.15,0.7,0.3484142857142858,0.5238524819039028,0.8051,0.47472040276544125,0.18677759617863834,2.251027026367499,2.052577626684275,18.54404482991526,18.51870146105991,0.904026918219879,1.0262888133421375,False,,,,,,,,,,,False
Fowler,Krueger,Fowler + Krueger,5,0.42,0.5850174522399902,0.5800000000000001,0.3,0.15,0.15,0.7,0.3591428571428572,0.5399832463431922,0.8051,0.489338264197925,0.18677759617863834,2.265644887799983,2.062810129687014,18.49190621038302,18.49226828594215,0.9098975453011978,1.031405064843507,False,,,,,,,,,,,False
Fowler,Krueger,Fowler + Krueger,5,0.43,0.5850174522399902,0.5700000000000001,0.3,0.15,0.15,0.7,0.36978571428571433,0.5559851364993449,0.8051,0.5038393384551825,0.18677759617863834,2.28014596205724,2.072960881667094,18.439657311728663,18.465758449743202,0.915721269902506,1.036480440833547,False,,,,,,,,,,,False
Fowler,Krueger,Fowler + Krueger,5,0.44,0.5850174522399902,0.56,0.3,0.15,0.15,0.7,0.38034285714285715,0.5718581523723607,0.8051,0.5182236255372137,0.18677759617863834,2.2945302491392714,2.083029882624516,18.38731526870271,18.439180637846317,0.9214980920238037,1.041514941312258,False,,,,,,,,,,,False
Fowler,Krueger,Fowler + Krueger,5,0.45,0.5850174522399902,0.55,0.3,0.15,0.15,0.7,0.3908142857142857,0.5876022939622397,0.8051,0.5324911254440188,0.18677759617863834,2.3087977490460765,2.0930171325592797,18.334896849060694,18.412543380744857,0.9272280116650908,1.0465085662796398,False,,,,,,,,,,,False
Fowler,Krueger,Fowler + Krueger,5,0.46,0.5850174522399902,0.54,0.3,0.15,0.15,0.7,0.4012000000000001,0.6032175612689822,0.8051,0.5466418381755977,0.18677759617863834,2.3229484617776555,2.102922631471385,18.282418462598983,18.38585505704204,0.9329110288263676,1.0514613157356925,False,,,,,,,,,,,False
Fowler,Krueger,Fowler + Krueger,5,0.47000000000000003,0.5850174522399902,0.53,0.3,0.15,0.15,0.7,0.41150000000000003,0.6187039542925875,0.8051,0.5606757637319502,0.18677759617863834,2.336982387334008,2.112746379360831,18.22989616991545,18.359123896376307,0.9385471435076336,1.0563731896804156,False,,,,,,,,,,,False
Fowler,Krueger,Fowler + Krueger,5,0.48,0.5850174522399902,0.52,0.3,0.15,0.15,0.7,0.4217142857142858,0.6340614730330563,0.8051,0.5745929021130766,0.18677759617863834,2.3508995257151346,2.12248837622762,18.17734569090459,18.33235798227448,0.9441363557088893,1.06124418811381,False,,,,,,,,,,,False
Fowler,Krueger,Fowler + Krueger,5,0.49,0.5850174522399902,0.51,0.3,0.15,0.15,0.7,0.4318428571428572,0.6492901174903881,0.8051,0.5883932533189766,0.18677759617863834,2.3646998769210343,2.13214862207175,18.124782412996282,18.305565254934553,0.9496786654301342,1.066074311035875,False,,,,,,,,,,,False
Fowler,Krueger,Fowler + Krueger,5,0.5,0.5850174522399902,0.5,0.3,0.15,0.15,0.7,0.4418857142857143,0.6643898876645832,0.8051,0.6020768173496506,0.18677759617863834,2.3783834409517084,2.1417271168932217,18.072221399147054,18.27875351394028,0.9551740726713688,1.0708635584466109,False,,,,,,,,,,,False
Fowler,Krueger,Fowler + Krueger,5,0.51,0.5850174522399902,0.49,0.3,0.15,0.15,0.7,0.45184285714285716,0.6793607835556413,0.8051,0.6156435942050982,0.18677759617863834,2.391950217807156,2.151223860692035,18.01967739559222,18.251930420909293,0.9606225774325926,1.0756119303460174,False,,,,,,,,,,,False
Fowler,Krueger,Fowler + Krueger,5,0.52,0.5850174522399902,0.48,0.3,0.15,0.15,0.7,0.46171428571428574,0.6942028051635628,0.8051,0.6290935838853196,0.18677759617863834,2.4054002074873773,2.16063885346819,17.967164839367193,18.225103502076486,0.966024179713806,1.080319426734095,False,,,,,,,,,,,False
Fowler,Krueger,Fowler + Krueger,5,0.53,0.5850174522399902,0.47,0.3,0.15,0.15,0.7,0.47150000000000014,0.7089159524883477,0.8051,0.6424267863903148,0.18677759617863834,2.4187334099923725,2.1699720952216865,17.914697865605618,18.198280150814625,0.971378879515009,1.0849860476108433,False,,,,,,,,,,,False
Fowler,Krueger,Fowler + Krueger,5,0.54,0.5850174522399902,0.45999999999999996,0.3,0.15,0.15,0.7,0.4812000000000001,0.7235002255299955,0.8051,0.6556432017200837,0.18677759617863834,2.4319498253221417,2.179223585952525,17.86229031462201,18.171467630093748,0.9766866768362014,1.0896117929762625,False,,,,,,,,,,,False
Fowler,Krueger,Fowler + Krueger,5,0.55,0.5850174522399902,0.44999999999999996,0.3,0.15,0.15,0.7,0.49081428571428587,0.7379556242885067,0.8051,0.6687428298746264,0.18677759617863834,2.4450494534766842,2.1883933256607047,17.80995573878599,18.14467307488102,0.9819475716773831,1.0941966628303523,False,,,,,,,,,,,False
Fowler,Krueger,Fowler + Krueger,5,0.56,0.5850174522399902,0.43999999999999995,0.3,0.15,0.15,0.7,0.5003428571428573,0.7522821487638809,0.8051,0.681725670853943,0.18677759617863834,2.4580322944560007,2.197481314346226,17.757707409195202,18.117903494482658,0.9871615640385544,1.098740657173113,False,,,,,,,,,,,False
Fowler,Krueger,Fowler + Krueger,5,0.5700000000000001,0.5850174522399902,0.42999999999999994,0.3,0.15,0.15,0.7,0.5097857142857144,0.7664797989561183,0.8051,0.6945917246580331,0.18677759617863834,2.470898348260091,2.206487552009089,17.70555832215342,18.091165774829506,0.9923286539197151,1.1032437760045446,False,,,,,,,,,,,False
Fowler,Krueger,Fowler + Krueger,5,0.5800000000000001,0.5850174522399902,0.41999999999999993,0.3,0.15,0.15,0.7,0.5191428571428572,0.780548574865219,0.8051,0.7073409912868971,0.18677759617863834,2.483647614888955,2.215412038649294,17.653521205460507,18.06446668070766,0.9974488413208653,1.107706019324647,False,,,,,,,,,,,False
Fowler,Krueger,Fowler + Krueger,5,0.5850174522399902,0.5850174522399902,0.41498254776000976,0.3,0.15,0.15,0.7,0.5238054663033993,0.7875589630181915,0.8051,0.7136938757390734,0.18677759617863834,2.4900004993411313,2.2198590577658175,17.62745794157451,18.05108718233602,1.0000002005386068,1.1099295288829087,True,5.118584477764788e-07,5.118584482262033e-07,0.6250000000000001,0.7500000000000003,0.41922407678471296,0.5,5.11858448001341e-07,0.5846120383923566,0.6048060191961784,0.36826884368487545,False
Fowler,Krueger,Fowler + Krueger,5,0.5900000000000001,0.5850174522399902,0.4099999999999999,0.3,0.15,0.15,0.7,0.5284142857142858,0.7944884764911829,0.8051,0.719973470740535,0.18677759617863834,2.496280094342593,2.224254774266841,17.60160852452016,18.03781285793568,1.0025221262420052,1.1121273871334205,True,0.009773281532470273,0.009773281532471124,0.6250000000000001,0.7500000000000003,0.4055496053664117,0.5,0.009773281532470698,0.577774802683206,0.6013874013416031,0.3703868942913579,False
Fowler,Krueger,Fowler + Krueger,5,0.6,0.5850174522399902,0.4,0.3,0.15,0.15,0.7,0.5376000000000001,0.8082995038340098,0.8051,0.7324891630189464,0.18677759617863834,2.508795786621004,2.233015758861729,17.54983248827158,18.01121083548977,1.007548508683134,1.1165078794308645,True,0.029251126508041552,0.029251126508043627,0.6250000000000001,0.7500000000000003,0.3782953833502535,0.5,0.02925112650804259,0.5641476916751269,0.5945738458375636,0.37460832411520206,False
Fowler,Krueger,Fowler + Krueger,5,0.61,0.5850174522399902,0.39,0.3,0.15,0.15,0.7,0.5467000000000001,0.8219816568937002,0.8051,0.7448880681221316,0.18677759617863834,2.5211946917241894,2.2416949924339584,17.498205054950713,17.98466702757831,1.0125279886442526,1.1208474962169792,True,0.04854721865336055,0.04854721865336164,0.6250000000000001,0.7500000000000003,0.35129547755819623,0.5,0.04854721865336109,0.5506477387790982,0.5878238693895492,0.3787903626809701,False
Fowler,Krueger,Fowler + Krueger,5,0.62,0.5850174522399902,0.38,0.3,0.15,0.15,0.7,0.5557142857142858,0.8355349356702537,0.8051,0.7571701860500908,0.18677759617863834,2.5334768096521487,2.25029247498353,17.44673793768654,17.958187735666975,1.0174605661253608,1.125146237491765,True,0.06766155796842555,0.06766155796842614,0.6250000000000001,0.7500000000000003,0.32454988799023976,0.5,0.06766155796842585,0.5372749439951201,0.5811374719975602,0.382933009988662,False
Fowler,Krueger,Fowler + Krueger,5,0.63,0.5850174522399902,0.37,0.3,0.15,0.15,0.7,0.5646428571428571,0.8489593401636701,0.8051,0.7693355168028233,0.18677759617863834,2.545642140404881,2.2588082065104427,17.395442609937817,17.931779150455874,1.022346241126458,1.1294041032552213,True,0.08659414445323482,0.08659414445323615,0.6250000000000001,0.7500000000000003,0.29805861464638495,0.5,0.08659414445323549,0.5240293073231926,0.5745146536615964,0.38703626603827723,False
Fowler,Krueger,Fowler + Krueger,5,0.64,0.5850174522399902,0.36,0.3,0.15,0.15,0.7,0.5734857142857144,0.8622548703739502,0.8051,0.78138406038033,0.18677759617863834,2.557690683982388,2.2672421870146975,17.344330310775295,17.905447353809745,1.0271850136475453,1.1336210935073487,True,0.10534497810779181,0.10534497810779267,0.6250000000000001,0.7500000000000003,0.27182165752663034,0.5,0.10534497810779224,0.5109108287633153,0.5679554143816576,0.3911001308298166,False
Fowler,Krueger,Fowler + Krueger,5,0.65,0.5850174522399902,0.35,0.3,0.15,0.15,0.7,0.5822428571428573,0.8754215263010933,0.8051,0.7933158167826105,0.18677759617863834,2.569622440384668,2.275594416496294,17.29341205001435,17.879198320642633,1.0319768836886216,1.137797208248147,True,0.12391405893209306,0.1239140589320947,0.6250000000000001,0.7500000000000003,0.24583901663097696,0.5,0.12391405893209388,0.49791950831548865,0.5614597541577444,0.39512460436327945,False
Fowler,Krueger,Fowler + Krueger,5,0.66,0.5850174522399902,0.33999999999999997,0.3,0.15,0.15,0.7,0.5909142857142858,0.8884593079450995,0.8051,0.8051307860096646,0.18677759617863834,2.5814374096117225,2.2838648949552316,17.242698613202794,17.853037920758048,1.0367218512496876,1.1419324474776158,True,0.1423013869261412,0.14230138692614222,0.6250000000000001,0.7500000000000003,0.2201106919594248,0.5,0.1423013869261417,0.48505534597971256,0.5550276729898563,0.399109686638666,False
Fowler,Krueger,Fowler + Krueger,5,0.67,0.5850174522399902,0.32999999999999996,0.3,0.15,0.15,0.7,0.5995000000000001,0.9013682153059691,0.8051,0.8168289680614925,0.18677759617863834,2.5931355916635503,2.292053622391511,17.192200566468344,17.826971920645793,1.041419916330743,1.1460268111957554,True,0.16050696208993445,0.16050696208993528,0.6250000000000001,0.7500000000000003,0.1946366835119735,0.5,0.16050696208993487,0.4723183417559869,0.5486591708779935,0.4030553776559761,False
Fowler,Krueger,Fowler + Krueger,5,0.68,0.5850174522399902,0.31999999999999995,0.3,0.15,0.15,0.7,0.6080000000000001,0.9141482483837017,0.8051,0.8284103629380941,0.18677759617863834,2.604716986540152,2.300160598805132,17.141928261230323,17.801005985236603,1.046071078931788,1.150080299402566,True,0.17853078442347456,0.1785307844234748,0.6250000000000001,0.7500000000000003,0.16941699128862342,0.5,0.1785307844234747,0.4597084956443119,0.542354247822156,0.4069616774152102,False
Fowler,Krueger,Fowler + Krueger,5,0.6900000000000001,0.5850174522399902,0.30999999999999994,0.3,0.15,0.15,0.7,0.6164142857142858,0.9267994071782976,0.8051,0.8398749706394695,0.18677759617863834,2.616181594241527,2.308185824196095,17.091891838779596,17.77514567961556,1.050675339052822,1.1540929120980474,True,0.19637285392675893,0.19637285392675985,0.6250000000000001,0.7500000000000003,0.14445161528937422,0.5,0.1963728539267594,0.4472258076446873,0.5361129038223437,0.4108285859163677,False
Fowler,Krueger,Fowler + Krueger,5,0.7,0.5850174522399902,0.30000000000000004,0.3,0.15,0.15,0.7,0.6247428571428572,0.9393216916897564,0.8051,0.8512227911656186,0.18677759617863834,2.627529414767676,2.316129298564399,17.042101234730982,17.74939647069541,1.0552326966938457,1.1580646492821995,True,0.21403317059978932,0.2140331705997904,0.6250000000000001,0.7500000000000003,0.11974055551422624,0.5,0.21403317059978988,0.4348702777571133,0.5299351388785567,0.4146561031594488,False
Fowler,Krueger,Fowler + Krueger,5,0.71,0.5850174522399902,0.29000000000000004,0.3,0.15,0.15,0.7,0.6329857142857144,0.9517151019180788,0.8051,0.8624538245165416,0.18677759617863834,2.6387604481185996,2.3239910219100457,16.99256618335207,17.72376372885076,1.0597431518548592,1.1619955109550228,True,0.23151173444256742,0.23151173444256845,0.6250000000000001,0.7500000000000003,0.09528381196317881,0.5,0.23151173444256795,0.42264190598158957,0.5238209529907949,0.4184442291444542,False
Fowler,Krueger,Fowler + Krueger,5,0.72,0.5850174522399902,0.28,0.3,0.15,0.15,0.7,0.6411428571428572,0.9639796378632643,0.8051,0.8735680706922383,0.18677759617863834,2.6498746942942963,2.3317709942330334,16.94329622177211,17.698252729514014,1.0642067045358619,1.1658854971165167,True,0.2488085454550898,0.248808545455091,0.6250000000000001,0.7500000000000003,0.07108138463623259,0.5,0.2488085454550904,0.41054069231811646,0.5177703461590583,0.42219296387138283,False
Fowler,Krueger,Fowler + Krueger,5,0.73,0.5850174522399902,0.27,0.3,0.15,0.15,0.7,0.6492142857142857,0.976115299525313,0.8051,0.8845655296927087,0.18677759617863834,2.6608721532947666,2.3394692155333625,16.89430069407481,17.672868654734263,1.068623354736854,1.1697346077666813,True,0.2659236036373582,0.2659236036373591,0.6250000000000001,0.7500000000000003,0.04713327353338759,0.5,0.2659236036373587,0.39856663676669396,0.511783318383347,0.42590230734023515,False
Fowler,Krueger,Fowler + Krueger,5,0.74,0.5850174522399902,0.26,0.3,0.15,0.15,0.7,0.6572,0.9881220869042248,0.8051,0.8954462015179528,0.18677759617863834,2.6717528251200107,2.347085685811033,16.84558875527842,17.64761659469964,1.0729931024578354,1.1735428429055166,True,0.28285690898937166,0.28285690898937266,0.6250000000000001,0.7500000000000003,0.023439478654643575,0.5,0.28285690898937216,0.38671973932732195,0.505859869663661,0.4295722595510111,False
Fowler,Krueger,Fowler + Krueger,5,0.75,0.5850174522399902,0.25,0.3,0.15,0.15,0.7,0.6651000000000001,1.0,0.8051,0.906210086167971,0.18677759617863834,2.682516709770029,2.354620405066046,16.79716937520658,17.622501549224513,1.0773159476988068,1.177310202533023,True,0.2996084615111329,0.29960846151113374,0.6250000000000001,0.7500000000000003,0.0,0.5,0.2996084615111333,0.37500000000000017,0.5000000000000001,0.43320282050371106,False
Fowler,slat,Fowler + slat,5,0.13,0.5172797870635987,0.87,0.3,0.2,0.2,0.7,0.013214285714285729,0.019868118650256693,0.8051,0.01800468951404459,0.2750251100201494,1.8825588269576135,1.7946498870973553,19.226821247700524,18.76148885425505,0.7560477216697242,0.8973249435486776,False,,,,,,,,,,,False
Fowler,slat,Fowler + slat,5,0.13999999999999999,0.5172797870635987,0.86,0.3,0.2,0.2,0.7,0.026342857142857133,0.03960736301737652,0.8051,0.03589259185286289,0.2750251100201494,1.9004467292964318,1.807171418734528,19.178846993499185,18.737394639265716,0.763231618191338,0.903585709367264,False,,,,,,,,,,,False
Fowler,slat,Fowler + slat,5,0.15,0.5172797870635987,0.85,0.3,0.2,0.2,0.7,0.03938571428571429,0.05921773310135962,0.8051,0.05366370701645501,0.2750251100201494,1.918217844460024,1.8196111993490427,19.130268815997034,18.7129781400752,0.7703686122329413,0.9098055996745213,False,,,,,,,,,,,False
Fowler,slat,Fowler + slat,5,0.16,0.5172797870635987,0.84,0.3,0.2,0.2,0.7,0.05234285714285716,0.07869922890220592,0.8051,0.0713180350048209,0.2750251100201494,1.9358721724483898,1.8319692289408986,19.081114430133617,18.688252424819257,0.777458703794534,0.9159846144704493,False,,,,,,,,,,,False
Fowler,slat,Fowler + slat,5,0.16999999999999998,0.5172797870635987,0.8300000000000001,0.3,0.2,0.2,0.7,0.06521428571428571,0.09805185041991535,0.8051,0.0888555758179605,0.2750251100201494,1.9534097132615293,1.8442455075100965,19.03141091548055,18.663230319565802,0.7845018928761162,0.9221227537550483,False,,,,,,,,,,,False
Fowler,slat,Fowler + slat,5,0.18,0.5172797870635987,0.8200000000000001,0.3,0.2,0.2,0.7,0.078,0.11727559765448803,0.8051,0.1062763294558739,0.2750251100201494,1.9708304668994427,1.856440035056636,18.981184733735805,18.637924413537082,0.7914981794776877,0.928220017528318,False,,,,,,,,,,,False
Fowler,slat,Fowler + slat,5,0.19,0.5172797870635987,0.81,0.3,0.2,0.2,0.7,0.09070000000000003,0.13637047060592394,0.8051,0.12358029591856111,0.2750251100201494,1.98813443336213,1.8685528115805168,18.930461745635807,18.612347064193376,0.798447563599249,0.9342764057902584,False,,,,,,,,,,,False
Fowler,slat,Fowler + slat,5,0.2,0.5172797870635987,0.8,0.3,0.2,0.2,0.7,0.10331428571428575,0.155336469274223,0.8051,0.14076747520602204,0.2750251100201494,2.005321612649591,1.8805838370817396,18.87926722730753,18.58651040218243,0.8053500452407996,0.9402919185408698,False,,,,,,,,,,,False
Fowler,slat,Fowler + slat,5,0.21,0.5172797870635987,0.79,0.3,0.2,0.2,0.7,0.11584285714285718,0.17417359365938528,0.8051,0.15783786731825672,0.2750251100201494,2.0223920047618256,1.892533111560304,18.827625886082192,18.560426336158674,0.8122056244023396,0.946266555780152,False,,,,,,,,,,,False
Fowler,slat,Fowler + slat,5,0.22,0.5172797870635987,0.78,0.3,0.2,0.2,0.7,0.1282857142857143,0.19288184376141074,0.8051,0.17479147225526515,0.2750251100201494,2.039345609698834,1.9044006350162097,18.77556187579088,18.534106557476186,0.8190143010838691,0.9522003175081049,False,,,,,,,,,,,False
Fowler,slat,Fowler + slat,5,0.22999999999999998,0.5172797870635987,0.77,0.3,0.2,0.2,0.7,0.14064285714285715,0.2114612195802994,0.8051,0.19162829001704737,0.2750251100201494,2.0561824274606164,1.9161864074494572,18.72309881156171,18.50756254475912,0.8257760752853881,0.9580932037247286,False,,,,,,,,,,,False
Fowler,slat,Fowler + slat,5,0.24,0.5172797870635987,0.76,0.3,0.2,0.2,0.7,0.15291428571428572,0.22991172111605127,0.8051,0.20834832060360337,0.2750251100201494,2.072902458047172,1.9278904288600465,18.670259784137297,18.480805568353404,0.8324909470068964,0.9639452144300232,False,,,,,,,,,,,False
Fowler,slat,Fowler + slat,5,0.25,0.5172797870635987,0.75,0.3,0.2,0.2,0.7,0.1651,0.2482333483686663,0.8051,0.2249515640149331,0.2750251100201494,2.089505701458502,1.9395126992479772,18.617067373730475,18.45384669466303,0.8391589162483942,0.9697563496239886,False,,,,,,,,,,,False
Fowler,slat,Fowler + slat,5,0.26,0.5172797870635987,0.74,0.3,0.2,0.2,0.7,0.17720000000000002,0.26642610133814465,0.8051,0.24143802025103664,0.2750251100201494,2.1059921576946055,1.9510532186132497,18.563543663435308,18.426696790374542,0.8457799830098817,0.9755266093066248,False,,,,,,,,,,,False
Fowler,slat,Fowler + slat,5,0.27,0.5172797870635987,0.73,0.3,0.2,0.2,0.7,0.18921428571428578,0.28448998002448617,0.8051,0.25780768931191395,0.2750251100201494,2.122361826755483,1.9625119869558638,18.50971025221007,18.399366526572912,0.8523541472913585,0.9812559934779319,False,,,,,,,,,,,False
Fowler,slat,Fowler + slat,5,0.28,0.5172797870635987,0.72,0.3,0.2,0.2,0.7,0.2011428571428572,0.30242498442769083,0.8051,0.274060571197565,0.2750251100201494,2.138614708641134,1.9738890042758195,18.455588267447684,18.37186638275205,0.8588814090928247,0.9869445021379097,False,,,,,,,,,,,False
Fowler,slat,Fowler + slat,5,0.29000000000000004,0.5172797870635987,0.71,0.3,0.2,0.2,0.7,0.21298571428571436,0.3202311145477587,0.8051,0.2901966659079898,0.2750251100201494,2.1547508033515586,1.985184270573117,18.40119837714892,18.344206650722953,0.8653617684142805,0.9925921352865585,False,,,,,,,,,,,False
Fowler,slat,Fowler + slat,5,0.3,0.5172797870635987,0.7,0.3,0.2,0.2,0.7,0.2247428571428572,0.33790837038468974,0.8051,0.30621597344318835,0.2750251100201494,2.170770110886757,1.9963977858477557,18.34656080171267,18.316397438422563,0.8717952252557257,0.9981988929238779,False,,,,,,,,,,,False
Fowler,slat,Fowler + slat,5,0.31,0.5172797870635987,0.69,0.3,0.2,0.2,0.7,0.23641428571428574,0.355456751938484,0.8051,0.32211849380316065,0.2750251100201494,2.1866726312467293,2.0075295500997363,18.291695325357253,18.28844867362614,0.8781817796171603,1.0037647750498682,False,,,,,,,,,,,False
Fowler,slat,Fowler + slat,5,0.32,0.5172797870635987,0.6799999999999999,0.3,0.2,0.2,0.7,0.24800000000000008,0.3728762592091415,0.8051,0.33790422698790684,0.2750251100201494,2.2024583644314757,2.018579563329059,18.236621307185963,18.260370107565944,0.8845214314985845,1.0092897816645294,False,,,,,,,,,,,False
Fowler,slat,Fowler + slat,5,0.32999999999999996,0.5172797870635987,0.67,0.3,0.2,0.2,0.7,0.2595,0.39016689219666206,0.8051,0.35357317299742663,0.2750251100201494,2.2181273104409955,2.029547825535723,18.181357691909625,18.232171318458956,0.8908141808999981,1.0147739127678614,False,,,,,,,,,,,False
Fowler,slat,Fowler + slat,5,0.33999999999999997,0.5172797870635987,0.66,0.3,0.2,0.2,0.7,0.2709142857142857,0.407328650901046,0.8051,0.36912533183172025,0.2750251100201494,2.2336794692752893,2.0404343367197284,18.125923020238456,18.203861714946168,0.8970600278214013,1.0202171683598642,False,,,,,,,,,,,False
Fowler,slat,Fowler + slat,5,0.35,0.5172797870635987,0.65,0.3,0.2,0.2,0.7,0.28224285714285713,0.424361535322293,0.8051,0.38456070349078764,0.2750251100201494,2.2491148409343564,2.0512390968810754,18.070335438954803,18.175450539446043,0.9032589722627937,1.0256195484405377,False,,,,,,,,,,,False
Fowler,slat,Fowler + slat,5,0.36,0.5172797870635987,0.64,0.3,0.2,0.2,0.7,0.2934857142857143,0.4412655454604033,0.8051,0.39987928797462885,0.2750251100201494,2.264433425418198,2.0619621060197644,18.01461271067814,18.146946871424493,0.9094110142241758,1.0309810530098822,False,,,,,,,,,,,False
Fowler,slat,Fowler + slat,5,0.37,0.5172797870635987,0.63,0.3,0.2,0.2,0.7,0.30464285714285716,0.4580406813153768,0.8051,0.4150810852832438,0.2750251100201494,2.279635222726813,2.072603364135795,17.95877222333303,18.11835963058377,0.9155161537055473,1.0363016820678974,False,,,,,,,,,,,False
Fowler,slat,Fowler + slat,5,0.38,0.5172797870635987,0.62,0.3,0.2,0.2,0.7,0.3157142857142858,0.4746869428872135,0.8051,0.43016609541663253,0.2750251100201494,2.294720232860201,2.0831628712291668,17.902830999330476,18.08969757997255,0.921574390706908,1.0415814356145834,False,,,,,,,,,,,False
Fowler,slat,Fowler + slat,5,0.39,0.5172797870635987,0.61,0.3,0.2,0.2,0.7,0.32670000000000005,0.49120433017591336,0.8051,0.44513431837479495,0.2750251100201494,2.309688455818364,2.0936406272998807,17.84680570447264,18.060969329019425,0.9275857252282586,1.0468203136499403,False,,,,,,,,,,,False
Fowler,slat,Fowler + slat,5,0.4,0.5172797870635987,0.6,0.3,0.2,0.2,0.7,0.33760000000000007,0.5075928431814765,0.8051,0.4599857541577312,0.2750251100201494,2.3245398916013,2.1040366323479356,17.79071265659026,18.032183336491855,0.9335501572695983,1.0520183161739678,False,,,,,,,,,,,False
Fowler,slat,Fowler + slat,5,0.41,0.5172797870635987,0.5900000000000001,0.3,0.2,0.2,0.7,0.3484142857142858,0.5238524819039028,0.8051,0.47472040276544125,0.2750251100201494,2.33927454020901,2.114350886373333,17.73456783392234,18.003347913382783,0.9394676868309276,1.0571754431866665,False,,,,,,,,,,,False
Fowler,slat,Fowler + slat,5,0.42,0.5172797870635987,0.5800000000000001,0.3,0.2,0.2,0.7,0.3591428571428572,0.5399832463431922,0.8051,0.489338264197925,0.2750251100201494,2.353892401641494,2.1245833893760717,17.678386883246528,17.97447122572677,0.9453383139122464,1.0622916946880359,False,,,,,,,,,,,False
Fowler,slat,Fowler + slat,5,0.43,0.5172797870635987,0.5700000000000001,0.3,0.2,0.2,0.7,0.36978571428571433,0.5559851364993449,0.8051,0.5038393384551825,0.2750251100201494,2.3683934758987513,2.1347341413561516,17.62218512776887,17.945561297347627,0.9511620385135546,1.0673670706780758,False,,,,,,,,,,,False
Fowler,slat,Fowler + slat,5,0.44,0.5172797870635987,0.56,0.3,0.2,0.2,0.7,0.38034285714285715,0.5718581523723607,0.8051,0.5182236255372137,0.2750251100201494,2.3827777629807825,2.144803142313574,17.56597757478112,17.916626012539563,0.9569388606348523,1.072401571156787,False,,,,,,,,,,,False
Fowler,slat,Fowler + slat,5,0.45,0.5172797870635987,0.55,0.3,0.2,0.2,0.7,0.3908142857142857,0.5876022939622397,0.8051,0.5324911254440188,0.2750251100201494,2.3970452628875876,2.154790392248337,17.509778923093226,17.88767311868333,0.9626687802761396,1.0773951961241686,False,,,,,,,,,,,False
Fowler,slat,Fowler + slat,5,0.46,0.5172797870635987,0.54,0.3,0.2,0.2,0.7,0.4012000000000001,0.6032175612689822,0.8051,0.5466418381755977,0.2750251100201494,2.4111959756191665,2.1646958911604424,17.453603570248728,17.85871022879952,0.9683517974374162,1.0823479455802212,False,,,,,,,,,,,False
Fowler,slat,Fowler + slat,5,0.47000000000000003,0.5172797870635987,0.53,0.3,0.2,0.2,0.7,0.41150000000000003,0.6187039542925875,0.8051,0.5606757637319502,0.2750251100201494,2.425229901175519,2.174519639049889,17.397465619530198,17.829744824040368,0.9739879121186822,1.0872598195249445,False,,,,,,,,,,,False
Fowler,slat,Fowler + slat,5,0.48,0.5172797870635987,0.52,0.3,0.2,0.2,0.7,0.4217142857142858,0.6340614730330563,0.8051,0.5745929021130766,0.2750251100201494,2.4391470395566452,2.1842616359166778,17.341378886761667,17.800784256121958,0.9795771243199378,1.0921308179583389,False,,,,,,,,,,,False
Fowler,slat,Fowler + slat,5,0.49,0.5172797870635987,0.51,0.3,0.2,0.2,0.7,0.4318428571428572,0.6492901174903881,0.8051,0.5883932533189766,0.2750251100201494,2.4529473907625454,2.193921881760808,17.28535690691482,17.771835749698294,0.9851194340411829,1.096960940880404,False,,,,,,,,,,,False
Fowler,slat,Fowler + slat,5,0.5,0.5172797870635987,0.5,0.3,0.2,0.2,0.7,0.4418857142857143,0.6643898876645832,0.8051,0.6020768173496506,0.2750251100201494,2.4666309547932195,2.2035003765822796,17.22941294052528,17.742906404678774,0.9906148412824174,1.1017501882911398,False,,,,,,,,,,,False
Fowler,slat,Fowler + slat,5,0.51,0.5172797870635987,0.49,0.3,0.2,0.2,0.7,0.45184285714285716,0.6793607835556413,0.8051,0.6156435942050982,0.2750251100201494,2.480197731648667,2.2129971203810928,17.173559979925294,17.71400319849069,0.9960633460436412,1.1064985601905464,False,,,,,,,,,,,False
Fowler,slat,Fowler + slat,5,0.5172797870635987,0.5172797870635987,0.4827202129364013,0.3,0.2,0.2,0.7,0.4590375337603288,0.6901782194562152,0.8051,0.6254464637246736,0.2750251100201494,2.4900006011682425,2.2198591290447958,17.13296474431944,17.692982646735167,1.0000002414330291,1.1099295645223979,True,6.703293216339182e-07,6.703293225698981e-07,0.0,0.7500000000000003,0.6113919973351774,0.5,6.703293221019081e-07,0.6806959986675889,0.34034799933379445,0.28011622322103885,False
Fowler,slat,Fowler + slat,5,0.52,0.5172797870635987,0.48,0.3,0.2,0.2,0.7,0.46171428571428574,0.6942028051635628,0.8051,0.6290935838853196,0.2750251100201494,2.4936477213288883,2.222412113157248,17.11781075529876,17.685132988288082,1.0014649483248548,1.111206056578624,True,0.005676588170389105,0.005676588170389982,0.0,0.7500000000000003,0.6034500137543484,0.5,0.005676588170389544,0.6767250068771744,0.3383625034385872,0.2813463638696589,False
Fowler,slat,Fowler + slat,5,0.53,0.5172797870635987,0.47,0.3,0.2,0.2,0.7,0.47150000000000014,0.7089159524883477,0.8051,0.6424267863903148,0.2750251100201494,2.5069809238338836,2.2317453549107444,17.06217774056419,17.656302513108354,1.0068196481260576,1.1158726774553722,True,0.026426702957740994,0.02642670295774194,0.0,0.7500000000000003,0.5744155781694826,0.5,0.026426702957741466,0.6622077890847415,0.33110389454237077,0.2858435325000374,False
Fowler,slat,Fowler + slat,5,0.54,0.5172797870635987,0.45999999999999996,0.3,0.2,0.2,0.7,0.4812000000000001,0.7235002255299955,0.8051,0.6556432017200837,0.2750251100201494,2.5201973391636527,2.2409968456415825,17.006673159091445,17.62751839597817,1.01212744544725,1.1204984228207913,True,0.04699506491483888,0.046995064914839416,0.0,0.7500000000000003,0.5456354588087183,0.5,0.04699506491483915,0.6478177294043593,0.32390886470217967,0.2903013098723396,False
Fowler,slat,Fowler + slat,5,0.55,0.5172797870635987,0.44999999999999996,0.3,0.2,0.2,0.7,0.49081428571428587,0.7379556242885067,0.8051,0.6687428298746264,0.2750251100201494,2.5332969673181953,2.2501665853497625,16.951308989257193,17.59878714596972,1.0173883402884318,1.1250832926748813,True,0.06738167404168276,0.06738167404168338,0.0,0.7500000000000003,0.5171096556720549,0.5,0.06738167404168308,0.6335548278360277,0.31677741391801384,0.2947196959865656,False
Fowler,slat,Fowler + slat,5,0.56,0.5172797870635987,0.43999999999999995,0.3,0.2,0.2,0.7,0.5003428571428573,0.7522821487638809,0.8051,0.681725670853943,0.2750251100201494,2.5462798082975118,2.259254574035284,16.896096969844567,17.57011516020884,1.022602332649603,1.129627287017642,True,0.08758653033827178,0.08758653033827285,0.0,0.7500000000000003,0.4888381687594925,0.5,0.08758653033827232,0.6194190843797465,0.30970954218987323,0.2990986908427152,False
Fowler,slat,Fowler + slat,5,0.5700000000000001,0.5172797870635987,0.42999999999999994,0.3,0.2,0.2,0.7,0.5097857142857144,0.7664797989561183,0.8051,0.6945917246580331,0.2750251100201494,2.559145862101602,2.268260811698147,16.841048605291693,17.5415087258361,1.0277694225307639,1.1341304058490735,True,0.10760963380460765,0.10760963380460783,0.0,0.7500000000000003,0.4608209980710314,0.5,0.10760963380460775,0.6054104990355158,0.3027052495177579,0.3034382944407885,False
Fowler,slat,Fowler + slat,5,0.5800000000000001,0.5172797870635987,0.41999999999999993,0.3,0.2,0.2,0.7,0.5191428571428572,0.780548574865219,0.8051,0.7073409912868971,0.2750251100201494,2.571895128730466,2.277185298338352,16.786175170794024,17.512974021922187,1.032889609931914,1.138592649169176,True,0.12745098444068867,0.12745098444068934,0.0,0.7500000000000003,0.43305814360667105,0.5,0.127450984440689,0.5915290718033357,0.29576453590166785,0.3077385067807856,False
Fowler,slat,Fowler + slat,5,0.5900000000000001,0.5172797870635987,0.4099999999999999,0.3,0.2,0.2,0.7,0.5284142857142858,0.7944884764911829,0.8051,0.719973470740535,0.2750251100201494,2.584527608184104,2.2860280339558985,16.73148771726496,17.484517121338573,1.0379628948530537,1.1430140169779492,True,0.14711058224651566,0.14711058224651632,0.0,0.7500000000000003,0.4055496053664117,0.5,0.147110582246516,0.577774802683206,0.288887401341603,0.31199932786270634,False
Fowler,slat,Fowler + slat,5,0.6,0.5172797870635987,0.4,0.3,0.2,0.2,0.7,0.5376000000000001,0.8082995038340098,0.8051,0.7324891630189464,0.2750251100201494,2.5970433004625155,2.2947890185507864,16.676997076159232,17.456143992584828,1.042989277294183,1.1473945092753932,True,0.16658842722208866,0.1665884272220888,0.0,0.7500000000000003,0.3782953833502535,0.5,0.16658842722208872,0.5641476916751269,0.28207384583756345,0.31622075768655067,False
Fowler,slat,Fowler + slat,5,0.61,0.5172797870635987,0.39,0.3,0.2,0.2,0.7,0.5467000000000001,0.8219816568937002,0.8051,0.7448880681221316,0.2750251100201494,2.6094422055657005,2.3034682521230163,16.62271386416327,17.42786050157346,1.0479687572553014,1.1517341260615082,True,0.1858845193674068,0.18588451936740782,0.0,0.7500000000000003,0.35129547755819623,0.5,0.1858845193674073,0.5506477387790982,0.2753238693895491,0.3204027962523188,False
Fowler,slat,Fowler + slat,5,0.62,0.5172797870635987,0.38,0.3,0.2,0.2,0.7,0.5557142857142858,0.8355349356702537,0.8051,0.7571701860500908,0.2750251100201494,2.62172432349366,2.3120657346725872,16.568648487756715,17.399672413373498,1.0529013347364096,1.1560328673362936,True,0.2049988586824718,0.20499885868247134,0.0,0.7500000000000003,0.32454988799023976,0.5,0.20499885868247159,0.5372749439951201,0.26863747199756005,0.3245454435600105,False
Fowler,slat,Fowler + slat,5,0.63,0.5172797870635987,0.37,0.3,0.2,0.2,0.7,0.5646428571428571,0.8489593401636701,0.8051,0.7693355168028233,0.2750251100201494,2.633889654246392,2.3205814661995006,16.514811147648977,17.371585393913843,1.0577870097375068,1.1602907330997503,True,0.22393144516728108,0.22393144516728233,0.0,0.7500000000000003,0.29805861464638495,0.5,0.2239314451672817,0.5240293073231926,0.2620146536615963,0.32864869960962595,False
Fowler,slat,Fowler + slat,5,0.64,0.5172797870635987,0.36,0.3,0.2,0.2,0.7,0.5734857142857144,0.8622548703739502,0.8051,0.78138406038033,0.2750251100201494,2.6459381978238987,2.329015446703755,16.46121184309468,17.34360501164724,1.0626257822585938,1.1645077233518775,True,0.2426822788218372,0.24268227882183788,0.0,0.7500000000000003,0.27182165752663034,0.5,0.24268227882183754,0.5109108287633153,0.25545541438165764,0.33271256440116503,False
Fowler,slat,Fowler + slat,5,0.65,0.5172797870635987,0.35,0.3,0.2,0.2,0.7,0.5822428571428573,0.8754215263010933,0.8051,0.7933158167826105,0.2750251100201494,2.6578699542261797,2.3373676761853517,16.407860376091723,17.315736739176106,1.0674176522996706,1.1686838380926758,True,0.26125135964614016,0.2612513596461409,0.0,0.7500000000000003,0.24583901663097696,0.5,0.26125135964614055,0.49791950831548865,0.24895975415774432,0.3367370379346283,False
Fowler,slat,Fowler + slat,5,0.66,0.5172797870635987,0.33999999999999997,0.3,0.2,0.2,0.7,0.5909142857142858,0.8884593079450995,0.8051,0.8051307860096646,0.2750251100201494,2.669684923453233,2.345638154644289,16.35476635546536,17.2879859548409,1.0721626198607361,1.1728190773221445,True,0.27963868764018657,0.2796386876401874,0.0,0.7500000000000003,0.2201106919594248,0.5,0.27963868764018696,0.48505534597971256,0.24252767298985628,0.34072212021001436,False
Fowler,slat,Fowler + slat,5,0.67,0.5172797870635987,0.32999999999999996,0.3,0.2,0.2,0.7,0.5995000000000001,0.9013682153059691,0.8051,0.8168289680614925,0.2750251100201494,2.6813831055050614,2.353826882080569,16.301939200842014,17.260357944272105,1.0768606849417917,1.1769134410402844,True,0.2978442628039807,0.29784426280398146,0.0,0.7500000000000003,0.1946366835119735,0.5,0.2978442628039811,0.4723183417559869,0.23615917087799346,0.3446678112273248,False
Fowler,slat,Fowler + slat,5,0.68,0.5172797870635987,0.31999999999999995,0.3,0.2,0.2,0.7,0.6080000000000001,0.9141482483837017,0.8051,0.8284103629380941,0.2750251100201494,2.692964500381663,2.36193385849419,16.249388146515734,17.232857901906712,1.0815118475428365,1.180966929247095,True,0.31586808513751996,0.315868085137521,0.0,0.7500000000000003,0.16941699128862342,0.5,0.3158680851375205,0.4597084956443119,0.22985424782215594,0.34857411098655877,False
Fowler,slat,Fowler + slat,5,0.6900000000000001,0.5172797870635987,0.30999999999999994,0.3,0.2,0.2,0.7,0.6164142857142858,0.9267994071782976,0.8051,0.8398749706394695,0.2750251100201494,2.7044291080830387,2.3699590838851528,16.197122245210892,17.20549093246997,1.0861161076638708,1.1849795419425764,True,0.33371015464080517,0.33371015464080606,0.0,0.7500000000000003,0.14445161528937422,0.5,0.3337101546408056,0.4472258076446873,0.22361290382234364,0.35244101948771644,False
Fowler,slat,Fowler + slat,5,0.7,0.5172797870635987,0.30000000000000004,0.3,0.2,0.2,0.7,0.6247428571428572,0.9393216916897564,0.8051,0.8512227911656186,0.2750251100201494,2.7157769286091877,2.377902558253457,16.145150371743895,17.178262052423396,1.0906734653048946,1.1889512791267285,True,0.3513704713138364,0.3513704713138366,0.0,0.7500000000000003,0.11974055551422624,0.5,0.3513704713138365,0.4348702777571133,0.21743513887855664,0.3562685367307977,False
Fowler,slat,Fowler + slat,5,0.71,0.5172797870635987,0.29000000000000004,0.3,0.2,0.2,0.7,0.6329857142857144,0.9517151019180788,0.8051,0.8624538245165416,0.2750251100201494,2.72700796196011,2.385764281599103,16.093481226587066,17.151176191379662,1.0951839204659075,1.1928821407995516,True,0.36884903515661194,0.36884903515661366,0.0,0.7500000000000003,0.09528381196317881,0.5,0.3688490351566128,0.42264190598158957,0.21132095299079479,0.3600566627158025,False
Fowler,slat,Fowler + slat,5,0.72,0.5172797870635987,0.28,0.3,0.2,0.2,0.7,0.6411428571428572,0.9639796378632643,0.8051,0.8735680706922383,0.2750251100201494,2.738122208135807,2.393544253922091,16.042123339337493,17.12423819348536,1.0996474731469104,1.1967721269610454,True,0.38614584616913517,0.3861458461691362,0.0,0.7500000000000003,0.07108138463623259,0.5,0.3861458461691357,0.41054069231811646,0.20527034615905823,0.3638053974427313,False
Fowler,slat,Fowler + slat,5,0.73,0.5172797870635987,0.27,0.3,0.2,0.2,0.7,0.6492142857142857,0.976115299525313,0.8051,0.8845655296927087,0.2750251100201494,2.7491196671362776,2.4012424752224204,15.991085072093583,17.097452818772283,1.1040641233479025,1.2006212376112102,True,0.40326090435140355,0.40326090435140527,0.0,0.7500000000000003,0.04713327353338759,0.5,0.4032609043514044,0.39856663676669396,0.19928331838334698,0.36751474091158376,False
Fowler,slat,Fowler + slat,5,0.74,0.5172797870635987,0.26,0.3,0.2,0.2,0.7,0.6572,0.9881220869042248,0.8051,0.8954462015179528,0.2750251100201494,2.7600003389615217,2.408858945500091,15.940374622742077,17.07082474447794,1.1084338710688841,1.2044294727500455,True,0.4201942097034179,0.42019420970341886,0.0,0.7500000000000003,0.023439478654643575,0.5,0.42019420970341836,0.38671973932732195,0.19335986966366098,0.37118469312235974,False
Fowler,slat,Fowler + slat,5,0.75,0.5172797870635987,0.25,0.3,0.2,0.2,0.7,0.6651000000000001,1.0,0.8051,0.906210086167971,0.2750251100201494,2.7707642236115397,2.4163936647551036,15.890000028158118,17.04435856633623,1.1127567163098553,1.2081968323775518,True,0.4369457622251783,0.43694576222517895,0.0,0.7500000000000003,0.0,0.5,0.4369457622251786,0.37500000000000017,0.18750000000000008,0.37481525407505956,False
double-slotted,none,double-slotted,4,0.13,0.6508445262908936,0.87,0.33,0.0,0.12,0.6699999999999999,0.013214285714285729,0.019868118650256693,0.0,0.02041084726517924,0.0,1.6099398746885987,1.603816620509045,17.579931344861627,17.57775054972193,0.6465621986701199,0.8019083102545225,False,,,,,,,,,,,False
double-slotted,none,double-slotted,4,0.13999999999999999,0.6508445262908936,0.86,0.33,0.0,0.12,0.6699999999999999,0.026342857142857133,0.03960736301737652,0.0,0.04068929984539509,0.0,1.6302183272688147,1.618011537315196,17.606022518637474,17.602216927839983,0.6547061555296444,0.809005768657598,False,,,,,,,,,,,False
double-slotted,none,double-slotted,4,0.15,0.6508445262908936,0.85,0.33,0.0,0.12,0.6699999999999999,0.03938571428571429,0.05921773310135962,0.0,0.06083535774064768,0.0,1.6503643851640672,1.6321137778418728,17.630900518396714,17.62601016930564,0.6627969418329587,0.8160568889209364,False,,,,,,,,,,,False
double-slotted,none,double-slotted,4,0.16,0.6508445262908936,0.84,0.33,0.0,0.12,0.6699999999999999,0.05234285714285716,0.07869922890220592,0.0,0.08084902095093696,0.0,1.6703780483743564,1.6461233420890753,17.65459380711754,17.649143118187638,0.6708345575800627,0.8230616710445376,False,,,,,,,,,,,False
double-slotted,none,double-slotted,4,0.16999999999999998,0.6508445262908936,0.8300000000000001,0.33,0.0,0.12,0.6699999999999999,0.06521428571428571,0.09805185041991535,0.0,0.10073028947626284,0.0,1.6902593168996822,1.6600402300568036,17.677130318599648,17.67162842411954,0.6788190027709566,0.8300201150284018,False,,,,,,,,,,,False
double-slotted,none,double-slotted,4,0.18,0.6508445262908936,0.8200000000000001,0.33,0.0,0.12,0.6699999999999999,0.078,0.11727559765448803,0.0,0.12047916331662543,0.0,1.7100081907400448,1.6738644417450572,17.698537468930624,17.693478545545826,0.6867502774056404,0.8369322208725286,False,,,,,,,,,,,False
double-slotted,none,double-slotted,4,0.19,0.6508445262908936,0.81,0.33,0.0,0.12,0.6699999999999999,0.09070000000000003,0.13637047060592394,0.0,0.14009564247202477,0.0,1.7296246698954443,1.687595977153837,17.718842167647118,17.714705752899146,0.6946283814841141,0.8437979885769185,False,,,,,,,,,,,False
double-slotted,none,double-slotted,4,0.2,0.6508445262908936,0.8,0.33,0.0,0.12,0.6699999999999999,0.10331428571428575,0.155336469274223,0.0,0.15957972694246073,0.0,1.7491087543658803,1.701234836283142,17.73807082859998,17.735322131710493,0.7024533150063775,0.850617418141571,False,,,,,,,,,,,False
double-slotted,none,double-slotted,4,0.21,0.6508445262908936,0.79,0.33,0.0,0.12,0.6699999999999999,0.11584285714285718,0.17417359365938528,0.0,0.17893141672793333,0.0,1.7684604441513527,1.7147810191329729,17.756249380532488,17.75533958565386,0.7102250779724307,0.8573905095664864,False,,,,,,,,,,,False
double-slotted,none,double-slotted,4,0.22,0.6508445262908936,0.78,0.33,0.0,0.12,0.6699999999999999,0.1282857142857143,0.19288184376141074,0.0,0.1981507118284426,0.0,1.7876797392518622,1.7282345257033294,17.773403277380318,17.77476983952696,0.7179436703822739,0.8641172628516647,False,,,,,,,,,,,False
double-slotted,none,double-slotted,4,0.22999999999999998,0.6508445262908936,0.77,0.33,0.0,0.12,0.6699999999999999,0.14064285714285715,0.2114612195802994,0.0,0.21723761224398858,0.0,1.806766639667408,1.7415953559942114,17.78955750830157,17.793624442169463,0.7256090922359067,0.8707976779971057,False,,,,,,,,,,,False
double-slotted,none,double-slotted,4,0.24,0.6508445262908936,0.76,0.33,0.0,0.12,0.6699999999999999,0.15291428571428572,0.22991172111605127,0.0,0.23619211797457124,0.0,1.8257211453979907,1.7548635100056194,17.804736607445076,17.81191476932031,0.7332213435333296,0.8774317550028097,False,,,,,,,,,,,False
double-slotted,none,double-slotted,4,0.25,0.6508445262908936,0.75,0.33,0.0,0.12,0.6699999999999999,0.1651,0.2482333483686663,0.0,0.25501422902019055,0.0,1.8445432564436102,1.7680389877375529,17.81896466346467,17.829652026415435,0.7407804242745422,0.8840194938687764,False,,,,,,,,,,,False
double-slotted,none,double-slotted,4,0.26,0.6508445262908936,0.74,0.33,0.0,0.12,0.6699999999999999,0.17720000000000002,0.26642610133814465,0.0,0.2737039453808465,0.0,1.863232972804266,1.7811217891900122,17.832265328787095,17.84684725132737,0.7482863344595445,0.8905608945950061,False,,,,,,,,,,,False
double-slotted,none,double-slotted,4,0.27,0.6508445262908936,0.73,0.33,0.0,0.12,0.6699999999999999,0.18921428571428578,0.28448998002448617,0.0,0.29226126705653926,0.0,1.8817902944799587,1.7941119143629969,17.84466182864078,17.863511317048022,0.7557390740883367,0.8970559571814984,False,,,,,,,,,,,False
double-slotted,none,double-slotted,4,0.28,0.6508445262908936,0.72,0.33,0.0,0.12,0.6699999999999999,0.2011428571428572,0.30242498442769083,0.0,0.3106861940472686,0.0,1.9002152214706882,1.8070093632565074,17.856176969852527,17.879654934316004,0.763138643160919,0.9035046816282537,False,,,,,,,,,,,False
double-slotted,none,double-slotted,4,0.29000000000000004,0.6508445262908936,0.71,0.33,0.0,0.12,0.6699999999999999,0.21298571428571436,0.3202311145477587,0.0,0.32897872635303466,0.0,1.918507753776454,1.8198141358705437,17.86683314941891,17.89528865418975,0.7704850416772907,0.9099070679352719,False,,,,,,,,,,,False
double-slotted,none,double-slotted,4,0.3,0.6508445262908936,0.7,0.33,0.0,0.12,0.6699999999999999,0.2247428571428572,0.33790837038468974,0.0,0.3471388639738373,0.0,1.9366678913972568,1.8325262322051057,17.876652362859026,17.910422870567636,0.7777782696374524,0.9162631161025528,False,,,,,,,,,,,False
double-slotted,none,double-slotted,4,0.31,0.6508445262908936,0.69,0.33,0.0,0.12,0.6699999999999999,0.23641428571428574,0.355456751938484,0.0,0.36516660690967667,0.0,1.9546956343330961,1.8451456522601932,17.88565621235487,17.92506782265647,0.785018327041404,0.9225728261300966,False,,,,,,,,,,,False
double-slotted,none,double-slotted,4,0.32,0.6508445262908936,0.6799999999999999,0.33,0.0,0.12,0.6699999999999999,0.24800000000000008,0.3728762592091415,0.0,0.3830619551605528,0.0,1.9725909825839723,1.8576723960358064,17.89386591468561,17.9392335973893,0.7922052138891454,0.9288361980179032,False,,,,,,,,,,,False
double-slotted,none,double-slotted,4,0.32999999999999996,0.6508445262908936,0.67,0.33,0.0,0.12,0.6699999999999999,0.2595,0.39016689219666206,0.0,0.4008249087264655,0.0,1.990353936149885,1.8701064635319453,17.901302308961483,17.952930131793934,0.7993389301806766,0.9350532317659727,False,,,,,,,,,,,False
double-slotted,none,double-slotted,4,0.33999999999999997,0.6508445262908936,0.66,0.33,0.0,0.12,0.6699999999999999,0.2709142857142857,0.407328650901046,0.0,0.4184554676074148,0.0,2.0079844950308345,1.8824478547486099,17.907985864163297,17.966167215313053,0.8064194759159977,0.9412239273743049,False,,,,,,,,,,,False
double-slotted,none,double-slotted,4,0.35,0.6508445262908936,0.65,0.33,0.0,0.12,0.6699999999999999,0.28224285714285713,0.424361535322293,0.0,0.4359536318034009,0.0,2.0254826592268205,1.8946965696858,17.91393668649298,17.97895449207724,0.8134468510951085,0.9473482848429,False,,,,,,,,,,,False
double-slotted,none,double-slotted,4,0.36,0.6508445262908936,0.64,0.33,0.0,0.12,0.6699999999999999,0.2934857142857143,0.4412655454604033,0.0,0.4533194013144236,0.0,2.0428484287378432,1.906852608343516,17.919174526540527,17.991301463131787,0.8204210557180093,0.953426304171758,False,,,,,,,,,,,False
double-slotted,none,double-slotted,4,0.37,0.6508445262908936,0.63,0.33,0.0,0.12,0.6699999999999999,0.30464285714285716,0.4580406813153768,0.0,0.47055277614048313,0.0,2.060081803563903,1.9189159707217578,17.923718786272563,18.003217488618475,0.8273420897846998,0.9594579853608789,False,,,,,,,,,,,False
double-slotted,none,double-slotted,4,0.38,0.6508445262908936,0.62,0.33,0.0,0.12,0.6699999999999999,0.3157142857142858,0.4746869428872135,0.0,0.48765375628157925,0.0,2.0771827837049988,1.930886656820525,17.927588525847614,18.014711789913175,0.8342099532951801,0.9654433284102625,False,,,,,,,,,,,False
double-slotted,none,double-slotted,4,0.39,0.6508445262908936,0.61,0.33,0.0,0.12,0.6699999999999999,0.32670000000000005,0.49120433017591336,0.0,0.504622341737712,0.0,2.0941513691611315,1.942764666639818,17.930802470262865,18.025793451720407,0.8410246462494504,0.971382333319909,False,,,,,,,,,,,False
double-slotted,none,double-slotted,4,0.4,0.6508445262908936,0.6,0.33,0.0,0.12,0.6699999999999999,0.33760000000000007,0.5075928431814765,0.0,0.5214585325088815,0.0,2.110987559932301,1.9545500001796365,17.933379015837115,18.036471424125693,0.8477861686475104,0.9772750000898183,False,,,,,,,,,,,False
double-slotted,none,double-slotted,4,0.41,0.6508445262908936,0.5900000000000001,0.33,0.0,0.12,0.6699999999999999,0.3484142857142858,0.5238524819039028,0.0,0.5381623285950876,0.0,2.127691356018507,1.966242657439981,17.93533623653456,18.046754524606676,0.8544945204893603,0.9831213287199905,False,,,,,,,,,,,False
double-slotted,none,double-slotted,4,0.42,0.6508445262908936,0.5800000000000001,0.33,0.0,0.12,0.6699999999999999,0.3591428571428572,0.5399832463431922,0.0,0.5547337299963304,0.0,2.14426275741975,1.9778426384208507,17.936691890133762,18.056651440003947,0.8611497017749999,0.9889213192104254,False,,,,,,,,,,,False
double-slotted,none,double-slotted,4,0.43,0.6508445262908936,0.5700000000000001,0.33,0.0,0.12,0.6699999999999999,0.36978571428571433,0.5559851364993449,0.0,0.5711727367126099,0.0,2.1607017641360295,1.9893499431222463,17.937463424246022,18.066170728452395,0.8677517125044295,0.9946749715611232,False,,,,,,,,,,,False
double-slotted,none,double-slotted,4,0.44,0.6508445262908936,0.56,0.33,0.0,0.12,0.6699999999999999,0.38034285714285715,0.5718581523723607,0.0,0.587479348743926,0.0,2.1770083761673455,2.0007645715441678,17.93766798218738,18.075320821273955,0.8743005526776487,1.0003822857720839,False,,,,,,,,,,,False
double-slotted,none,double-slotted,4,0.45,0.6508445262908936,0.55,0.33,0.0,0.12,0.6699999999999999,0.3908142857142857,0.5876022939622397,0.0,0.6036535660902788,0.0,2.1931825935136984,2.0120865236866146,17.937322408708248,18.084110024832665,0.8807962222946579,1.0060432618433073,False,,,,,,,,,,,False
double-slotted,none,double-slotted,4,0.46,0.6508445262908936,0.54,0.33,0.0,0.12,0.6699999999999999,0.4012000000000001,0.6032175612689822,0.0,0.6196953887516684,0.0,2.209224416175088,2.023315799549587,17.936443255584386,18.09254652235272,0.887238721355457,1.0116578997747936,False,,,,,,,,,,,False
double-slotted,none,double-slotted,4,0.47000000000000003,0.6508445262908936,0.53,0.33,0.0,0.12,0.6699999999999999,0.41150000000000003,0.6187039542925875,0.0,0.6356048167280945,0.0,2.225133844151514,2.0344523991330856,17.93504678707322,18.100638375700434,0.8936280498600457,1.0172261995665428,False,,,,,,,,,,,False
double-slotted,none,double-slotted,4,0.48,0.6508445262908936,0.52,0.33,0.0,0.12,0.6699999999999999,0.4217142857142858,0.6340614730330563,0.0,0.6513818500195575,0.0,2.240910877442977,2.04549632243711,17.933148985238912,18.108393527130797,0.8999642078084243,1.022748161218555,False,,,,,,,,,,,False
double-slotted,none,double-slotted,4,0.49,0.6508445262908936,0.51,0.33,0.0,0.12,0.6699999999999999,0.4318428571428572,0.6492901174903881,0.0,0.667026488626057,0.0,2.2565555160494766,2.0564475694616595,17.930765555149854,18.115819800999468,0.9062471952005929,1.0282237847308298,False,,,,,,,,,,,False
double-slotted,none,double-slotted,4,0.5,0.6508445262908936,0.5,0.33,0.0,0.12,0.6699999999999999,0.4418857142857143,0.6643898876645832,0.0,0.6825387325475931,0.0,2.2720677599710126,2.0673061402067345,17.92791192995189,18.12292490544083,0.9124770120365512,1.0336530701033673,False,,,,,,,,,,,False
double-slotted,none,double-slotted,4,0.51,0.6508445262908936,0.49,0.33,0.0,0.12,0.6699999999999999,0.45184285714285716,0.6793607835556413,0.0,0.697918581784166,0.0,2.2874476092075855,2.078072034672336,17.924603275820736,18.12971643401299,0.9186536583162993,1.039036017336168,False,,,,,,,,,,,False
double-slotted,none,double-slotted,4,0.52,0.6508445262908936,0.48,0.33,0.0,0.12,0.6699999999999999,0.46171428571428574,0.6942028051635628,0.0,0.7131660363357756,0.0,2.302695063759195,2.0887452528584625,17.920854496796466,18.136201867310145,0.9247771340398373,1.0443726264292312,False,,,,,,,,,,,False
double-slotted,none,double-slotted,4,0.53,0.6508445262908936,0.47,0.33,0.0,0.12,0.6699999999999999,0.47150000000000014,0.7089159524883477,0.0,0.728281096202422,0.0,2.3178101236258417,2.099325794765115,17.91668023950361,18.14238857454335,0.9308474392071653,1.0496628973825575,False,,,,,,,,,,,False
double-slotted,none,double-slotted,4,0.54,0.6508445262908936,0.45999999999999996,0.33,0.0,0.12,0.6699999999999999,0.4812000000000001,0.7235002255299955,0.0,0.7432637613841049,0.0,2.3327927888075246,2.109813660392293,17.912094897759527,18.148283815090057,0.9368645738182829,1.0549068301961464,False,,,,,,,,,,,False
double-slotted,none,double-slotted,4,0.55,0.6508445262908936,0.44999999999999996,0.33,0.0,0.12,0.6699999999999999,0.49081428571428587,0.7379556242885067,0.0,0.7581140318808245,0.0,2.347643059304244,2.1202088497399965,17.907112617074116,18.15389474001323,0.9428285378731902,1.0601044248699982,False,,,,,,,,,,,False
double-slotted,none,double-slotted,4,0.56,0.6508445262908936,0.43999999999999995,0.33,0.0,0.12,0.6699999999999999,0.5003428571428573,0.7522821487638809,0.0,0.7728319076925807,0.0,2.3623609351160004,2.130511362808226,17.901747299043638,18.159228393550592,0.9487393313718876,1.065255681404113,False,,,,,,,,,,,False
double-slotted,none,double-slotted,4,0.5700000000000001,0.6508445262908936,0.42999999999999994,0.33,0.0,0.12,0.6699999999999999,0.5097857142857144,0.7664797989561183,0.0,0.7874173888193736,0.0,2.3769464162427933,2.140721199596981,17.89601260564145,18.164291714574684,0.9545969543143747,1.0703605997984904,False,,,,,,,,,,,False
double-slotted,none,double-slotted,4,0.5800000000000001,0.6508445262908936,0.41999999999999993,0.33,0.0,0.12,0.6699999999999999,0.5191428571428572,0.780548574865219,0.0,0.8018704752612031,0.0,2.3913995026846226,2.1508383601062615,17.88992196340824,18.169091538024254,0.9604014067006515,1.0754191800531308,False,,,,,,,,,,,False
double-slotted,none,double-slotted,4,0.5900000000000001,0.6508445262908936,0.4099999999999999,0.33,0.0,0.12,0.6699999999999999,0.5284142857142858,0.7944884764911829,0.0,0.8161911670180695,0.0,2.405720194441489,2.160862844336068,17.883488567544422,18.17363459630767,0.9661526885307185,1.080431422168034,False,,,,,,,,,,,False
double-slotted,none,double-slotted,4,0.6,0.6508445262908936,0.4,0.33,0.0,0.12,0.6699999999999999,0.5376000000000001,0.8082995038340098,0.0,0.8303794640899724,0.0,2.419908491513392,2.1707946522864,17.87672538590704,18.177927520678793,0.9718507998045751,1.0853973261432,False,,,,,,,,,,,False
double-slotted,none,double-slotted,4,0.61,0.6508445262908936,0.39,0.33,0.0,0.12,0.6699999999999999,0.5467000000000001,0.8219816568937002,0.0,0.8444353664769121,0.0,2.4339643939003315,2.180633783957258,17.869645162913812,18.181976842585993,0.9774957405222214,1.090316891978629,False,,,,,,,,,,,False
double-slotted,none,double-slotted,4,0.62,0.6508445262908936,0.38,0.33,0.0,0.12,0.6699999999999999,0.5557142857142858,0.8355349356702537,0.0,0.8583588741788883,0.0,2.447887901602308,2.1903802393486416,17.862260423356506,18.18578899499473,0.9830875106836577,1.0951901196743208,False,,,,,,,,,,,False
double-slotted,none,double-slotted,4,0.63,0.6508445262908936,0.37,0.33,0.0,0.12,0.6699999999999999,0.5646428571428571,0.8489593401636701,0.0,0.8721499871959012,0.0,2.4616790146193206,2.2000340184605505,17.854583476125928,18.18937031368442,0.9886261102888837,1.1000170092302752,False,,,,,,,,,,,False
double-slotted,none,double-slotted,4,0.64,0.6508445262908936,0.36,0.33,0.0,0.12,0.6699999999999999,0.5734857142857144,0.8622548703739502,0.0,0.885808705527951,0.0,2.4753377329513704,2.209595121292985,17.846626417850924,18.192727038519802,0.9941115393378996,1.1047975606464926,False,,,,,,,,,,,False
double-slotted,none,double-slotted,4,0.65,0.6508445262908936,0.35,0.33,0.0,0.12,0.6699999999999999,0.5822428571428573,0.8754215263010933,0.0,0.8993350291750374,0.0,2.488864056598457,2.2190635478459457,17.83840113645323,18.19586531469761,0.9995437978307056,1.1095317739229729,False,,,,,,,,,,,False
double-slotted,none,double-slotted,4,0.6508445262908936,0.6508445262908936,0.3491554737091064,0.33,0.0,0.12,0.6699999999999999,0.5829784958143548,0.8765275835428578,0.0,0.9004713000935679,0.0,2.4900003275169875,2.219858937488917,17.837694580415423,18.19612054030109,1.0000001315329266,1.1099294687444585,True,2.444530207740919e-07,2.444530218695241e-07,1.0,0.3749999999999998,0.24365636005653446,0.75,2.4445302132180803e-07,0.3093281800282671,0.6546640900141336,0.468221444822385,False
double-slotted,none,double-slotted,4,0.66,0.6508445262908936,0.33999999999999997,0.33,0.0,0.12,0.6699999999999999,0.5909142857142858,0.8884593079450995,0.0,0.9127289581371604,0.0,2.50225798556058,2.2284392981194316,17.82991931462057,18.19879119396889,1.0049228857673012,1.1142196490597158,True,0.01907651748895265,0.019076517488952987,1.0,0.3749999999999998,0.2201106919594248,0.75,0.019076517488952817,0.2975553459797123,0.6487776729898561,0.47261806349293634,True
double-slotted,none,double-slotted,4,0.67,0.6508445262908936,0.32999999999999996,0.33,0.0,0.12,0.6699999999999999,0.5995000000000001,0.9013682153059691,0.0,0.9259904924143201,0.0,2.5155195198377394,2.2377223721134434,17.821192433199805,18.2015106358374,1.0102488031476864,1.1188611860567217,True,0.03971509688534031,0.03971509688534124,1.0,0.3749999999999998,0.1946366835119735,0.75,0.03971509688534078,0.28481834175598664,0.6424091708779933,0.47737475592111134,True
double-slotted,none,double-slotted,4,0.68,0.6508445262908936,0.31999999999999995,0.33,0.0,0.12,0.6699999999999999,0.6080000000000001,0.9141482483837017,0.0,0.9391196320065165,0.0,2.528648659429936,2.246912769827981,17.8122317745122,18.204029508734717,1.0155215499718617,1.1234563849139905,True,0.06014763389174843,0.06014763389174925,1.0,0.3749999999999998,0.16941699128862342,0.75,0.06014763389174884,0.2722084956443116,0.6361042478221558,0.48208396057130154,True
double-slotted,none,double-slotted,4,0.6900000000000001,0.6508445262908936,0.30999999999999994,0.33,0.0,0.12,0.6699999999999999,0.6164142857142858,0.9267994071782976,0.0,0.9521163769137494,0.0,2.541645404337169,2.2560104912630443,17.803048425592642,18.206353591172327,1.020741126239827,1.1280052456315222,True,0.08037412850817614,0.080374128508177,1.0,0.3749999999999998,0.14445161528937422,0.75,0.08037412850817657,0.259725807644687,0.6298629038223436,0.4867456774435067,True
double-slotted,none,double-slotted,4,0.7,0.6508445262908936,0.30000000000000004,0.33,0.0,0.12,0.6699999999999999,0.6247428571428572,0.9393216916897564,0.0,0.964980727136019,0.0,2.5545097545594384,2.2650155364186326,17.793653281354814,18.2084885728713,1.0259075319515816,1.1325077682093163,True,0.10039458073462172,0.10039458073462253,1.0,0.3749999999999998,0.11974055551422624,0.75,0.10039458073462212,0.247370277757113,0.6236851388785565,0.4913599065377262,True
double-slotted,none,double-slotted,4,0.71,0.6508445262908936,0.29000000000000004,0.33,0.0,0.12,0.6699999999999999,0.6329857142857144,0.9517151019180788,0.0,0.9777126826733257,0.0,2.567241710096745,2.273927905294747,17.784057047683834,18.210440055869874,1.0310207671071265,1.1369639526473736,True,0.12020899057108862,0.12020899057108878,1.0,0.3749999999999998,0.09528381196317881,0.75,0.12020899057108869,0.2351419059815893,0.6175709529907947,0.4959266478539611,True
double-slotted,none,double-slotted,4,0.72,0.6508445262908936,0.28,0.33,0.0,0.12,0.6699999999999999,0.6411428571428572,0.9639796378632643,0.0,0.9903122435256686,0.0,2.579841270949088,2.2827475978913876,17.774270244458418,18.21221355560939,1.036080831706461,1.1413737989456938,True,0.1398173580175734,0.13981735801757478,1.0,0.3749999999999998,0.07108138463623259,0.75,0.13981735801757408,0.22304069231811618,0.6115203461590581,0.5004459013922107,True
double-slotted,none,double-slotted,4,0.73,0.6508445262908936,0.27,0.33,0.0,0.12,0.6699999999999999,0.6492142857142857,0.976115299525313,0.0,1.0027794096930482,0.0,2.5923084371164675,2.2914746142085534,17.76430320850405,18.213814501999057,1.0410877257495852,1.1457373071042767,True,0.15921968307407777,0.15921968307407952,1.0,0.3749999999999998,0.04713327353338759,0.75,0.15921968307407863,0.21106663676669368,0.6055333183833469,0.5049176671524751,True
double-slotted,none,double-slotted,4,0.74,0.6508445262908936,0.26,0.33,0.0,0.12,0.6699999999999999,0.6572,0.9881220869042248,0.0,1.0151141811754647,0.0,2.604643208598884,2.3001089542462445,17.754166096478897,18.215248240459864,1.0460414492364996,1.1500544771231223,True,0.1784159657406026,0.17841596574060303,1.0,0.3749999999999998,0.023439478654643575,0.75,0.1784159657406028,0.19921973932732168,0.5996098696636608,0.5093419451347545,True
double-slotted,none,double-slotted,4,0.75,0.6508445262908936,0.25,0.33,0.0,0.12,0.6699999999999999,0.6651000000000001,1.0,0.0,1.027316557972918,0.0,2.6168455853963373,2.308650618004462,17.743868887693974,18.216520032948136,1.0509420021672036,1.154325309002231,True,0.19740620601714615,0.19740620601714728,1.0,0.3749999999999998,0.0,0.75,0.1974062060171467,0.1874999999999999,0.59375,0.5137187353390489,True
double-slotted,LE flap,double-slotted + LE flap,5,0.13,0.520347547531128,0.87,0.33,0.15,0.15,0.6699999999999999,0.013214285714285729,0.019868118650256693,0.8051,0.02041084726517924,0.18677759617863834,1.796717470867237,1.7345609378340918,19.936388098766514,19.228575695929592,0.7215732814727859,0.8672804689170459,False,,,,,,,,,,,False
double-slotted,LE flap,double-slotted + LE flap,5,0.13999999999999999,0.520347547531128,0.86,0.33,0.15,0.15,0.6699999999999999,0.026342857142857133,0.03960736301737652,0.8051,0.04068929984539509,0.18677759617863834,1.8169959234474529,1.7487558546402429,19.95632431819657,19.250019006502026,0.7297172383323103,0.8743779273201214,False,,,,,,,,,,,False
double-slotted,LE flap,double-slotted + LE flap,5,0.15,0.520347547531128,0.85,0.33,0.15,0.15,0.6699999999999999,0.03938571428571429,0.05921773310135962,0.8051,0.06083535774064768,0.18677759617863834,1.8371419813427055,1.7628580951669197,19.975119304598184,19.270819861391626,0.7378080246356247,0.8814290475834599,False,,,,,,,,,,,False
double-slotted,LE flap,double-slotted + LE flap,5,0.16,0.520347547531128,0.84,0.33,0.15,0.15,0.6699999999999999,0.05234285714285716,0.07869922890220592,0.8051,0.08084902095093696,0.18677759617863834,1.8571556445529949,1.7768676594141222,19.992800654192937,19.290990830877192,0.7458456403827288,0.8884338297070611,False,,,,,,,,,,,False
double-slotted,LE flap,double-slotted + LE flap,5,0.16999999999999998,0.520347547531128,0.8300000000000001,0.33,0.15,0.15,0.6699999999999999,0.06521428571428571,0.09805185041991535,0.8051,0.10073028947626284,0.18677759617863834,1.8770369130783207,1.7907845473818502,20.0093954501385,19.310544294947025,0.7538300855736227,0.8953922736909251,False,,,,,,,,,,,False
double-slotted,LE flap,double-slotted + LE flap,5,0.18,0.520347547531128,0.8200000000000001,0.33,0.15,0.15,0.6699999999999999,0.078,0.11727559765448803,0.8051,0.12047916331662543,0.18677759617863834,1.8967857869186833,1.804608759070104,20.024930273645847,19.329492446475818,0.7617613602083064,0.902304379535052,False,,,,,,,,,,,False
double-slotted,LE flap,double-slotted + LE flap,5,0.19,0.520347547531128,0.81,0.33,0.15,0.15,0.6699999999999999,0.09070000000000003,0.13637047060592394,0.8051,0.14009564247202477,0.18677759617863834,1.9164022660740825,1.8183402944788836,20.03943121480053,19.347847294334144,0.7696394642867801,0.9091701472394418,False,,,,,,,,,,,False
double-slotted,LE flap,double-slotted + LE flap,5,0.2,0.520347547531128,0.8,0.33,0.15,0.15,0.6699999999999999,0.10331428571428575,0.155336469274223,0.8051,0.15957972694246073,0.18677759617863834,1.9358863505445185,1.8319791536081889,20.05292388309698,19.36562066643242,0.7774643978090435,0.9159895768040944,False,,,,,,,,,,,False
double-slotted,LE flap,double-slotted + LE flap,5,0.21,0.520347547531128,0.79,0.33,0.15,0.15,0.6699999999999999,0.11584285714285718,0.17417359365938528,0.8051,0.17893141672793333,0.18677759617863834,1.9552380403299912,1.8455253364580195,20.06543341769456,19.382824212700562,0.7852361607750968,0.9227626682290098,False,,,,,,,,,,,False
double-slotted,LE flap,double-slotted + LE flap,5,0.22,0.520347547531128,0.78,0.33,0.15,0.15,0.6699999999999999,0.1282857142857143,0.19288184376141074,0.8051,0.1981507118284426,0.18677759617863834,1.9744573354305004,1.858978843028376,20.07698449740392,19.39946940800523,0.7929547531849398,0.929489421514188,False,,,,,,,,,,,False
double-slotted,LE flap,double-slotted + LE flap,5,0.22999999999999998,0.520347547531128,0.77,0.33,0.15,0.15,0.6699999999999999,0.14064285714285715,0.2114612195802994,0.8051,0.21723761224398858,0.18677759617863834,1.9935442358460465,1.8723396733192583,20.08760135041157,19.415567555005858,0.8006201750385729,0.9361698366596292,False,,,,,,,,,,,False
double-slotted,LE flap,double-slotted + LE flap,5,0.24,0.520347547531128,0.76,0.33,0.15,0.15,0.6699999999999999,0.15291428571428572,0.22991172111605127,0.8051,0.23619211797457124,0.18677759617863834,2.0124987415766293,1.8856078273306662,20.097307763750727,19.43112978695101,0.8082324263359957,0.9428039136653331,False,,,,,,,,,,,False
double-slotted,LE flap,double-slotted + LE flap,5,0.25,0.520347547531128,0.75,0.33,0.15,0.15,0.6699999999999999,0.1651,0.2482333483686663,0.8051,0.25501422902019055,0.18677759617863834,2.0313208526222484,1.8987833050625997,20.106127092525846,19.446167070416536,0.8157915070772082,0.9493916525312999,False,,,,,,,,,,,False
double-slotted,LE flap,double-slotted + LE flap,5,0.26,0.520347547531128,0.74,0.33,0.15,0.15,0.6699999999999999,0.17720000000000002,0.26642610133814465,0.8051,0.2737039453808465,0.18677759617863834,2.0500105689829042,1.9118661065150588,20.11408226889833,19.46069020798671,0.8232974172622105,0.9559330532575294,False,,,,,,,,,,,False
double-slotted,LE flap,double-slotted + LE flap,5,0.27,0.520347547531128,0.73,0.33,0.15,0.15,0.6699999999999999,0.18921428571428578,0.28448998002448617,0.8051,0.29226126705653926,0.18677759617863834,2.0685678906585974,1.9248562316880438,20.121195810840327,19.474709840879864,0.8307501568910028,0.9624281158440219,False,,,,,,,,,,,False
double-slotted,LE flap,double-slotted + LE flap,5,0.28,0.520347547531128,0.72,0.33,0.15,0.15,0.6699999999999999,0.2011428571428572,0.30242498442769083,0.8051,0.3106861940472686,0.18677759617863834,2.0869928176493264,1.9377536805815543,20.127489830663535,19.488236451519693,0.8381497259635848,0.9688768402907771,False,,,,,,,,,,,False
double-slotted,LE flap,double-slotted + LE flap,5,0.29000000000000004,0.520347547531128,0.71,0.33,0.15,0.15,0.6699999999999999,0.21298571428571436,0.3202311145477587,0.8051,0.32897872635303466,0.18677759617863834,2.1052853499550928,1.9505584531955906,20.132986043329645,19.501280366053535,0.8454961244799568,0.9752792265977953,False,,,,,,,,,,,False
double-slotted,LE flap,double-slotted + LE flap,5,0.3,0.520347547531128,0.7,0.33,0.15,0.15,0.6699999999999999,0.2247428571428572,0.33790837038468974,0.8051,0.3471388639738373,0.18677759617863834,2.123445487575895,1.9632705495301523,20.137705774548657,19.513851756818774,0.8527893524401184,0.9816352747650762,False,,,,,,,,,,,False
double-slotted,LE flap,double-slotted + LE flap,5,0.31,0.520347547531128,0.69,0.33,0.15,0.15,0.6699999999999999,0.23641428571428574,0.355456751938484,0.8051,0.36516660690967667,0.18677759617863834,2.1414732305117345,1.97588996958524,20.141669968671415,19.525960644758676,0.8600294098440701,0.98794498479262,False,,,,,,,,,,,False
double-slotted,LE flap,double-slotted + LE flap,5,0.32,0.520347547531128,0.6799999999999999,0.33,0.15,0.15,0.6699999999999999,0.24800000000000008,0.3728762592091415,0.8051,0.3830619551605528,0.18677759617863834,2.159368578762611,1.9884167133608532,20.14489919638224,19.537616901788695,0.8672162966918116,0.9942083566804266,False,,,,,,,,,,,False
double-slotted,LE flap,double-slotted + LE flap,5,0.32999999999999996,0.520347547531128,0.67,0.33,0.15,0.15,0.6699999999999999,0.2595,0.39016689219666206,0.8051,0.4008249087264655,0.18677759617863834,2.177131532328523,2.000850780856992,20.147413662197316,19.548830253114502,0.8743500129833426,1.000425390428496,False,,,,,,,,,,,False
double-slotted,LE flap,double-slotted + LE flap,5,0.33999999999999997,0.520347547531128,0.66,0.33,0.15,0.15,0.6699999999999999,0.2709142857142857,0.407328650901046,0.8051,0.4184554676074148,0.18677759617863834,2.1947620912094727,2.0131921720736567,20.14923321177464,19.559610279502614,0.8814305587186637,1.0065960860368284,False,,,,,,,,,,,False
double-slotted,LE flap,double-slotted + LE flap,5,0.35,0.520347547531128,0.65,0.33,0.15,0.15,0.6699999999999999,0.28224285714285713,0.424361535322293,0.8051,0.4359536318034009,0.18677759617863834,2.2122602554054587,2.025440887010847,20.15037733904066,19.569966419505,0.8884579338977745,1.0127204435054236,False,,,,,,,,,,,False
double-slotted,LE flap,double-slotted + LE flap,5,0.36,0.520347547531128,0.64,0.33,0.15,0.15,0.6699999999999999,0.2934857142857143,0.4412655454604033,0.8051,0.4533194013144236,0.18677759617863834,2.2296260249164814,2.037596925668563,20.15086519313902,19.579907971638413,0.8954321385206752,1.0187984628342814,False,,,,,,,,,,,False
double-slotted,LE flap,double-slotted + LE flap,5,0.37,0.520347547531128,0.63,0.33,0.15,0.15,0.6699999999999999,0.30464285714285716,0.4580406813153768,0.8051,0.47055277614048313,0.18677759617863834,2.246859399742541,2.0496602880468044,20.150715585206306,19.589444096519635,0.9023531725873658,1.0248301440234022,False,,,,,,,,,,,False
double-slotted,LE flap,double-slotted + LE flap,5,0.38,0.520347547531128,0.62,0.33,0.15,0.15,0.6699999999999999,0.3157142857142858,0.4746869428872135,0.8051,0.48765375628157925,0.18677759617863834,2.263960379883637,2.061630974145572,20.149946994979764,19.59858381895756,0.9092210360978461,1.030815487072786,False,,,,,,,,,,,False
double-slotted,LE flap,double-slotted + LE flap,5,0.39,0.520347547531128,0.61,0.33,0.15,0.15,0.6699999999999999,0.32670000000000005,0.49120433017591336,0.8051,0.504622341737712,0.18677759617863834,2.2809289653397697,2.0735089839648646,20.14857757724165,19.607336030003058,0.9160357290521163,1.0367544919824323,False,,,,,,,,,,,False
double-slotted,LE flap,double-slotted + LE flap,5,0.4,0.520347547531128,0.6,0.33,0.15,0.15,0.6699999999999999,0.33760000000000007,0.5075928431814765,0.8051,0.5214585325088815,0.18677759617863834,2.2977651561109393,2.085294317504683,20.14662516810478,19.61570948895762,0.9227972514501763,1.0426471587523416,False,,,,,,,,,,,False
double-slotted,LE flap,double-slotted + LE flap,5,0.41,0.520347547531128,0.5900000000000001,0.33,0.15,0.15,0.6699999999999999,0.3484142857142858,0.5238524819039028,0.8051,0.5381623285950876,0.18677759617863834,2.3144689521971453,2.0969869747650276,20.144107291143726,19.62371282534157,0.9295056032920261,1.0484934873825138,False,,,,,,,,,,,False
double-slotted,LE flap,double-slotted + LE flap,5,0.42,0.520347547531128,0.5800000000000001,0.33,0.15,0.15,0.6699999999999999,0.3591428571428572,0.5399832463431922,0.8051,0.5547337299963304,0.18677759617863834,2.331040353598388,2.1085869557458974,20.141041163375945,19.63135454082291,0.9361607845776658,1.0542934778729487,False,,,,,,,,,,,False
double-slotted,LE flap,double-slotted + LE flap,5,0.43,0.520347547531128,0.5700000000000001,0.33,0.15,0.15,0.6699999999999999,0.36978571428571433,0.5559851364993449,0.8051,0.5711727367126099,0.18677759617863834,2.3474793603146678,2.120094260447293,20.137443701096846,19.638643011107483,0.9427627953070954,1.0600471302236465,False,,,,,,,,,,,False
double-slotted,LE flap,double-slotted + LE flap,5,0.44,0.520347547531128,0.56,0.33,0.15,0.15,0.6699999999999999,0.38034285714285715,0.5718581523723607,0.8051,0.587479348743926,0.18677759617863834,2.3637859723459838,2.1315088888692144,20.13333152557302,19.645586487791377,0.9493116354803147,1.0657544444346072,False,,,,,,,,,,,False
double-slotted,LE flap,double-slotted + LE flap,5,0.45,0.520347547531128,0.55,0.33,0.15,0.15,0.6699999999999999,0.3908142857142857,0.5876022939622397,0.8051,0.6036535660902788,0.18677759617863834,2.3799601896923366,2.142830841011661,20.12872096859735,19.652193100176447,0.9558073050973238,1.0714154205058306,False,,,,,,,,,,,False
double-slotted,LE flap,double-slotted + LE flap,5,0.46,0.520347547531128,0.54,0.33,0.15,0.15,0.6699999999999999,0.4012000000000001,0.6032175612689822,0.8051,0.6196953887516684,0.18677759617863834,2.3960020123537262,2.1540601168746343,20.123628077909775,19.658470857049615,0.9622498041581229,1.0770300584373171,False,,,,,,,,,,,False
double-slotted,LE flap,double-slotted + LE flap,5,0.47000000000000003,0.520347547531128,0.53,0.33,0.15,0.15,0.6699999999999999,0.41150000000000003,0.6187039542925875,0.8051,0.6356048167280945,0.18677759617863834,2.4119114403301523,2.1651967164581327,20.118068622487407,19.664427648426816,0.9686391326627116,1.0825983582290664,False,,,,,,,,,,,False
double-slotted,LE flap,double-slotted + LE flap,5,0.48,0.520347547531128,0.52,0.33,0.15,0.15,0.6699999999999999,0.4217142857142858,0.6340614730330563,0.8051,0.6513818500195575,0.18677759617863834,2.4276884736216156,2.1762406397621565,20.112058097707486,19.67007124726237,0.9749752906110905,1.0881203198810783,False,,,,,,,,,,,False
double-slotted,LE flap,double-slotted + LE flap,5,0.49,0.520347547531128,0.51,0.33,0.15,0.15,0.6699999999999999,0.4318428571428572,0.6492901174903881,0.8051,0.667026488626057,0.18677759617863834,2.443333112228115,2.187191886786706,20.105611730386542,19.675409311124472,0.9812582780032588,1.093595943393353,False,,,,,,,,,,,False
double-slotted,LE flap,double-slotted + LE flap,5,0.5,0.520347547531128,0.5,0.33,0.15,0.15,0.6699999999999999,0.4418857142857143,0.6643898876645832,0.8051,0.6825387325475931,0.18677759617863834,2.458845356149651,2.1980504575317816,20.098744483699207,19.68044938383745,0.9874880948392171,1.0990252287658908,False,,,,,,,,,,,False
double-slotted,LE flap,double-slotted + LE flap,5,0.51,0.520347547531128,0.49,0.33,0.15,0.15,0.6699999999999999,0.45184285714285716,0.6793607835556413,0.8051,0.697918581784166,0.18677759617863834,2.4742252053862237,2.2088163519973825,20.091471061979732,19.685198897091702,0.9936647411189653,1.1044081759986912,False,,,,,,,,,,,False
double-slotted,LE flap,double-slotted + LE flap,5,0.52,0.520347547531128,0.48,0.33,0.15,0.15,0.6699999999999999,0.46171428571428574,0.6942028051635628,0.8051,0.7131660363357756,0.18677759617863834,2.4894726599378334,2.219489570183509,20.083805915409336,19.68966517202173,0.9997882168425033,1.1097447850917546,False,,,,,,,,,,,False
double-slotted,LE flap,double-slotted + LE flap,5,0.520347547531128,0.520347547531128,0.479652452468872,0.33,0.15,0.15,0.6699999999999999,0.4620558235209003,0.6947163186301312,0.8051,0.7136935772227232,0.18677759617863834,2.490000200824781,2.2198588488043725,20.083532645316694,19.689815391580638,1.0000000806525224,1.1099294244021862,True,4.728524947959608e-08,4.728525006507721e-08,0.6250000000000001,0.3749999999999998,0.6024366633584123,0.5,4.7285249772336645e-08,0.48871833167920603,0.556859165839603,0.35228640437495096,False
double-slotted,LE flap,double-slotted + LE flap,5,0.53,0.520347547531128,0.47,0.33,0.15,0.15,0.6699999999999999,0.47150000000000014,0.7089159524883477,0.8051,0.728281096202422,0.18677759617863834,2.50458771980448,2.2300701120901616,20.0757632445925,19.69385542075318,1.0058585220098313,1.1150350560450808,True,0.022702222038691468,0.022702222038691676,0.6250000000000001,0.3749999999999998,0.5744155781694826,0.5,0.022702222038691572,0.4747077890847412,0.5498538945423707,0.3575187055270207,False
double-slotted,LE flap,double-slotted + LE flap,5,0.54,0.520347547531128,0.45999999999999996,0.33,0.15,0.15,0.6699999999999999,0.4812000000000001,0.7235002255299955,0.8051,0.7432637613841049,0.18677759617863834,2.519570384986163,2.24055797771734,20.06735700502507,19.69777674791936,1.0118756566209488,1.12027898885867,True,0.04601935250482698,0.046019352504828186,0.6250000000000001,0.3749999999999998,0.5456354588087183,0.5,0.04601935250482758,0.46031772940435906,0.5426588647021796,0.3628927390690024,False
double-slotted,LE flap,double-slotted + LE flap,5,0.55,0.520347547531128,0.44999999999999996,0.33,0.15,0.15,0.6699999999999999,0.49081428571428587,0.7379556242885067,0.8051,0.7581140318808245,0.18677759617863834,2.534420655482882,2.2509531670650436,20.058600911456868,19.701436152147952,1.0178396206758562,1.1254765835325218,True,0.06913044058098208,0.06913044058098344,0.6250000000000001,0.3749999999999998,0.5171096556720549,0.5,0.06913044058098276,0.44605482783602735,0.5355274139180137,0.3682192848329988,False
double-slotted,LE flap,double-slotted + LE flap,5,0.56,0.520347547531128,0.43999999999999995,0.33,0.15,0.15,0.6699999999999999,0.5003428571428573,0.7522821487638809,0.8051,0.7728319076925807,0.18677759617863834,2.5491385312946386,2.2612556801332726,20.04950844215179,19.70484052751855,1.0237504141745535,1.1306278400666363,True,0.09203548626715678,0.09203548626715748,0.6250000000000001,0.3749999999999998,0.4888381687594925,0.5,0.09203548626715713,0.43191908437974613,0.5284595421898731,0.37349834281901007,False
double-slotted,LE flap,double-slotted + LE flap,5,0.5700000000000001,0.520347547531128,0.42999999999999994,0.33,0.15,0.15,0.6699999999999999,0.5097857142857144,0.7664797989561183,0.8051,0.7874173888193736,0.18677759617863834,2.5637240124214316,2.271465516922028,20.04009284304781,19.707996664991576,1.0296080371170406,1.135732758461014,True,0.11473448956335108,0.11473448956335222,0.6250000000000001,0.3749999999999998,0.4608209980710314,0.5,0.11473448956335165,0.4179104990355156,0.5214552495177578,0.37872991302703646,False
double-slotted,LE flap,double-slotted + LE flap,5,0.5800000000000001,0.520347547531128,0.41999999999999993,0.33,0.15,0.15,0.6699999999999999,0.5191428571428572,0.780548574865219,0.8051,0.8018704752612031,0.18677759617863834,2.578177098863261,2.2815826774313086,20.030367131819673,19.710911253809158,1.0354124895033174,1.1407913387156543,True,0.1372274504695641,0.13722745046956575,0.6250000000000001,0.3749999999999998,0.43305814360667105,0.5,0.13722745046956492,0.4040290718033354,0.5145145359016677,0.3839139954570775,False
double-slotted,LE flap,double-slotted + LE flap,5,0.5900000000000001,0.520347547531128,0.4099999999999999,0.33,0.15,0.15,0.6699999999999999,0.5284142857142858,0.7944884764911829,0.8051,0.8161911670180695,0.18677759617863834,2.5924977906201274,2.291607161661115,20.020344101846618,19.713590882868612,1.0411637713333843,1.1458035808305576,True,0.1595143689857976,0.159514368985799,0.6250000000000001,0.3749999999999998,0.4055496053664117,0.5,0.1595143689857983,0.39027480268320575,0.507637401341603,0.38905059010913373,False
double-slotted,LE flap,double-slotted + LE flap,5,0.6,0.520347547531128,0.4,0.33,0.15,0.15,0.6699999999999999,0.5376000000000001,0.8082995038340098,0.8051,0.8303794640899724,0.18677759617863834,2.6066860876920304,2.301538969611447,20.010036326087604,19.716042042069027,1.0468618826072411,1.1507694848057235,True,0.18159524511205066,0.18159524511205102,0.6250000000000001,0.3749999999999998,0.3782953833502535,0.5,0.18159524511205083,0.37664769167512663,0.5008238458375633,0.3941396969832047,False
double-slotted,LE flap,double-slotted + LE flap,5,0.61,0.520347547531128,0.39,0.33,0.15,0.15,0.6699999999999999,0.5467000000000001,0.8219816568937002,0.8051,0.8444353664769121,0.18677759617863834,2.6207419900789697,2.3113781012823047,19.999456160866448,19.718271123631474,1.0525068233248873,1.1556890506411523,True,0.20347007884832163,0.20347007884832277,0.6250000000000001,0.3749999999999998,0.35129547755819623,0.5,0.2034700788483222,0.363147738779098,0.49407386938954906,0.3991813160792904,False
double-slotted,LE flap,double-slotted + LE flap,5,0.62,0.520347547531128,0.38,0.33,0.15,0.15,0.6699999999999999,0.5557142857142858,0.8355349356702537,0.8051,0.8583588741788883,0.18677759617863834,2.6346654977809463,2.321124556673688,19.988615749569085,19.72028442339345,1.0580985934863236,1.160562278336844,True,0.22513887019461304,0.2251388701946143,0.6250000000000001,0.3749999999999998,0.32454988799023976,0.5,0.22513887019461365,0.34977494399511977,0.48738747199755994,0.4041754473973912,False
double-slotted,LE flap,double-slotted + LE flap,5,0.63,0.520347547531128,0.37,0.33,0.15,0.15,0.6699999999999999,0.5646428571428571,0.8489593401636701,0.8051,0.8721499871959012,0.18677759617863834,2.6484566107979592,2.330778335785597,19.977527026255117,19.722088142078047,1.0636371930915498,1.1653891678927986,True,0.24660161915092405,0.24660161915092454,0.6250000000000001,0.3749999999999998,0.29805861464638495,0.5,0.2466016191509243,0.33652930732319236,0.48076465366159626,0.40912209093750684,False
double-slotted,LE flap,double-slotted + LE flap,5,0.64,0.520347547531128,0.36,0.33,0.15,0.15,0.6699999999999999,0.5734857142857144,0.8622548703739502,0.8051,0.885808705527951,0.18677759617863834,2.6621153291300086,2.340339438618032,19.966201719186003,19.72368838653824,1.0691226221405656,1.170169719309016,True,0.26785832571725376,0.26785832571725454,0.6250000000000001,0.3749999999999998,0.27182165752663034,0.5,0.26785832571725415,0.32341082876331506,0.4742054143816576,0.41402124669963725,False
double-slotted,LE flap,double-slotted + LE flap,5,0.65,0.520347547531128,0.35,0.33,0.15,0.15,0.6699999999999999,0.5822428571428573,0.8754215263010933,0.8051,0.8993350291750374,0.18677759617863834,2.675641652777095,2.3498078651709924,19.954651354271647,19.725091170976995,1.0745548806333716,1.1749039325854962,True,0.288908989893604,0.2889089898936043,0.6250000000000001,0.3749999999999998,0.24583901663097696,0.5,0.28890898989360414,0.31041950831548837,0.46770975415774424,0.41887291468378274,False
double-slotted,LE flap,double-slotted + LE flap,5,0.66,0.520347547531128,0.33999999999999997,0.33,0.15,0.15,0.6699999999999999,0.5909142857142858,0.8884593079450995,0.8051,0.9127289581371604,0.18677759617863834,2.689035581739218,2.3591836154444783,19.942887258437764,19.72630241814351,1.0799339685699672,1.1795918077222391,True,0.3097536116799729,0.30975361167997284,0.6250000000000001,0.3749999999999998,0.2201106919594248,0.5,0.30975361167997284,0.2975553459797123,0.4612776729898562,0.423677094889943,False
double-slotted,LE flap,double-slotted + LE flap,5,0.67,0.520347547531128,0.32999999999999996,0.33,0.15,0.15,0.6699999999999999,0.5995000000000001,0.9013682153059691,0.8051,0.9259904924143201,0.18677759617863834,2.702297116016378,2.3684666894384905,19.93092056291566,19.727327960506102,1.0852598859503526,1.1842333447192452,True,0.3303921910763614,0.3303921910763621,0.6250000000000001,0.3749999999999998,0.1946366835119735,0.5,0.33039219107636175,0.28481834175598664,0.4549091708779934,0.4284337873181183,False
double-slotted,LE flap,double-slotted + LE flap,5,0.68,0.520347547531128,0.31999999999999995,0.33,0.15,0.15,0.6699999999999999,0.6080000000000001,0.9141482483837017,0.8051,0.9391196320065165,0.18677759617863834,2.715426255608574,2.377657087153028,19.91876220645654,19.728173541402207,1.0905326327745277,1.188828543576514,True,0.35082472808276866,0.3508247280827701,0.6250000000000001,0.3749999999999998,0.16941699128862342,0.5,0.3508247280827694,0.2722084956443116,0.44860424782215585,0.4331429919683084,False
double-slotted,LE flap,double-slotted + LE flap,5,0.6900000000000001,0.520347547531128,0.30999999999999994,0.33,0.15,0.15,0.6699999999999999,0.6164142857142858,0.9267994071782976,0.8051,0.9521163769137494,0.18677759617863834,2.728423000515807,2.386754808588091,19.906422938472165,19.72884481616597,1.0957522090424927,1.1933774042940455,True,0.37105122269919555,0.3710512226991968,0.6250000000000001,0.3749999999999998,0.14445161528937422,0.5,0.3710512226991962,0.259725807644687,0.44236290382234356,0.43780470884051326,False
double-slotted,LE flap,double-slotted + LE flap,5,0.7,0.520347547531128,0.30000000000000004,0.33,0.15,0.15,0.6699999999999999,0.6247428571428572,0.9393216916897564,0.8051,0.964980727136019,0.18677759617863834,2.7412873507380766,2.3957598537436797,19.893913322103522,19.72934735323382,1.1009186147542476,1.1978799268718399,True,0.391071674925642,0.3910716749256434,0.6250000000000001,0.3749999999999998,0.11974055551422624,0.5,0.39107167492564265,0.247370277757113,0.4361851388785566,0.4424189379347331,False
double-slotted,LE flap,double-slotted + LE flap,5,0.71,0.520347547531128,0.29000000000000004,0.33,0.15,0.15,0.6699999999999999,0.6329857142857144,0.9517151019180788,0.8051,0.9777126826733257,0.18677759617863834,2.7540193062753833,2.4046722226197943,19.88124373721938,19.729686635228425,1.1060318499097923,1.2023361113098971,True,0.41088608476210803,0.4108860847621096,0.6250000000000001,0.3749999999999998,0.09528381196317881,0.5,0.4108860847621088,0.2351419059815893,0.4300709529907947,0.44698567925096777,False
double-slotted,LE flap,double-slotted + LE flap,5,0.72,0.520347547531128,0.28,0.33,0.15,0.15,0.6699999999999999,0.6411428571428572,0.9639796378632643,0.8051,0.9903122435256686,0.18677759617863834,2.7666188671277263,2.4134919152164342,19.868424383346362,19.729868060021502,1.111091914509127,1.2067459576082171,True,0.43049445220859367,0.4304944522085946,0.6250000000000001,0.3749999999999998,0.07108138463623259,0.5,0.43049445220859417,0.22304069231811618,0.42402034615905815,0.45150493278921744,False
double-slotted,LE flap,double-slotted + LE flap,5,0.73,0.520347547531128,0.27,0.33,0.15,0.15,0.6699999999999999,0.6492142857142857,0.976115299525313,0.8051,1.0027794096930482,0.18677759617863834,2.779086033295106,2.4222189315336,19.855465282532233,19.729896941775884,1.1160988085522514,1.2111094657668,True,0.44989677726509886,0.44989677726509936,0.6250000000000001,0.3749999999999998,0.04713327353338759,0.5,0.44989677726509913,0.21106663676669368,0.4180333183833469,0.455976698549482,False
double-slotted,LE flap,double-slotted + LE flap,5,0.74,0.520347547531128,0.26,0.33,0.15,0.15,0.6699999999999999,0.6572,0.9881220869042248,0.8051,1.0151141811754647,0.18677759617863834,2.7914208047775224,2.4308532715712916,19.842376282143867,19.72977851196717,1.1210525320391656,1.2154266357856458,True,0.46909305993162287,0.46909305993162387,0.6250000000000001,0.3749999999999998,0.023439478654643575,0.5,0.46909305993162337,0.19921973932732168,0.4121098696636609,0.4604009765317614,False
double-slotted,LE flap,double-slotted + LE flap,5,0.75,0.520347547531128,0.25,0.33,0.15,0.15,0.6699999999999999,0.6651000000000001,1.0,0.8051,1.027316557972918,0.18677759617863834,2.803623181574976,2.439394935329509,19.829167057601637,19.729517920385447,1.1259530849698698,1.2196974676647545,True,0.48808330020816726,0.48808330020816815,0.6250000000000001,0.3749999999999998,0.0,0.5,0.4880833002081677,0.1874999999999999,0.40625,0.46477776673605586,False
double-slotted,Krueger,double-slotted + Krueger,6,0.13,0.520347547531128,0.87,0.33,0.15,0.15,0.6699999999999999,0.013214285714285729,0.019868118650256693,0.8051,0.02041084726517924,0.18677759617863834,1.796717470867237,1.7345609378340918,19.936388098766514,19.228575695929592,0.7215732814727859,0.8672804689170459,False,,,,,,,,,,,False
double-slotted,Krueger,double-slotted + Krueger,6,0.13999999999999999,0.520347547531128,0.86,0.33,0.15,0.15,0.6699999999999999,0.026342857142857133,0.03960736301737652,0.8051,0.04068929984539509,0.18677759617863834,1.8169959234474529,1.7487558546402429,19.95632431819657,19.250019006502026,0.7297172383323103,0.8743779273201214,False,,,,,,,,,,,False
double-slotted,Krueger,double-slotted + Krueger,6,0.15,0.520347547531128,0.85,0.33,0.15,0.15,0.6699999999999999,0.03938571428571429,0.05921773310135962,0.8051,0.06083535774064768,0.18677759617863834,1.8371419813427055,1.7628580951669197,19.975119304598184,19.270819861391626,0.7378080246356247,0.8814290475834599,False,,,,,,,,,,,False
double-slotted,Krueger,double-slotted + Krueger,6,0.16,0.520347547531128,0.84,0.33,0.15,0.15,0.6699999999999999,0.05234285714285716,0.07869922890220592,0.8051,0.08084902095093696,0.18677759617863834,1.8571556445529949,1.7768676594141222,19.992800654192937,19.290990830877192,0.7458456403827288,0.8884338297070611,False,,,,,,,,,,,False
double-slotted,Krueger,double-slotted + Krueger,6,0.16999999999999998,0.520347547531128,0.8300000000000001,0.33,0.15,0.15,0.6699999999999999,0.06521428571428571,0.09805185041991535,0.8051,0.10073028947626284,0.18677759617863834,1.8770369130783207,1.7907845473818502,20.0093954501385,19.310544294947025,0.7538300855736227,0.8953922736909251,False,,,,,,,,,,,False
double-slotted,Krueger,double-slotted + Krueger,6,0.18,0.520347547531128,0.8200000000000001,0.33,0.15,0.15,0.6699999999999999,0.078,0.11727559765448803,0.8051,0.12047916331662543,0.18677759617863834,1.8967857869186833,1.804608759070104,20.024930273645847,19.329492446475818,0.7617613602083064,0.902304379535052,False,,,,,,,,,,,False
double-slotted,Krueger,double-slotted + Krueger,6,0.19,0.520347547531128,0.81,0.33,0.15,0.15,0.6699999999999999,0.09070000000000003,0.13637047060592394,0.8051,0.14009564247202477,0.18677759617863834,1.9164022660740825,1.8183402944788836,20.03943121480053,19.347847294334144,0.7696394642867801,0.9091701472394418,False,,,,,,,,,,,False
double-slotted,Krueger,double-slotted + Krueger,6,0.2,0.520347547531128,0.8,0.33,0.15,0.15,0.6699999999999999,0.10331428571428575,0.155336469274223,0.8051,0.15957972694246073,0.18677759617863834,1.9358863505445185,1.8319791536081889,20.05292388309698,19.36562066643242,0.7774643978090435,0.9159895768040944,False,,,,,,,,,,,False
double-slotted,Krueger,double-slotted + Krueger,6,0.21,0.520347547531128,0.79,0.33,0.15,0.15,0.6699999999999999,0.11584285714285718,0.17417359365938528,0.8051,0.17893141672793333,0.18677759617863834,1.9552380403299912,1.8455253364580195,20.06543341769456,19.382824212700562,0.7852361607750968,0.9227626682290098,False,,,,,,,,,,,False
double-slotted,Krueger,double-slotted + Krueger,6,0.22,0.520347547531128,0.78,0.33,0.15,0.15,0.6699999999999999,0.1282857142857143,0.19288184376141074,0.8051,0.1981507118284426,0.18677759617863834,1.9744573354305004,1.858978843028376,20.07698449740392,19.39946940800523,0.7929547531849398,0.929489421514188,False,,,,,,,,,,,False
double-slotted,Krueger,double-slotted + Krueger,6,0.22999999999999998,0.520347547531128,0.77,0.33,0.15,0.15,0.6699999999999999,0.14064285714285715,0.2114612195802994,0.8051,0.21723761224398858,0.18677759617863834,1.9935442358460465,1.8723396733192583,20.08760135041157,19.415567555005858,0.8006201750385729,0.9361698366596292,False,,,,,,,,,,,False
double-slotted,Krueger,double-slotted + Krueger,6,0.24,0.520347547531128,0.76,0.33,0.15,0.15,0.6699999999999999,0.15291428571428572,0.22991172111605127,0.8051,0.23619211797457124,0.18677759617863834,2.0124987415766293,1.8856078273306662,20.097307763750727,19.43112978695101,0.8082324263359957,0.9428039136653331,False,,,,,,,,,,,False
double-slotted,Krueger,double-slotted + Krueger,6,0.25,0.520347547531128,0.75,0.33,0.15,0.15,0.6699999999999999,0.1651,0.2482333483686663,0.8051,0.25501422902019055,0.18677759617863834,2.0313208526222484,1.8987833050625997,20.106127092525846,19.446167070416536,0.8157915070772082,0.9493916525312999,False,,,,,,,,,,,False
double-slotted,Krueger,double-slotted + Krueger,6,0.26,0.520347547531128,0.74,0.33,0.15,0.15,0.6699999999999999,0.17720000000000002,0.26642610133814465,0.8051,0.2737039453808465,0.18677759617863834,2.0500105689829042,1.9118661065150588,20.11408226889833,19.46069020798671,0.8232974172622105,0.9559330532575294,False,,,,,,,,,,,False
double-slotted,Krueger,double-slotted + Krueger,6,0.27,0.520347547531128,0.73,0.33,0.15,0.15,0.6699999999999999,0.18921428571428578,0.28448998002448617,0.8051,0.29226126705653926,0.18677759617863834,2.0685678906585974,1.9248562316880438,20.121195810840327,19.474709840879864,0.8307501568910028,0.9624281158440219,False,,,,,,,,,,,False
double-slotted,Krueger,double-slotted + Krueger,6,0.28,0.520347547531128,0.72,0.33,0.15,0.15,0.6699999999999999,0.2011428571428572,0.30242498442769083,0.8051,0.3106861940472686,0.18677759617863834,2.0869928176493264,1.9377536805815543,20.127489830663535,19.488236451519693,0.8381497259635848,0.9688768402907771,False,,,,,,,,,,,False
double-slotted,Krueger,double-slotted + Krueger,6,0.29000000000000004,0.520347547531128,0.71,0.33,0.15,0.15,0.6699999999999999,0.21298571428571436,0.3202311145477587,0.8051,0.32897872635303466,0.18677759617863834,2.1052853499550928,1.9505584531955906,20.132986043329645,19.501280366053535,0.8454961244799568,0.9752792265977953,False,,,,,,,,,,,False
double-slotted,Krueger,double-slotted + Krueger,6,0.3,0.520347547531128,0.7,0.33,0.15,0.15,0.6699999999999999,0.2247428571428572,0.33790837038468974,0.8051,0.3471388639738373,0.18677759617863834,2.123445487575895,1.9632705495301523,20.137705774548657,19.513851756818774,0.8527893524401184,0.9816352747650762,False,,,,,,,,,,,False
double-slotted,Krueger,double-slotted + Krueger,6,0.31,0.520347547531128,0.69,0.33,0.15,0.15,0.6699999999999999,0.23641428571428574,0.355456751938484,0.8051,0.36516660690967667,0.18677759617863834,2.1414732305117345,1.97588996958524,20.141669968671415,19.525960644758676,0.8600294098440701,0.98794498479262,False,,,,,,,,,,,False
double-slotted,Krueger,double-slotted + Krueger,6,0.32,0.520347547531128,0.6799999999999999,0.33,0.15,0.15,0.6699999999999999,0.24800000000000008,0.3728762592091415,0.8051,0.3830619551605528,0.18677759617863834,2.159368578762611,1.9884167133608532,20.14489919638224,19.537616901788695,0.8672162966918116,0.9942083566804266,False,,,,,,,,,,,False
double-slotted,Krueger,double-slotted + Krueger,6,0.32999999999999996,0.520347547531128,0.67,0.33,0.15,0.15,0.6699999999999999,0.2595,0.39016689219666206,0.8051,0.4008249087264655,0.18677759617863834,2.177131532328523,2.000850780856992,20.147413662197316,19.548830253114502,0.8743500129833426,1.000425390428496,False,,,,,,,,,,,False
double-slotted,Krueger,double-slotted + Krueger,6,0.33999999999999997,0.520347547531128,0.66,0.33,0.15,0.15,0.6699999999999999,0.2709142857142857,0.407328650901046,0.8051,0.4184554676074148,0.18677759617863834,2.1947620912094727,2.0131921720736567,20.14923321177464,19.559610279502614,0.8814305587186637,1.0065960860368284,False,,,,,,,,,,,False
double-slotted,Krueger,double-slotted + Krueger,6,0.35,0.520347547531128,0.65,0.33,0.15,0.15,0.6699999999999999,0.28224285714285713,0.424361535322293,0.8051,0.4359536318034009,0.18677759617863834,2.2122602554054587,2.025440887010847,20.15037733904066,19.569966419505,0.8884579338977745,1.0127204435054236,False,,,,,,,,,,,False
double-slotted,Krueger,double-slotted + Krueger,6,0.36,0.520347547531128,0.64,0.33,0.15,0.15,0.6699999999999999,0.2934857142857143,0.4412655454604033,0.8051,0.4533194013144236,0.18677759617863834,2.2296260249164814,2.037596925668563,20.15086519313902,19.579907971638413,0.8954321385206752,1.0187984628342814,False,,,,,,,,,,,False
double-slotted,Krueger,double-slotted + Krueger,6,0.37,0.520347547531128,0.63,0.33,0.15,0.15,0.6699999999999999,0.30464285714285716,0.4580406813153768,0.8051,0.47055277614048313,0.18677759617863834,2.246859399742541,2.0496602880468044,20.150715585206306,19.589444096519635,0.9023531725873658,1.0248301440234022,False,,,,,,,,,,,False
double-slotted,Krueger,double-slotted + Krueger,6,0.38,0.520347547531128,0.62,0.33,0.15,0.15,0.6699999999999999,0.3157142857142858,0.4746869428872135,0.8051,0.48765375628157925,0.18677759617863834,2.263960379883637,2.061630974145572,20.149946994979764,19.59858381895756,0.9092210360978461,1.030815487072786,False,,,,,,,,,,,False
double-slotted,Krueger,double-slotted + Krueger,6,0.39,0.520347547531128,0.61,0.33,0.15,0.15,0.6699999999999999,0.32670000000000005,0.49120433017591336,0.8051,0.504622341737712,0.18677759617863834,2.2809289653397697,2.0735089839648646,20.14857757724165,19.607336030003058,0.9160357290521163,1.0367544919824323,False,,,,,,,,,,,False
double-slotted,Krueger,double-slotted + Krueger,6,0.4,0.520347547531128,0.6,0.33,0.15,0.15,0.6699999999999999,0.33760000000000007,0.5075928431814765,0.8051,0.5214585325088815,0.18677759617863834,2.2977651561109393,2.085294317504683,20.14662516810478,19.61570948895762,0.9227972514501763,1.0426471587523416,False,,,,,,,,,,,False
double-slotted,Krueger,double-slotted + Krueger,6,0.41,0.520347547531128,0.5900000000000001,0.33,0.15,0.15,0.6699999999999999,0.3484142857142858,0.5238524819039028,0.8051,0.5381623285950876,0.18677759617863834,2.3144689521971453,2.0969869747650276,20.144107291143726,19.62371282534157,0.9295056032920261,1.0484934873825138,False,,,,,,,,,,,False
double-slotted,Krueger,double-slotted + Krueger,6,0.42,0.520347547531128,0.5800000000000001,0.33,0.15,0.15,0.6699999999999999,0.3591428571428572,0.5399832463431922,0.8051,0.5547337299963304,0.18677759617863834,2.331040353598388,2.1085869557458974,20.141041163375945,19.63135454082291,0.9361607845776658,1.0542934778729487,False,,,,,,,,,,,False
double-slotted,Krueger,double-slotted + Krueger,6,0.43,0.520347547531128,0.5700000000000001,0.33,0.15,0.15,0.6699999999999999,0.36978571428571433,0.5559851364993449,0.8051,0.5711727367126099,0.18677759617863834,2.3474793603146678,2.120094260447293,20.137443701096846,19.638643011107483,0.9427627953070954,1.0600471302236465,False,,,,,,,,,,,False
double-slotted,Krueger,double-slotted + Krueger,6,0.44,0.520347547531128,0.56,0.33,0.15,0.15,0.6699999999999999,0.38034285714285715,0.5718581523723607,0.8051,0.587479348743926,0.18677759617863834,2.3637859723459838,2.1315088888692144,20.13333152557302,19.645586487791377,0.9493116354803147,1.0657544444346072,False,,,,,,,,,,,False
double-slotted,Krueger,double-slotted + Krueger,6,0.45,0.520347547531128,0.55,0.33,0.15,0.15,0.6699999999999999,0.3908142857142857,0.5876022939622397,0.8051,0.6036535660902788,0.18677759617863834,2.3799601896923366,2.142830841011661,20.12872096859735,19.652193100176447,0.9558073050973238,1.0714154205058306,False,,,,,,,,,,,False
double-slotted,Krueger,double-slotted + Krueger,6,0.46,0.520347547531128,0.54,0.33,0.15,0.15,0.6699999999999999,0.4012000000000001,0.6032175612689822,0.8051,0.6196953887516684,0.18677759617863834,2.3960020123537262,2.1540601168746343,20.123628077909775,19.658470857049615,0.9622498041581229,1.0770300584373171,False,,,,,,,,,,,False
double-slotted,Krueger,double-slotted + Krueger,6,0.47000000000000003,0.520347547531128,0.53,0.33,0.15,0.15,0.6699999999999999,0.41150000000000003,0.6187039542925875,0.8051,0.6356048167280945,0.18677759617863834,2.4119114403301523,2.1651967164581327,20.118068622487407,19.664427648426816,0.9686391326627116,1.0825983582290664,False,,,,,,,,,,,False
double-slotted,Krueger,double-slotted + Krueger,6,0.48,0.520347547531128,0.52,0.33,0.15,0.15,0.6699999999999999,0.4217142857142858,0.6340614730330563,0.8051,0.6513818500195575,0.18677759617863834,2.4276884736216156,2.1762406397621565,20.112058097707486,19.67007124726237,0.9749752906110905,1.0881203198810783,False,,,,,,,,,,,False
double-slotted,Krueger,double-slotted + Krueger,6,0.49,0.520347547531128,0.51,0.33,0.15,0.15,0.6699999999999999,0.4318428571428572,0.6492901174903881,0.8051,0.667026488626057,0.18677759617863834,2.443333112228115,2.187191886786706,20.105611730386542,19.675409311124472,0.9812582780032588,1.093595943393353,False,,,,,,,,,,,False
double-slotted,Krueger,double-slotted + Krueger,6,0.5,0.520347547531128,0.5,0.33,0.15,0.15,0.6699999999999999,0.4418857142857143,0.6643898876645832,0.8051,0.6825387325475931,0.18677759617863834,2.458845356149651,2.1980504575317816,20.098744483699207,19.68044938383745,0.9874880948392171,1.0990252287658908,False,,,,,,,,,,,False
double-slotted,Krueger,double-slotted + Krueger,6,0.51,0.520347547531128,0.49,0.33,0.15,0.15,0.6699999999999999,0.45184285714285716,0.6793607835556413,0.8051,0.697918581784166,0.18677759617863834,2.4742252053862237,2.2088163519973825,20.091471061979732,19.685198897091702,0.9936647411189653,1.1044081759986912,False,,,,,,,,,,,False
double-slotted,Krueger,double-slotted + Krueger,6,0.52,0.520347547531128,0.48,0.33,0.15,0.15,0.6699999999999999,0.46171428571428574,0.6942028051635628,0.8051,0.7131660363357756,0.18677759617863834,2.4894726599378334,2.219489570183509,20.083805915409336,19.68966517202173,0.9997882168425033,1.1097447850917546,False,,,,,,,,,,,False
double-slotted,Krueger,double-slotted + Krueger,6,0.520347547531128,0.520347547531128,0.479652452468872,0.33,0.15,0.15,0.6699999999999999,0.4620558235209003,0.6947163186301312,0.8051,0.7136935772227232,0.18677759617863834,2.490000200824781,2.2198588488043725,20.083532645316694,19.689815391580638,1.0000000806525224,1.1099294244021862,True,4.728524947959608e-08,4.728525006507721e-08,0.6250000000000001,0.3749999999999998,0.6024366633584123,0.25,4.7285249772336645e-08,0.48871833167920603,0.556859165839603,0.2689530710416176,False
double-slotted,Krueger,double-slotted + Krueger,6,0.53,0.520347547531128,0.47,0.33,0.15,0.15,0.6699999999999999,0.47150000000000014,0.7089159524883477,0.8051,0.728281096202422,0.18677759617863834,2.50458771980448,2.2300701120901616,20.0757632445925,19.69385542075318,1.0058585220098313,1.1150350560450808,True,0.022702222038691468,0.022702222038691676,0.6250000000000001,0.3749999999999998,0.5744155781694826,0.25,0.022702222038691572,0.4747077890847412,0.5498538945423707,0.2741853721936874,False
double-slotted,Krueger,double-slotted + Krueger,6,0.54,0.520347547531128,0.45999999999999996,0.33,0.15,0.15,0.6699999999999999,0.4812000000000001,0.7235002255299955,0.8051,0.7432637613841049,0.18677759617863834,2.519570384986163,2.24055797771734,20.06735700502507,19.69777674791936,1.0118756566209488,1.12027898885867,True,0.04601935250482698,0.046019352504828186,0.6250000000000001,0.3749999999999998,0.5456354588087183,0.25,0.04601935250482758,0.46031772940435906,0.5426588647021796,0.27955940573566906,False
double-slotted,Krueger,double-slotted + Krueger,6,0.55,0.520347547531128,0.44999999999999996,0.33,0.15,0.15,0.6699999999999999,0.49081428571428587,0.7379556242885067,0.8051,0.7581140318808245,0.18677759617863834,2.534420655482882,2.2509531670650436,20.058600911456868,19.701436152147952,1.0178396206758562,1.1254765835325218,True,0.06913044058098208,0.06913044058098344,0.6250000000000001,0.3749999999999998,0.5171096556720549,0.25,0.06913044058098276,0.44605482783602735,0.5355274139180137,0.2848859514996655,False
double-slotted,Krueger,double-slotted + Krueger,6,0.56,0.520347547531128,0.43999999999999995,0.33,0.15,0.15,0.6699999999999999,0.5003428571428573,0.7522821487638809,0.8051,0.7728319076925807,0.18677759617863834,2.5491385312946386,2.2612556801332726,20.04950844215179,19.70484052751855,1.0237504141745535,1.1306278400666363,True,0.09203548626715678,0.09203548626715748,0.6250000000000001,0.3749999999999998,0.4888381687594925,0.25,0.09203548626715713,0.43191908437974613,0.5284595421898731,0.29016500948567675,False
double-slotted,Krueger,double-slotted + Krueger,6,0.5700000000000001,0.520347547531128,0.42999999999999994,0.33,0.15,0.15,0.6699999999999999,0.5097857142857144,0.7664797989561183,0.8051,0.7874173888193736,0.18677759617863834,2.5637240124214316,2.271465516922028,20.04009284304781,19.707996664991576,1.0296080371170406,1.135732758461014,True,0.11473448956335108,0.11473448956335222,0.6250000000000001,0.3749999999999998,0.4608209980710314,0.25,0.11473448956335165,0.4179104990355156,0.5214552495177578,0.29539657969370314,False
double-slotted,Krueger,double-slotted + Krueger,6,0.5800000000000001,0.520347547531128,0.41999999999999993,0.33,0.15,0.15,0.6699999999999999,0.5191428571428572,0.780548574865219,0.8051,0.8018704752612031,0.18677759617863834,2.578177098863261,2.2815826774313086,20.030367131819673,19.710911253809158,1.0354124895033174,1.1407913387156543,True,0.1372274504695641,0.13722745046956575,0.6250000000000001,0.3749999999999998,0.43305814360667105,0.25,0.13722745046956492,0.4040290718033354,0.5145145359016677,0.3005806621237442,False
double-slotted,Krueger,double-slotted + Krueger,6,0.5900000000000001,0.520347547531128,0.4099999999999999,0.33,0.15,0.15,0.6699999999999999,0.5284142857142858,0.7944884764911829,0.8051,0.8161911670180695,0.18677759617863834,2.5924977906201274,2.291607161661115,20.020344101846618,19.713590882868612,1.0411637713333843,1.1458035808305576,True,0.1595143689857976,0.159514368985799,0.6250000000000001,0.3749999999999998,0.4055496053664117,0.25,0.1595143689857983,0.39027480268320575,0.507637401341603,0.3057172567758004,False
double-slotted,Krueger,double-slotted + Krueger,6,0.6,0.520347547531128,0.4,0.33,0.15,0.15,0.6699999999999999,0.5376000000000001,0.8082995038340098,0.8051,0.8303794640899724,0.18677759617863834,2.6066860876920304,2.301538969611447,20.010036326087604,19.716042042069027,1.0468618826072411,1.1507694848057235,True,0.18159524511205066,0.18159524511205102,0.6250000000000001,0.3749999999999998,0.3782953833502535,0.25,0.18159524511205083,0.37664769167512663,0.5008238458375633,0.31080636364987135,False
double-slotted,Krueger,double-slotted + Krueger,6,0.61,0.520347547531128,0.39,0.33,0.15,0.15,0.6699999999999999,0.5467000000000001,0.8219816568937002,0.8051,0.8444353664769121,0.18677759617863834,2.6207419900789697,2.3113781012823047,19.999456160866448,19.718271123631474,1.0525068233248873,1.1556890506411523,True,0.20347007884832163,0.20347007884832277,0.6250000000000001,0.3749999999999998,0.35129547755819623,0.25,0.2034700788483222,0.363147738779098,0.49407386938954906,0.31584798274595705,False
double-slotted,Krueger,double-slotted + Krueger,6,0.62,0.520347547531128,0.38,0.33,0.15,0.15,0.6699999999999999,0.5557142857142858,0.8355349356702537,0.8051,0.8583588741788883,0.18677759617863834,2.6346654977809463,2.321124556673688,19.988615749569085,19.72028442339345,1.0580985934863236,1.160562278336844,True,0.22513887019461304,0.2251388701946143,0.6250000000000001,0.3749999999999998,0.32454988799023976,0.25,0.22513887019461365,0.34977494399511977,0.48738747199755994,0.3208421140640578,False
double-slotted,Krueger,double-slotted + Krueger,6,0.63,0.520347547531128,0.37,0.33,0.15,0.15,0.6699999999999999,0.5646428571428571,0.8489593401636701,0.8051,0.8721499871959012,0.18677759617863834,2.6484566107979592,2.330778335785597,19.977527026255117,19.722088142078047,1.0636371930915498,1.1653891678927986,True,0.24660161915092405,0.24660161915092454,0.6250000000000001,0.3749999999999998,0.29805861464638495,0.25,0.2466016191509243,0.33652930732319236,0.48076465366159626,0.3257887576041735,False
double-slotted,Krueger,double-slotted + Krueger,6,0.64,0.520347547531128,0.36,0.33,0.15,0.15,0.6699999999999999,0.5734857142857144,0.8622548703739502,0.8051,0.885808705527951,0.18677759617863834,2.6621153291300086,2.340339438618032,19.966201719186003,19.72368838653824,1.0691226221405656,1.170169719309016,True,0.26785832571725376,0.26785832571725454,0.6250000000000001,0.3749999999999998,0.27182165752663034,0.25,0.26785832571725415,0.32341082876331506,0.4742054143816576,0.3306879133663039,False
double-slotted,Krueger,double-slotted + Krueger,6,0.65,0.520347547531128,0.35,0.33,0.15,0.15,0.6699999999999999,0.5822428571428573,0.8754215263010933,0.8051,0.8993350291750374,0.18677759617863834,2.675641652777095,2.3498078651709924,19.954651354271647,19.725091170976995,1.0745548806333716,1.1749039325854962,True,0.288908989893604,0.2889089898936043,0.6250000000000001,0.3749999999999998,0.24583901663097696,0.25,0.28890898989360414,0.31041950831548837,0.46770975415774424,0.3355395813504494,False
double-slotted,Krueger,double-slotted + Krueger,6,0.66,0.520347547531128,0.33999999999999997,0.33,0.15,0.15,0.6699999999999999,0.5909142857142858,0.8884593079450995,0.8051,0.9127289581371604,0.18677759617863834,2.689035581739218,2.3591836154444783,19.942887258437764,19.72630241814351,1.0799339685699672,1.1795918077222391,True,0.3097536116799729,0.30975361167997284,0.6250000000000001,0.3749999999999998,0.2201106919594248,0.25,0.30975361167997284,0.2975553459797123,0.4612776729898562,0.34034376155660967,False
double-slotted,Krueger,double-slotted + Krueger,6,0.67,0.520347547531128,0.32999999999999996,0.33,0.15,0.15,0.6699999999999999,0.5995000000000001,0.9013682153059691,0.8051,0.9259904924143201,0.18677759617863834,2.702297116016378,2.3684666894384905,19.93092056291566,19.727327960506102,1.0852598859503526,1.1842333447192452,True,0.3303921910763614,0.3303921910763621,0.6250000000000001,0.3749999999999998,0.1946366835119735,0.25,0.33039219107636175,0.28481834175598664,0.4549091708779934,0.345100453984785,False
double-slotted,Krueger,double-slotted + Krueger,6,0.68,0.520347547531128,0.31999999999999995,0.33,0.15,0.15,0.6699999999999999,0.6080000000000001,0.9141482483837017,0.8051,0.9391196320065165,0.18677759617863834,2.715426255608574,2.377657087153028,19.91876220645654,19.728173541402207,1.0905326327745277,1.188828543576514,True,0.35082472808276866,0.3508247280827701,0.6250000000000001,0.3749999999999998,0.16941699128862342,0.25,0.3508247280827694,0.2722084956443116,0.44860424782215585,0.34980965863497504,False
double-slotted,Krueger,double-slotted + Krueger,6,0.6900000000000001,0.520347547531128,0.30999999999999994,0.33,0.15,0.15,0.6699999999999999,0.6164142857142858,0.9267994071782976,0.8051,0.9521163769137494,0.18677759617863834,2.728423000515807,2.386754808588091,19.906422938472165,19.72884481616597,1.0957522090424927,1.1933774042940455,True,0.37105122269919555,0.3710512226991968,0.6250000000000001,0.3749999999999998,0.14445161528937422,0.25,0.3710512226991962,0.259725807644687,0.44236290382234356,0.3544713755071799,False
double-slotted,Krueger,double-slotted + Krueger,6,0.7,0.520347547531128,0.30000000000000004,0.33,0.15,0.15,0.6699999999999999,0.6247428571428572,0.9393216916897564,0.8051,0.964980727136019,0.18677759617863834,2.7412873507380766,2.3957598537436797,19.893913322103522,19.72934735323382,1.1009186147542476,1.1978799268718399,True,0.391071674925642,0.3910716749256434,0.6250000000000001,0.3749999999999998,0.11974055551422624,0.25,0.39107167492564265,0.247370277757113,0.4361851388785566,0.3590856046013997,False
double-slotted,Krueger,double-slotted + Krueger,6,0.71,0.520347547531128,0.29000000000000004,0.33,0.15,0.15,0.6699999999999999,0.6329857142857144,0.9517151019180788,0.8051,0.9777126826733257,0.18677759617863834,2.7540193062753833,2.4046722226197943,19.88124373721938,19.729686635228425,1.1060318499097923,1.2023361113098971,True,0.41088608476210803,0.4108860847621096,0.6250000000000001,0.3749999999999998,0.09528381196317881,0.25,0.4108860847621088,0.2351419059815893,0.4300709529907947,0.36365234591763446,False
double-slotted,Krueger,double-slotted + Krueger,6,0.72,0.520347547531128,0.28,0.33,0.15,0.15,0.6699999999999999,0.6411428571428572,0.9639796378632643,0.8051,0.9903122435256686,0.18677759617863834,2.7666188671277263,2.4134919152164342,19.868424383346362,19.729868060021502,1.111091914509127,1.2067459576082171,True,0.43049445220859367,0.4304944522085946,0.6250000000000001,0.3749999999999998,0.07108138463623259,0.25,0.43049445220859417,0.22304069231811618,0.42402034615905815,0.36817159945588407,False
double-slotted,Krueger,double-slotted + Krueger,6,0.73,0.520347547531128,0.27,0.33,0.15,0.15,0.6699999999999999,0.6492142857142857,0.976115299525313,0.8051,1.0027794096930482,0.18677759617863834,2.779086033295106,2.4222189315336,19.855465282532233,19.729896941775884,1.1160988085522514,1.2111094657668,True,0.44989677726509886,0.44989677726509936,0.6250000000000001,0.3749999999999998,0.04713327353338759,0.25,0.44989677726509913,0.21106663676669368,0.4180333183833469,0.37264336521614866,False
double-slotted,Krueger,double-slotted + Krueger,6,0.74,0.520347547531128,0.26,0.33,0.15,0.15,0.6699999999999999,0.6572,0.9881220869042248,0.8051,1.0151141811754647,0.18677759617863834,2.7914208047775224,2.4308532715712916,19.842376282143867,19.72977851196717,1.1210525320391656,1.2154266357856458,True,0.46909305993162287,0.46909305993162387,0.6250000000000001,0.3749999999999998,0.023439478654643575,0.25,0.46909305993162337,0.19921973932732168,0.4121098696636609,0.37706764319842806,False
double-slotted,Krueger,double-slotted + Krueger,6,0.75,0.520347547531128,0.25,0.33,0.15,0.15,0.6699999999999999,0.6651000000000001,1.0,0.8051,1.027316557972918,0.18677759617863834,2.803623181574976,2.439394935329509,19.829167057601637,19.729517920385447,1.1259530849698698,1.2196974676647545,True,0.48808330020816726,0.48808330020816815,0.6250000000000001,0.3749999999999998,0.0,0.25,0.4880833002081677,0.1874999999999999,0.40625,0.38144443340272255,False
double-slotted,slat,double-slotted + slat,6,0.13,0.4636053943634033,0.87,0.33,0.2,0.2,0.6699999999999999,0.013214285714285729,0.019868118650256693,0.8051,0.02041084726517924,0.2750251100201494,1.8849649847087482,1.7963341975231495,19.282094850566832,18.800614871709893,0.7570140500838346,0.8981670987615747,False,,,,,,,,,,,False
double-slotted,slat,double-slotted + slat,6,0.13999999999999999,0.4636053943634033,0.86,0.33,0.2,0.2,0.6699999999999999,0.026342857142857133,0.03960736301737652,0.8051,0.04068929984539509,0.2750251100201494,1.905243437288964,1.8105291143293005,19.289082655464565,18.815421196001232,0.765158006943359,0.9052645571646503,False,,,,,,,,,,,False
double-slotted,slat,double-slotted + slat,6,0.15,0.4636053943634033,0.85,0.33,0.2,0.2,0.6699999999999999,0.03938571428571429,0.05921773310135962,0.8051,0.06083535774064768,0.2750251100201494,1.9253894951842165,1.8246313548559774,19.2951504214385,18.829677814885066,0.7732487932466733,0.9123156774279887,False,,,,,,,,,,,False
double-slotted,slat,double-slotted + slat,6,0.16,0.4636053943634033,0.84,0.33,0.2,0.2,0.6699999999999999,0.05234285714285716,0.07869922890220592,0.8051,0.08084902095093696,0.2750251100201494,1.9454031583945057,1.8386409191031798,19.3003215216058,18.84339593347878,0.7812864089937773,0.9193204595515899,False,,,,,,,,,,,False
double-slotted,slat,double-slotted + slat,6,0.16999999999999998,0.4636053943634033,0.8300000000000001,0.33,0.2,0.2,0.6699999999999999,0.06521428571428571,0.09805185041991535,0.8051,0.10073028947626284,0.2750251100201494,1.9652844269198317,1.8525578070709081,19.30461891436346,18.856586592177223,0.7892708541846714,0.9262789035354541,False,,,,,,,,,,,False
double-slotted,slat,double-slotted + slat,6,0.18,0.4636053943634033,0.8200000000000001,0.33,0.2,0.2,0.6699999999999999,0.078,0.11727559765448803,0.8051,0.12047916331662543,0.2750251100201494,1.9850333007601944,1.866382018759162,19.308065151881316,18.869260669293894,0.797202128819355,0.933191009379581,False,,,,,,,,,,,False
double-slotted,slat,double-slotted + slat,6,0.19,0.4636053943634033,0.81,0.33,0.2,0.2,0.6699999999999999,0.09070000000000003,0.13637047060592394,0.8051,0.14009564247202477,0.2750251100201494,2.0046497799155936,1.8801135541679415,19.31068238838025,18.881428883648024,0.8050802328978287,0.9400567770839707,False,,,,,,,,,,,False
double-slotted,slat,double-slotted + slat,6,0.2,0.4636053943634033,0.8,0.33,0.2,0.2,0.6699999999999999,0.10331428571428575,0.155336469274223,0.8051,0.15957972694246073,0.2750251100201494,2.0241338643860294,1.8937524132972465,19.312492388201697,18.893101797098865,0.812905166420092,0.9468762066486233,False,,,,,,,,,,,False
double-slotted,slat,double-slotted + slat,6,0.21,0.4636053943634033,0.79,0.33,0.2,0.2,0.6699999999999999,0.11584285714285718,0.17417359365938528,0.8051,0.17893141672793333,0.2750251100201494,2.043485554171502,1.9072985961470774,19.313516533674484,18.904289817028275,0.8206769293861453,0.9536492980735387,False,,,,,,,,,,,False
double-slotted,slat,double-slotted + slat,6,0.22,0.4636053943634033,0.78,0.33,0.2,0.2,0.6699999999999999,0.1282857142857143,0.19288184376141074,0.8051,0.1981507118284426,0.2750251100201494,2.0627048492720115,1.920752102717434,19.31377583278493,18.9150031987729,0.8283955217959885,0.960376051358717,False,,,,,,,,,,,False
double-slotted,slat,double-slotted + slat,6,0.22999999999999998,0.4636053943634033,0.77,0.33,0.2,0.2,0.6699999999999999,0.14064285714285715,0.2114612195802994,0.8051,0.21723761224398858,0.2750251100201494,2.0817917496875573,1.934112933008316,19.313290926655657,18.925252048007046,0.8360609436496214,0.967056466504158,False,,,,,,,,,,,False
double-slotted,slat,double-slotted + slat,6,0.24,0.4636053943634033,0.76,0.33,0.2,0.2,0.6699999999999999,0.15291428571428572,0.22991172111605127,0.8051,0.23619211797457124,0.2750251100201494,2.10074625541814,1.947381087019724,19.312082096838736,18.935046323077373,0.8436731949470441,0.973690543509862,False,,,,,,,,,,,False
double-slotted,slat,double-slotted + slat,6,0.25,0.4636053943634033,0.75,0.33,0.2,0.2,0.6699999999999999,0.1651,0.2482333483686663,0.8051,0.25501422902019055,0.2750251100201494,2.1195683664637595,1.9605565647516574,19.31016927242824,18.944395837290447,0.8512322756882568,0.9802782823758287,False,,,,,,,,,,,False
double-slotted,slat,double-slotted + slat,6,0.26,0.4636053943634033,0.74,0.33,0.2,0.2,0.6699999999999999,0.17720000000000002,0.26642610133814465,0.8051,0.2737039453808465,0.2750251100201494,2.1382580828244153,1.9736393662041167,19.307572036997495,18.953310261154336,0.8587381858732591,0.9868196831020584,False,,,,,,,,,,,False
double-slotted,slat,double-slotted + slat,6,0.27,0.4636053943634033,0.73,0.33,0.2,0.2,0.6699999999999999,0.18921428571428578,0.28448998002448617,0.8051,0.29226126705653926,0.2750251100201494,2.156815404500108,1.9866294913771017,19.30430963536579,18.961799124575126,0.8661909255020513,0.9933147456885508,False,,,,,,,,,,,False
double-slotted,slat,double-slotted + slat,6,0.28,0.4636053943634033,0.72,0.33,0.2,0.2,0.6699999999999999,0.2011428571428572,0.30242498442769083,0.8051,0.3106861940472686,0.2750251100201494,2.1752403314908375,1.999526940270612,19.300400980199452,18.96987181900953,0.8735904945746334,0.999763470135306,False,,,,,,,,,,,False
double-slotted,slat,double-slotted + slat,6,0.29000000000000004,0.4636053943634033,0.71,0.33,0.2,0.2,0.6699999999999999,0.21298571428571436,0.3202311145477587,0.8051,0.32897872635303466,0.2750251100201494,2.1935328637966034,2.0123317128846483,19.295864658451755,18.977537599574394,0.8809368930910053,1.0061658564423241,False,,,,,,,,,,,False
double-slotted,slat,double-slotted + slat,6,0.3,0.4636053943634033,0.7,0.33,0.2,0.2,0.6699999999999999,0.2247428571428572,0.33790837038468974,0.8051,0.3471388639738373,0.2750251100201494,2.211693001417406,2.02504380921921,19.290718937646268,18.984805587114163,0.888230121051167,1.012521904609605,False,,,,,,,,,,,False
double-slotted,slat,double-slotted + slat,6,0.31,0.4636053943634033,0.69,0.33,0.2,0.2,0.6699999999999999,0.23641428571428574,0.355456751938484,0.8051,0.36516660690967667,0.2750251100201494,2.2297207443532456,2.0376632292742975,19.284981772007868,18.991684770227295,0.8954701784551187,1.0188316146371488,False,,,,,,,,,,,False
double-slotted,slat,double-slotted + slat,6,0.32,0.4636053943634033,0.6799999999999999,0.33,0.2,0.2,0.6699999999999999,0.24800000000000008,0.3728762592091415,0.8051,0.3830619551605528,0.2750251100201494,2.2476160926041215,2.050189973049911,19.278670808445707,18.998184007252338,0.9026570653028599,1.0250949865249555,False,,,,,,,,,,,False
double-slotted,slat,double-slotted + slat,6,0.32999999999999996,0.4636053943634033,0.67,0.33,0.2,0.2,0.6699999999999999,0.2595,0.39016689219666206,0.8051,0.4008249087264655,0.2750251100201494,2.2653790461700343,2.0626240405460496,19.27180339239206,19.00431202821472,0.9097907815943912,1.0313120202730248,False,,,,,,,,,,,False
double-slotted,slat,double-slotted + slat,6,0.33999999999999997,0.4636053943634033,0.66,0.33,0.2,0.2,0.6699999999999999,0.2709142857142857,0.407328650901046,0.8051,0.4184554676074148,0.2750251100201494,2.283009605050984,2.074965431762714,19.264396573501042,19.010077436735074,0.9168713273297123,1.037482715881357,False,,,,,,,,,,,False
double-slotted,slat,double-slotted + slat,6,0.35,0.4636053943634033,0.65,0.33,0.2,0.2,0.6699999999999999,0.28224285714285713,0.424361535322293,0.8051,0.4359536318034009,0.2750251100201494,2.3005077692469698,2.0872141466999046,19.25646711121109,19.01548871189984,0.9238987025088231,1.0436070733499523,False,,,,,,,,,,,False
double-slotted,slat,double-slotted + slat,6,0.36,0.4636053943634033,0.64,0.33,0.2,0.2,0.6699999999999999,0.2934857142857143,0.4412655454604033,0.8051,0.4533194013144236,0.2750251100201494,2.3178735387579925,2.0993701853576203,19.248031480174724,19.020554210095142,0.9308729071317238,1.0496850926788102,False,,,,,,,,,,,False
double-slotted,slat,double-slotted + slat,6,0.37,0.4636053943634033,0.63,0.33,0.2,0.2,0.6699999999999999,0.30464285714285716,0.4580406813153768,0.8051,0.47055277614048313,0.2750251100201494,2.335106913584052,2.1114335477358623,19.23910587555925,19.025282166804544,0.9377939411984144,1.0557167738679312,False,,,,,,,,,,,False
double-slotted,slat,double-slotted + slat,6,0.38,0.4636053943634033,0.62,0.33,0.2,0.2,0.6699999999999999,0.3157142857142858,0.4746869428872135,0.8051,0.48765375628157925,0.2750251100201494,2.352207893725148,2.1234042338346297,19.229706218221875,19.029680698371568,0.9446618047088947,1.0617021169173149,False,,,,,,,,,,,False
double-slotted,slat,double-slotted + slat,6,0.39,0.4636053943634033,0.61,0.33,0.2,0.2,0.6699999999999999,0.32670000000000005,0.49120433017591336,0.8051,0.504622341737712,0.2750251100201494,2.369176479181281,2.1352822436539225,19.219848159762595,19.03375780372774,0.9514764976631649,1.0676411218269612,False,,,,,,,,,,,False
double-slotted,slat,double-slotted + slat,6,0.4,0.4636053943634033,0.6,0.33,0.2,0.2,0.6699999999999999,0.33760000000000007,0.5075928431814765,0.8051,0.5214585325088815,0.2750251100201494,2.3860126699524504,2.147067577193741,19.209547087457956,19.037521366086853,0.9582380200612249,1.0735337885968705,False,,,,,,,,,,,False
double-slotted,slat,double-slotted + slat,6,0.41,0.4636053943634033,0.5900000000000001,0.33,0.2,0.2,0.6699999999999999,0.3484142857142858,0.5238524819039028,0.8051,0.5381623285950876,0.2750251100201494,2.4027164660386564,2.1587602344540855,19.198818129079097,19.040979154606116,0.9649463719030748,1.0793801172270427,False,,,,,,,,,,,False
double-slotted,slat,double-slotted + slat,6,0.42,0.4636053943634033,0.5800000000000001,0.33,0.2,0.2,0.6699999999999999,0.3591428571428572,0.5399832463431922,0.8051,0.5547337299963304,0.2750251100201494,2.419287867439899,2.1703602154349553,19.1876761575969,19.044138826015068,0.9716015531887144,1.0851801077174776,False,,,,,,,,,,,False
double-slotted,slat,double-slotted + slat,6,0.43,0.4636053943634033,0.5700000000000001,0.33,0.2,0.2,0.6699999999999999,0.36978571428571433,0.5559851364993449,0.8051,0.5711727367126099,0.2750251100201494,2.435726874156179,2.181867520136351,19.176135795777263,19.047007926212746,0.978203563918144,1.0909337600681754,False,,,,,,,,,,,False
double-slotted,slat,double-slotted + slat,6,0.44,0.4636053943634033,0.56,0.33,0.2,0.2,0.6699999999999999,0.38034285714285715,0.5718581523723607,0.8051,0.587479348743926,0.2750251100201494,2.452033486187495,2.1932821485582723,19.164211420669464,19.049593891833855,0.9847524040913633,1.0966410742791362,False,,,,,,,,,,,False
double-slotted,slat,double-slotted + slat,6,0.45,0.4636053943634033,0.55,0.33,0.2,0.2,0.6699999999999999,0.3908142857142857,0.5876022939622397,0.8051,0.6036535660902788,0.2750251100201494,2.4682077035338477,2.204604100700719,19.151917167990266,19.051904051784597,0.9912480737083724,1.1023020503503596,False,,,,,,,,,,,False
double-slotted,slat,double-slotted + slat,6,0.46,0.4636053943634033,0.54,0.33,0.2,0.2,0.6699999999999999,0.4012000000000001,0.6032175612689822,0.8051,0.6196953887516684,0.2750251100201494,2.4842495261952373,2.215833376563692,19.139266936406557,19.05394562874881,0.9976905727691715,1.107916688281846,False,,,,,,,,,,,False
double-slotted,slat,double-slotted + slat,6,0.4636053943634033,0.4636053943634033,0.5363946056365967,0.33,0.2,0.2,0.6699999999999999,0.40492343694078475,0.6088158727120503,0.8051,0.6254466267938217,0.2750251100201494,2.4900007642373905,2.2198592431931994,19.13462136460591,19.054617200860687,1.0000003069226466,1.1099296215965997,True,9.241095765679876e-07,9.241095781797884e-07,0.0,0.3749999999999998,0.771949746362645,0.25,9.241095773738881e-07,0.5734748731813224,0.2867374365906612,0.1789127869000795,False
double-slotted,slat,double-slotted + slat,6,0.47000000000000003,0.4636053943634033,0.53,0.33,0.2,0.2,0.6699999999999999,0.41150000000000003,0.6187039542925875,0.8051,0.6356048167280945,0.2750251100201494,2.5001589541716633,2.22696997614719,19.126274391719047,19.055725740664933,1.0040799012737602,1.113484988073595,True,0.0158098497663284,0.01580984976632951,0.0,0.3749999999999998,0.7524369350401905,0.25,0.015809849766328956,0.5637184675200951,0.28185923376004757,0.18255636117545881,False
double-slotted,slat,double-slotted + slat,6,0.48,0.4636053943634033,0.52,0.33,0.2,0.2,0.6699999999999999,0.4217142857142858,0.6340614730330563,0.8051,0.6513818500195575,0.2750251100201494,2.515935987463126,2.2380138994512144,19.112952970949657,19.05725140217453,1.010416059222139,1.1190069497256072,True,0.04036323457234806,0.04036323457234952,0.0,0.3749999999999998,0.7221309183348198,0.25,0.04036323457234879,0.5485654591674098,0.2742827295837049,0.18821532138535124,False
double-slotted,slat,double-slotted + slat,6,0.49,0.4636053943634033,0.51,0.33,0.2,0.2,0.6699999999999999,0.4318428571428572,0.6492901174903881,0.8051,0.667026488626057,0.2750251100201494,2.531580626069626,2.248965146475764,19.099315886334995,19.05852952604285,1.0166990466143075,1.124482573237882,True,0.06471057698838732,0.0647105769883883,0.0,0.3749999999999998,0.6920792178535505,0.25,0.06471057698838781,0.5335396089267752,0.2667698044633876,0.19382679381725845,False
double-slotted,slat,double-slotted + slat,6,0.5,0.4636053943634033,0.5,0.33,0.2,0.2,0.6699999999999999,0.4418857142857143,0.6643898876645832,0.8051,0.6825387325475931,0.2750251100201494,2.547092869991162,2.259823717220839,19.085376129228347,19.05956692455208,1.0229288634502658,1.1299118586104195,True,0.08885187701444532,0.08885187701444582,0.0,0.3749999999999998,0.6622818335963822,0.25,0.08885187701444557,0.5186409167981909,0.25932045839909545,0.1993907784711803,False
double-slotted,slat,double-slotted + slat,6,0.51,0.4636053943634033,0.49,0.33,0.2,0.2,0.6699999999999999,0.45184285714285716,0.6793607835556413,0.8051,0.697918581784166,0.2750251100201494,2.562472719227735,2.2705896116864404,19.071146473912503,19.060370310867814,1.029105509730014,1.1352948058432202,True,0.11278713465052291,0.11278713465052408,0.0,0.3749999999999998,0.6327387655633148,0.25,0.1127871346505235,0.5038693827816573,0.25193469139082864,0.20490727534711736,False
double-slotted,slat,double-slotted + slat,6,0.52,0.4636053943634033,0.48,0.33,0.2,0.2,0.6699999999999999,0.46171428571428574,0.6942028051635628,0.8051,0.7131660363357756,0.2750251100201494,2.5777201737793445,2.281262829872567,19.056639481325533,19.060946300379207,1.035228985453552,1.1406314149362835,True,0.1365163498966201,0.1365163498966211,0.0,0.3749999999999998,0.6034500137543484,0.25,0.1365163498966206,0.4892250068771741,0.24461250343858704,0.21037628444506917,False
double-slotted,slat,double-slotted + slat,6,0.53,0.4636053943634033,0.47,0.33,0.2,0.2,0.6699999999999999,0.47150000000000014,0.7089159524883477,0.8051,0.728281096202422,0.2750251100201494,2.5928352336459906,2.2918433717792195,19.04186750270196,19.061301412013535,1.0412992906208796,1.1459216858896097,True,0.160039522752736,0.16003952275273786,0.0,0.3749999999999998,0.5744155781694826,0.25,0.16003952275273692,0.4747077890847412,0.2373538945423706,0.21579780576503582,False
double-slotted,slat,double-slotted + slat,6,0.54,0.4636053943634033,0.45999999999999996,0.33,0.2,0.2,0.6699999999999999,0.4812000000000001,0.7235002255299955,0.8051,0.7432637613841049,0.2750251100201494,2.6078178988276735,2.3023312374063973,19.026842683131246,19.061442069525448,1.0473164252319973,1.1511656187031987,True,0.18335665321887237,0.18335665321887337,0.0,0.3749999999999998,0.5456354588087183,0.25,0.18335665321887287,0.46031772940435906,0.23015886470217953,0.22117183930701745,False
double-slotted,slat,double-slotted + slat,6,0.55,0.4636053943634033,0.44999999999999996,0.33,0.2,0.2,0.6699999999999999,0.49081428571428587,0.7379556242885067,0.8051,0.7581140318808245,0.2750251100201494,2.6226681693243936,2.312726426754101,19.011576965035612,19.06137460276162,1.053280389286905,1.1563632133770505,True,0.20646774129502835,0.20646774129502865,0.0,0.3749999999999998,0.5171096556720549,0.25,0.20646774129502848,0.44605482783602735,0.22302741391801367,0.22649838507101405,False
double-slotted,slat,double-slotted + slat,6,0.56,0.4636053943634033,0.43999999999999995,0.33,0.2,0.2,0.6699999999999999,0.5003428571428573,0.7522821487638809,0.8051,0.7728319076925807,0.2750251100201494,2.6373860451361493,2.3230289398223305,18.996082091569377,19.06110524890117,1.059191182785602,1.1615144699111652,True,0.22937278698120217,0.22937278698120364,0.0,0.3749999999999998,0.4888381687594925,0.25,0.2293727869812029,0.43191908437974613,0.21595954218987307,0.2317774430570253,False
double-slotted,slat,double-slotted + slat,6,0.5700000000000001,0.4636053943634033,0.42999999999999994,0.33,0.2,0.2,0.6699999999999999,0.5097857142857144,0.7664797989561183,0.8051,0.7874173888193736,0.2750251100201494,2.651971526262942,2.3332387766110854,18.980369609941636,19.060640153672324,1.0650488057280891,1.1666193883055427,True,0.25207179027739646,0.2520717902773974,0.0,0.3749999999999998,0.4608209980710314,0.25,0.2520717902773969,0.4179104990355156,0.2089552495177578,0.23700901326505153,False
double-slotted,slat,double-slotted + slat,6,0.5800000000000001,0.4636053943634033,0.41999999999999993,0.33,0.2,0.2,0.6699999999999999,0.5191428571428572,0.780548574865219,0.8051,0.8018704752612031,0.2750251100201494,2.6664246127047724,2.343355937120366,18.964450874664116,19.059985372545942,1.0708532581143664,1.171677968560183,True,0.27456475118361123,0.27456475118361096,0.0,0.3749999999999998,0.43305814360667105,0.25,0.2745647511836111,0.4040290718033354,0.2020145359016677,0.2421930956950929,False
double-slotted,slat,double-slotted + slat,6,0.5900000000000001,0.4636053943634033,0.4099999999999999,0.33,0.2,0.2,0.6699999999999999,0.5284142857142858,0.7944884764911829,0.8051,0.8161911670180695,0.2750251100201494,2.680745304461638,2.3533804213501726,18.948337050726096,19.059146871906144,1.0766045399444328,1.1766902106750863,True,0.296851669699843,0.29685166969984417,0.0,0.3749999999999998,0.4055496053664117,0.25,0.29685166969984356,0.39027480268320575,0.19513740134160287,0.2473296903471488,False
double-slotted,slat,double-slotted + slat,6,0.6,0.4636053943634033,0.4,0.33,0.2,0.2,0.6699999999999999,0.5376000000000001,0.8082995038340098,0.8051,0.8303794640899724,0.2750251100201494,2.694933601533541,2.3633122293005044,18.932039116698288,19.0581305301987,1.0823026512182894,1.1816561146502522,True,0.3189325458260952,0.3189325458260962,0.0,0.3749999999999998,0.3782953833502535,0.25,0.3189325458260957,0.37664769167512663,0.18832384583756331,0.2524187972212196,False
double-slotted,slat,double-slotted + slat,6,0.61,0.4636053943634033,0.39,0.33,0.2,0.2,0.6699999999999999,0.5467000000000001,0.8219816568937002,0.8051,0.8444353664769121,0.2750251100201494,2.708989503920481,2.3731513609713626,18.915567867767088,19.056942139057405,1.087947591935936,1.1865756804856813,True,0.3408073795623679,0.34080737956236895,0.0,0.3749999999999998,0.35129547755819623,0.25,0.3408073795623684,0.363147738779098,0.181573869389549,0.25746041631730576,False
double-slotted,slat,double-slotted + slat,6,0.62,0.4636053943634033,0.38,0.33,0.2,0.2,0.6699999999999999,0.5557142857142858,0.8355349356702537,0.8051,0.8583588741788883,0.2750251100201494,2.722913011622457,2.3828978163627457,18.89893391870114,19.05558740440908,1.0935393620973721,1.1914489081813728,True,0.3624761709086584,0.36247617090865947,0.0,0.3749999999999998,0.32454988799023976,0.25,0.3624761709086589,0.34977494399511977,0.17488747199755988,0.26245454763540627,False
double-slotted,slat,double-slotted + slat,6,0.63,0.4636053943634033,0.37,0.33,0.2,0.2,0.6699999999999999,0.5646428571428571,0.8489593401636701,0.8051,0.8721499871959012,0.2750251100201494,2.73670412463947,2.392551595474655,18.882147706751844,19.054071947557485,1.0990779617025983,1.1962757977373275,True,0.3839389198649694,0.38393891986497075,0.0,0.3749999999999998,0.29805861464638495,0.25,0.3839389198649701,0.33652930732319236,0.16826465366159618,0.2674011911755221,False
double-slotted,slat,double-slotted + slat,6,0.64,0.4636053943634033,0.36,0.33,0.2,0.2,0.6699999999999999,0.5734857142857144,0.8622548703739502,0.8051,0.885808705527951,0.2750251100201494,2.75036284297152,2.4021126983070897,18.865219494489125,19.05240130624649,1.1045633907516144,1.2010563491535449,True,0.4051956264313,0.40519562643130075,0.0,0.3749999999999998,0.27182165752663034,0.25,0.40519562643130036,0.32341082876331506,0.16170541438165753,0.2723003469376526,False
double-slotted,slat,double-slotted + slat,6,0.65,0.4636053943634033,0.35,0.33,0.2,0.2,0.6699999999999999,0.5822428571428573,0.8754215263010933,0.8051,0.8993350291750374,0.2750251100201494,2.7638891666186063,2.4115811248600503,18.848159372574273,19.05058093570313,1.10999564924442,1.2057905624300251,True,0.42624629060764935,0.4262462906076505,0.0,0.3749999999999998,0.24583901663097696,0.25,0.42624629060764996,0.31041950831548837,0.15520975415774418,0.27715201492179803,False
double-slotted,slat,double-slotted + slat,6,0.66,0.4636053943634033,0.33999999999999997,0.33,0.2,0.2,0.6699999999999999,0.5909142857142858,0.8884593079450995,0.8051,0.9127289581371604,0.2750251100201494,2.7772830955807293,2.420956875133536,18.830977262471272,19.048616209660675,1.1153747371810157,1.210478437566768,True,0.44709091239401827,0.447090912394019,0.0,0.3749999999999998,0.2201106919594248,0.25,0.44709091239401866,0.2975553459797123,0.14877767298985614,0.2819561951279583,False
double-slotted,slat,double-slotted + slat,6,0.67,0.4636053943634033,0.32999999999999996,0.33,0.2,0.2,0.6699999999999999,0.5995000000000001,0.9013682153059691,0.8051,0.9259904924143201,0.2750251100201494,2.790544629857889,2.430239949127548,18.81368291909792,19.04651242136226,1.120700654561401,1.215119974563774,True,0.4677294917904068,0.4677294917904073,0.0,0.3749999999999998,0.1946366835119735,0.25,0.467729491790407,0.28481834175598664,0.14240917087799332,0.28671288755613344,False
double-slotted,slat,double-slotted + slat,6,0.68,0.4636053943634033,0.31999999999999995,0.33,0.2,0.2,0.6699999999999999,0.6080000000000001,0.9141482483837017,0.8051,0.9391196320065165,0.2750251100201494,2.8036737694500857,2.4394303468420855,18.796285933418364,19.044274784545337,1.1259734013855764,1.2197151734210427,True,0.4881620287968149,0.48816202879681525,0.0,0.3749999999999998,0.16941699128862342,0.25,0.4881620287968151,0.2722084956443116,0.1361042478221558,0.2914220922063236,False
double-slotted,slat,double-slotted + slat,6,0.6900000000000001,0.4636053943634033,0.30999999999999994,0.33,0.2,0.2,0.6699999999999999,0.6164142857142858,0.9267994071782976,0.8051,0.9521163769137494,0.2750251100201494,2.8166705143573183,2.448528068277149,18.77879573497824,19.04190843440742,1.1311929776535414,1.2242640341385744,True,0.5083885234132418,0.508388523413243,0.0,0.3749999999999998,0.14445161528937422,0.25,0.5083885234132424,0.259725807644687,0.1298629038223435,0.2960838090785286,False
double-slotted,slat,double-slotted + slat,6,0.7,0.4636053943634033,0.30000000000000004,0.33,0.2,0.2,0.6699999999999999,0.6247428571428572,0.9393216916897564,0.8051,0.964980727136019,0.2750251100201494,2.829534864579588,2.4575331134327376,18.76122159438393,19.039418428553386,1.1363593833652963,1.2287665567163688,True,0.5284089756396882,0.5284089756396896,0.0,0.3749999999999998,0.11974055551422624,0.25,0.5284089756396889,0.247370277757113,0.1236851388785565,0.3006980381727485,False
double-slotted,slat,double-slotted + slat,6,0.71,0.4636053943634033,0.29000000000000004,0.33,0.2,0.2,0.6699999999999999,0.6329857142857144,0.9517151019180788,0.8051,0.9777126826733257,0.2750251100201494,2.842266820116895,2.4664454823088517,18.743572625726934,19.036809747924636,1.1414726185208413,1.2332227411544259,True,0.5482233854761551,0.5482233854761548,0.0,0.3749999999999998,0.09528381196317881,0.25,0.5482233854761549,0.2351419059815893,0.11757095299079465,0.3052647794889832,False
double-slotted,slat,double-slotted + slat,6,0.72,0.4636053943634033,0.28,0.33,0.2,0.2,0.6699999999999999,0.6411428571428572,0.9639796378632643,0.8051,0.9903122435256686,0.2750251100201494,2.854866380969238,2.475265174905492,18.72585778895498,19.034087297710663,1.1465326831201756,1.237632587452746,True,0.5678317529226399,0.5678317529226408,0.0,0.3749999999999998,0.07108138463623259,0.25,0.5678317529226403,0.22304069231811618,0.11152034615905809,0.3097840330272328,False
double-slotted,slat,double-slotted + slat,6,0.73,0.4636053943634033,0.27,0.33,0.2,0.2,0.6699999999999999,0.6492142857142857,0.976115299525313,0.8051,1.0027794096930482,0.2750251100201494,2.8673335471366173,2.483992191222658,18.70808589219081,19.031255908243036,1.1515395771633,1.241996095611329,True,0.5872340779791443,0.5872340779791455,0.0,0.3749999999999998,0.04713327353338759,0.25,0.587234077979145,0.21106663676669368,0.10553331838334684,0.31425579878749726,False
double-slotted,slat,double-slotted + slat,6,0.74,0.4636053943634033,0.26,0.33,0.2,0.2,0.6699999999999999,0.6572,0.9881220869042248,0.8051,1.0151141811754647,0.2750251100201494,2.879668318619034,2.4926265312603495,18.690265593999968,19.02832033587241,1.1564933006502143,1.2463132656301747,True,0.6064303606456691,0.60643036064567,0.0,0.3749999999999998,0.023439478654643575,0.25,0.6064303606456696,0.19921973932732168,0.09960986966366084,0.3186800767697768,False
double-slotted,slat,double-slotted + slat,6,0.75,0.4636053943634033,0.25,0.33,0.2,0.2,0.6699999999999999,0.6651000000000001,1.0,0.8051,1.027316557972918,0.2750251100201494,2.891870695416487,2.5011681950185665,18.67240540560864,19.025285263828707,1.1613938535809183,1.2505840975092832,True,0.6254206009222126,0.6254206009222133,0.0,0.3749999999999998,0.0,0.25,0.625420600922213,0.1874999999999999,0.09374999999999994,0.32305686697407093,False
triple-slotted,none,triple-slotted,5,0.13,0.5308407783508302,0.87,0.36,0.0,0.12,0.64,0.013214285714285729,0.019868118650256693,0.0,0.025192902688265052,0.0,1.6147219301116846,1.607164059305205,17.62723304422788,17.61090963084211,0.6484827028560982,0.8035820296526025,False,,,,,,,,,,,False
triple-slotted,none,triple-slotted,5,0.13999999999999999,0.5308407783508302,0.86,0.36,0.0,0.12,0.64,0.026342857142857133,0.03960736301737652,0.0,0.050222391953687225,0.0,1.6397514193771068,1.6246847017910007,17.699749651087064,17.668039843334547,0.6585347065771513,0.8123423508955003,False,,,,,,,,,,,False
triple-slotted,none,triple-slotted,5,0.15,0.5308407783508302,0.85,0.36,0.0,0.12,0.64,0.03938571428571429,0.05921773310135962,0.0,0.07508846779626668,0.0,1.6646174952196862,1.6420909548808063,17.77019544856504,17.724009737693045,0.6685210824175446,0.8210454774404031,False,,,,,,,,,,,False
triple-slotted,none,triple-slotted,5,0.16,0.5308407783508302,0.84,0.36,0.0,0.12,0.64,0.05234285714285716,0.07869922890220592,0.0,0.09979113021600333,0.0,1.6893201576394228,1.6593828185746218,17.838617047889358,17.778840057754394,0.6784418303772781,0.8296914092873109,False,,,,,,,,,,,False
triple-slotted,none,triple-slotted,5,0.16999999999999998,0.5308407783508302,0.8300000000000001,0.36,0.0,0.12,0.64,0.06521428571428571,0.09805185041991535,0.0,0.12433037921289712,0.0,1.7138594066363166,1.6765602928724475,17.905060062907733,17.832551191282825,0.688296950456352,0.8382801464362237,False,,,,,,,,,,,False
triple-slotted,none,triple-slotted,5,0.18,0.5308407783508302,0.8200000000000001,0.36,0.0,0.12,0.64,0.078,0.11727559765448803,0.0,0.14870621478694815,0.0,1.7382352422103677,1.6936233777742833,17.969569135520498,17.885163176969563,0.698086442654766,0.8468116888871416,False,,,,,,,,,,,False
triple-slotted,none,triple-slotted,5,0.19,0.5308407783508302,0.81,0.36,0.0,0.12,0.64,0.09070000000000003,0.13637047060592394,0.0,0.17291863693815643,0.0,1.7624476643615758,1.710572073280129,18.032187960325835,17.936695711261724,0.7078103069725203,0.8552860366400645,False,,,,,,,,,,,False
triple-slotted,none,triple-slotted,5,0.2,0.5308407783508302,0.8,0.36,0.0,0.12,0.64,0.10331428571428575,0.155336469274223,0.0,0.19696764566652186,0.0,1.7864966730899414,1.7274063793899848,18.092959308505883,17.987168155025117,0.717468543409615,0.8637031896949924,False,,,,,,,,,,,False
triple-slotted,none,triple-slotted,5,0.21,0.5308407783508302,0.79,0.36,0.0,0.12,0.64,0.11584285714285718,0.17417359365938528,0.0,0.22085324097204448,0.0,1.810382268395464,1.7441262961038506,18.151925050980662,18.03659954004578,0.7270611519660497,0.8720631480519253,False,,,,,,,,,,,False
triple-slotted,none,triple-slotted,5,0.22,0.5308407783508302,0.78,0.36,0.0,0.12,0.64,0.1282857142857143,0.19288184376141074,0.0,0.24457542285472428,0.0,1.8341044502781438,1.7607318234217264,18.209126180855677,18.08500857537448,0.7365881326418248,0.8803659117108632,False,,,,,,,,,,,False
triple-slotted,none,triple-slotted,5,0.22999999999999998,0.5308407783508302,0.77,0.36,0.0,0.12,0.64,0.14064285714285715,0.2114612195802994,0.0,0.2681341913145613,0.0,1.8576632187379807,1.7772229613436124,18.264602835188068,18.132413653518704,0.7460494854369399,0.8886114806718062,False,,,,,,,,,,,False
triple-slotted,none,triple-slotted,5,0.24,0.5308407783508302,0.76,0.36,0.0,0.12,0.64,0.15291428571428572,0.22991172111605127,0.0,0.2915295463515555,0.0,1.881058573774975,1.7935997098695085,18.318394316095052,18.178832856486114,0.7554452103513956,0.8967998549347542,False,,,,,,,,,,,False
triple-slotted,none,triple-slotted,5,0.25,0.5308407783508302,0.75,0.36,0.0,0.12,0.64,0.1651,0.2482333483686663,0.0,0.31476148796570685,0.0,1.9042905153891263,1.8098620689994143,18.370539111227625,18.224283961683753,0.7647753073851912,0.9049310344997071,False,,,,,,,,,,,False
triple-slotted,none,triple-slotted,5,0.26,0.5308407783508302,0.74,0.36,0.0,0.12,0.64,0.17720000000000002,0.26642610133814465,0.0,0.3378300161570156,0.0,1.927359043580435,1.8260100387333305,18.421074913631355,18.26878444767669,0.7740397765383272,0.9130050193666652,False,,,,,,,,,,,False
triple-slotted,none,triple-slotted,5,0.27,0.5308407783508302,0.73,0.36,0.0,0.12,0.64,0.18921428571428578,0.28448998002448617,0.0,0.36073513092548143,0.0,1.9502641583489009,1.8420436190712564,18.470038641015567,18.31235149981005,0.7832386178108035,0.9210218095356282,False,,,,,,,,,,,False
triple-slotted,none,triple-slotted,5,0.28,0.5308407783508302,0.72,0.36,0.0,0.12,0.64,0.2011428571428572,0.30242498442769083,0.0,0.38347683227110446,0.0,1.973005859694524,1.8579628100131926,18.517466454450975,18.355002015698076,0.79237183120262,0.9289814050065963,False,,,,,,,,,,,False
triple-slotted,none,triple-slotted,5,0.29000000000000004,0.5308407783508302,0.71,0.36,0.0,0.12,0.64,0.21298571428571436,0.3202311145477587,0.0,0.40605512019388473,0.0,1.9955841476173042,1.8737676115591388,18.563393776515397,18.39675261058377,0.8014394167137767,0.9368838057795694,False,,,,,,,,,,,False
triple-slotted,none,triple-slotted,5,0.3,0.5308407783508302,0.7,0.36,0.0,0.12,0.64,0.2247428571428572,0.33790837038468974,0.0,0.4284699946938221,0.0,2.0179990221172415,1.889458023709095,18.607855308906213,18.437619622572598,0.8104413743442737,0.9447290118545475,False,,,,,,,,,,,False
triple-slotted,none,triple-slotted,5,0.31,0.5308407783508302,0.69,0.36,0.0,0.12,0.64,0.23641428571428574,0.355456751938484,0.0,0.45072145577091666,0.0,2.040250483194336,1.905034046463061,18.650885049537486,18.47761911774357,0.8193777040941108,0.9525170232315305,False,,,,,,,,,,,False
triple-slotted,none,triple-slotted,5,0.32,0.5308407783508302,0.6799999999999999,0.36,0.0,0.12,0.64,0.24800000000000008,0.3728762592091415,0.0,0.47280950342516864,0.0,2.062338530848588,1.9204956798210375,18.692516309139254,18.51676689514099,0.8282484059632884,0.9602478399105188,False,,,,,,,,,,,False
triple-slotted,none,triple-slotted,5,0.32999999999999996,0.5308407783508302,0.67,0.36,0.0,0.12,0.64,0.2595,0.39016689219666206,0.0,0.4947341376565774,0.0,2.0842631650799968,1.9358429237830237,18.73278172737536,18.55507849164999,0.8370534799518059,0.9679214618915118,False,,,,,,,,,,,False
triple-slotted,none,triple-slotted,5,0.33999999999999997,0.5308407783508302,0.66,0.36,0.0,0.12,0.64,0.2709142857142857,0.407328650901046,0.0,0.5164953584651437,0.0,2.1060243858885634,1.95107577834902,18.771713288496063,18.592569186758933,0.8457929260596639,0.97553788917451,False,,,,,,,,,,,False
triple-slotted,none,triple-slotted,5,0.35,0.5308407783508302,0.65,0.36,0.0,0.12,0.64,0.28224285714285713,0.424361535322293,0.0,0.5380931658508671,0.0,2.1276221932742865,1.9661942435190265,18.80934233654061,18.629254007211575,0.854466744286862,0.9830971217595132,False,,,,,,,,,,,False
triple-slotted,none,triple-slotted,5,0.36,0.5308407783508302,0.64,0.36,0.0,0.12,0.64,0.2934857142857143,0.4412655454604033,0.0,0.5595275598137478,0.0,2.149056587237167,1.981198319293043,18.845699590104807,18.665147731551965,0.8630749346334005,0.9905991596465215,False,,,,,,,,,,,False
triple-slotted,none,triple-slotted,5,0.37,0.5308407783508302,0.63,0.36,0.0,0.12,0.64,0.30464285714285716,0.4580406813153768,0.0,0.5807985403537856,0.0,2.170327567777205,1.9960880056710695,18.88081515668761,18.700264894564793,0.871617497099279,0.9980440028355347,False,,,,,,,,,,,False
triple-slotted,none,triple-slotted,5,0.38,0.5308407783508302,0.62,0.36,0.0,0.12,0.64,0.3157142857142858,0.4746869428872135,0.0,0.6019061074709806,0.0,2.1914351348944,2.0108633026531058,18.914718546630606,18.734619791613845,0.8800944316844979,1.0054316513265529,False,,,,,,,,,,,False
triple-slotted,none,triple-slotted,5,0.39,0.5308407783508302,0.61,0.36,0.0,0.12,0.64,0.32670000000000005,0.49120433017591336,0.0,0.6228502611653328,0.0,2.2123792885887523,2.0255242102391526,18.947438686663563,18.76822648288132,0.8885057383890571,1.0127621051195763,False,,,,,,,,,,,False
triple-slotted,none,triple-slotted,5,0.4,0.5308407783508302,0.6,0.36,0.0,0.12,0.64,0.33760000000000007,0.5075928431814765,0.0,0.6436310014368423,0.0,2.2331600288602615,2.040070728429209,18.97900393306869,18.801098797510406,0.8968514172129564,1.0200353642146045,False,,,,,,,,,,,False
triple-slotted,none,triple-slotted,5,0.41,0.5308407783508302,0.5900000000000001,0.36,0.0,0.12,0.64,0.3484142857142858,0.5238524819039028,0.0,0.664248328285509,0.0,2.2537773557089285,2.0545028572232757,19.009442084475943,18.833250337653716,0.905131468156196,1.0272514286116379,False,,,,,,,,,,,False
triple-slotted,none,triple-slotted,5,0.42,0.5308407783508302,0.5800000000000001,0.36,0.0,0.12,0.64,0.3591428571428572,0.5399832463431922,0.0,0.6847022417113328,0.0,2.274231269134752,2.0688205966213524,19.038780394301142,18.864694482429822,0.9133458912187759,1.0344102983106762,False,,,,,,,,,,,False
triple-slotted,none,triple-slotted,5,0.43,0.5308407783508302,0.5700000000000001,0.36,0.0,0.12,0.64,0.36978571428571433,0.5559851364993449,0.0,0.7049927417143137,0.0,2.294521769137733,2.083023946623439,19.0670455828382,18.895444391790345,0.921494686400696,1.0415119733117195,False,,,,,,,,,,,False
triple-slotted,none,triple-slotted,5,0.44,0.5308407783508302,0.56,0.36,0.0,0.12,0.64,0.38034285714285715,0.5718581523723607,0.0,0.7251198282944519,0.0,2.3146488557178713,2.097112907229536,19.094263849016524,18.925513010299806,0.9295778537019562,1.048556453614768,False,,,,,,,,,,,False
triple-slotted,none,triple-slotted,5,0.45,0.5308407783508302,0.55,0.36,0.0,0.12,0.64,0.3908142857142857,0.5876022939622397,0.0,0.7450835014517474,0.0,2.3346125288751667,2.1110874784396425,19.12046088183398,18.954913070830376,0.9375953931225568,1.0555437392198213,False,,,,,,,,,,,False
triple-slotted,none,triple-slotted,5,0.46,0.5308407783508302,0.54,0.36,0.0,0.12,0.64,0.4012000000000001,0.6032175612689822,0.0,0.7648837611862002,0.0,2.3544127886096198,2.12494766025376,19.145661871475802,18.983657098173776,0.9455473046624978,1.06247383012688,False,,,,,,,,,,,False
triple-slotted,none,triple-slotted,5,0.47000000000000003,0.5308407783508302,0.53,0.36,0.0,0.12,0.64,0.41150000000000003,0.6187039542925875,0.0,0.7845206074978097,0.0,2.3740496349212292,2.138693452671886,19.169891520128985,19.0117574125722,0.9534335883217787,1.069346726335943,False,,,,,,,,,,,False
triple-slotted,none,triple-slotted,5,0.48,0.5308407783508302,0.52,0.36,0.0,0.12,0.64,0.4217142857142858,0.6340614730330563,0.0,0.803994040386577,0.0,2.3935230678099964,2.1523248556940233,19.193174052501874,19.03922613317049,0.9612542441004001,1.0761624278470117,False,,,,,,,,,,,False
triple-slotted,none,triple-slotted,5,0.49,0.5308407783508302,0.51,0.36,0.0,0.12,0.64,0.4318428571428572,0.6492901174903881,0.0,0.8233040598525011,0.0,2.4128330872759207,2.16584186932017,19.215533226057833,19.06607518139126,0.9690092719983616,1.082920934660085,False,,,,,,,,,,,False
triple-slotted,none,triple-slotted,5,0.5,0.5308407783508302,0.5,0.36,0.0,0.12,0.64,0.4418857142857143,0.6643898876645832,0.0,0.8424506658955825,0.0,2.431979693319002,2.1792444935503275,19.236992340971923,19.092316284235128,0.9766986720156633,1.0896222467751637,False,,,,,,,,,,,False
triple-slotted,none,triple-slotted,5,0.51,0.5308407783508302,0.49,0.36,0.0,0.12,0.64,0.45184285714285716,0.6793607835556413,0.0,0.861433858515821,0.0,2.4509628859392407,2.192532728384494,19.25757424981905,19.117960977507572,0.9843224441523054,1.096266364192247,False,,,,,,,,,,,False
triple-slotted,none,triple-slotted,5,0.52,0.5308407783508302,0.48,0.36,0.0,0.12,0.64,0.46171428571428574,0.6942028051635628,0.0,0.8802536377132169,0.0,2.4697826651366364,2.2057065738226713,19.277301367001634,19.14302060897456,0.9918805884082876,1.1028532869113357,False,,,,,,,,,,,False
triple-slotted,none,triple-slotted,5,0.53,0.5308407783508302,0.47,0.36,0.0,0.12,0.64,0.47150000000000014,0.7089159524883477,0.0,0.8989100034877702,0.0,2.4884390309111897,2.2187660298648586,19.296195677924924,19.167506341448334,0.9993731047836102,1.1093830149324293,False,,,,,,,,,,,False
triple-slotted,none,triple-slotted,5,0.5308407783508302,0.5308407783508302,0.4691592216491698,0.36,0.0,0.12,0.64,0.47231885537542245,0.7101471288158507,0.0,0.9004711430177316,0.0,2.490000170441151,2.2198588275358313,19.2977470025759,19.169539243218253,1.0000000684502615,1.1099294137679157,True,0.0,0.0,1.0,0.0,0.5719860157525902,0.5,0.0,0.2859930078762951,0.6429965039381476,0.38099883464604917,False
triple-slotted,none,triple-slotted,5,0.54,0.5308407783508302,0.45999999999999996,0.36,0.0,0.12,0.64,0.4812000000000001,0.7235002255299955,0.0,0.9174029558394804,0.0,2.5069319832629,2.231711096511056,19.31427874792728,19.191429155805213,1.006799993278273,1.115855548255528,True,0.02635053802547571,0.026350538025476728,1.0,0.0,0.5456354588087183,0.5,0.026350538025476218,0.27281772940435917,0.6364088647021796,0.3875864675758852,False
triple-slotted,none,triple-slotted,5,0.55,0.5308407783508302,0.44999999999999996,0.36,0.0,0.12,0.64,0.49081428571428587,0.7379556242885067,0.0,0.9357324947683477,0.0,2.525261522191767,2.244541773761263,19.331571730973042,19.214799853937137,1.014161253892276,1.1222708868806315,True,0.054876320682023985,0.05487632068202483,1.0,0.0,0.5171096556720549,0.5,0.05487632068202441,0.25855482783602746,0.6292774139180137,0.394717911533346,False
triple-slotted,none,triple-slotted,5,0.56,0.5308407783508302,0.43999999999999995,0.36,0.0,0.12,0.64,0.5003428571428573,0.7522821487638809,0.0,0.9538986202743724,0.0,2.5434276476977917,2.25725806161548,19.348095378114913,19.237629061638224,1.021456886625619,1.12862903080774,True,0.08314778729705721,0.08314778729705816,1.0,0.0,0.4888381687594925,0.5,0.08314778729705768,0.24441908437974624,0.6222095421898731,0.4017857764956436,False
triple-slotted,none,triple-slotted,5,0.5700000000000001,0.5308407783508302,0.42999999999999994,0.36,0.0,0.12,0.64,0.5097857142857144,0.7664797989561183,0.0,0.9719013323575542,0.0,2.5614303597809736,2.2698599600737075,19.363870045732693,19.259927231428225,1.0286868914783025,1.1349299800368537,True,0.11116493787057623,0.11116493787057768,1.0,0.0,0.4608209980710314,0.5,0.11116493787057696,0.2304104990355157,0.6152052495177578,0.40879006246277827,False
triple-slotted,none,triple-slotted,5,0.5800000000000001,0.5308407783508302,0.41999999999999993,0.36,0.0,0.12,0.64,0.5191428571428572,0.780548574865219,0.0,0.9897406310178932,0.0,2.5792696584413126,2.282347469135945,19.378915703555133,19.281704645314186,1.0358512684503263,1.1411737345679724,True,0.13892777240258106,0.13892777240258242,1.0,0.0,0.43305814360667105,0.5,0.13892777240258175,0.21652907180333553,0.6082645359016677,0.41573076943474985,False
triple-slotted,none,triple-slotted,5,0.5900000000000001,0.5308407783508302,0.4099999999999999,0.36,0.0,0.12,0.64,0.5284142857142858,0.7944884764911829,0.0,1.0074165162553894,0.0,2.596945543678809,2.294720588802192,19.393251942471124,19.3029714174918,1.0429500175416901,1.147360294401096,True,0.16643629089307083,0.16643629089307238,1.0,0.0,0.4055496053664117,0.5,0.1664362908930716,0.20277480268320586,0.601387401341603,0.42260789741155813,True
triple-slotted,none,triple-slotted,5,0.6,0.5308407783508302,0.4,0.36,0.0,0.12,0.64,0.5376000000000001,0.8082995038340098,0.0,1.0249289880700427,0.0,2.6144580154934625,2.3069793190724495,19.406897982136442,19.32373749698788,1.0499831387523946,1.1534896595362247,True,0.19369049334204727,0.19369049334204758,1.0,0.0,0.3782953833502535,0.5,0.1936904933420474,0.18914769167512674,0.5945738458375633,0.42942144639320357,True
triple-slotted,none,triple-slotted,5,0.61,0.5308407783508302,0.39,0.36,0.0,0.12,0.64,0.5467000000000001,0.8219816568937002,0.0,1.0422780464618533,0.0,2.631807073885273,2.3191236599467167,19.419872678382095,19.34401267024534,1.056950632082439,1.1595618299733583,True,0.22069037974950778,0.22069037974950798,1.0,0.0,0.35129547755819623,0.5,0.2206903797495079,0.17564773877909812,0.587823869389549,0.4361714163796856,True
triple-slotted,none,triple-slotted,5,0.62,0.5308407783508302,0.38,0.36,0.0,0.12,0.64,0.5557142857142858,0.8355349356702537,0.0,1.0594636914308213,0.0,2.648992718854241,2.331153611424994,19.432194530429854,19.363806563652012,1.0638524975318235,1.165576805712497,True,0.2474359501154541,0.24743595011545458,1.0,0.0,0.32454988799023976,0.5,0.24743595011545433,0.16227494399511988,0.5811374719975599,0.4428578073710048,True
triple-slotted,none,triple-slotted,5,0.63,0.5308407783508302,0.37,0.36,0.0,0.12,0.64,0.5646428571428571,0.8489593401636701,0.0,1.076485922976946,0.0,2.666014950400365,2.3430691735072817,19.443881687920655,19.383128646014576,1.070688735100548,1.1715345867536409,True,0.2739272044398845,0.2739272044398864,1.0,0.0,0.29805861464638495,0.5,0.27392720443988544,0.14902930732319247,0.5745146536615963,0.44948061936716055,True
triple-slotted,none,triple-slotted,5,0.64,0.5308407783508302,0.36,0.36,0.0,0.12,0.64,0.5734857142857144,0.8622548703739502,0.0,1.0933447411002284,0.0,2.682873768523648,2.3548703461935796,19.454951957761295,19.401988230978894,1.0774593447886136,1.1774351730967898,True,0.3001641427228033,0.30016414272280445,1.0,0.0,0.27182165752663034,0.5,0.3001641427228039,0.13591082876331517,0.5679554143816576,0.4560398523681538,True
triple-slotted,none,triple-slotted,5,0.65,0.5308407783508302,0.35,0.36,0.0,0.12,0.64,0.5822428571428573,0.8754215263010933,0.0,1.110040145800668,0.0,2.6995691732240874,2.366557129483887,19.465422810794387,19.42039447939797,1.084164326596019,1.1832785647419435,True,0.3261467649642062,0.3261467649642067,1.0,0.0,0.24583901663097696,0.5,0.32614676496420647,0.12291950831548848,0.5614597541577442,0.46253550637398355,True
triple-slotted,none,triple-slotted,5,0.66,0.5308407783508302,0.33999999999999997,0.36,0.0,0.12,0.64,0.5909142857142858,0.8884593079450995,0.0,1.1265721370782644,0.0,2.716101164501684,2.3781295233782047,19.47531138829683,19.438356401648765,1.0908036805227646,1.1890647616891024,True,0.351875071164094,0.35187507116409517,1.0,0.0,0.2201106919594248,0.5,0.35187507116409455,0.1100553459797124,0.5550276729898562,0.4689675813846502,True
triple-slotted,none,triple-slotted,5,0.67,0.5308407783508302,0.32999999999999996,0.36,0.0,0.12,0.64,0.5995000000000001,0.9013682153059691,0.0,1.1429407149330184,0.0,2.7324697423564377,2.3895875278765324,19.48463450831158,19.45588285989893,1.0973774065688504,1.1947937639382662,True,0.3773490613224676,0.3773490613224688,1.0,0.0,0.1946366835119735,0.5,0.3773490613224682,0.09731834175598675,0.5486591708779933,0.4753360774001538,True
triple-slotted,none,triple-slotted,5,0.68,0.5308407783508302,0.31999999999999995,0.36,0.0,0.12,0.64,0.6080000000000001,0.9141482483837017,0.0,1.1591458793649292,0.0,2.7486749067883487,2.40093114297887,19.493408671817296,19.47298257032469,1.1038855047342764,1.200465571489435,True,0.4025687354393262,0.4025687354393277,1.0,0.0,0.16941699128862342,0.5,0.4025687354393269,0.08470849564431171,0.5423542478221559,0.48164099442049424,True
triple-slotted,none,triple-slotted,5,0.6900000000000001,0.5308407783508302,0.30999999999999994,0.36,0.0,0.12,0.64,0.6164142857142858,0.9267994071782976,0.0,1.1751876303739974,0.0,2.764716657797417,2.4121603686852175,19.501650068740584,19.489664105280966,1.110327975019043,1.2060801843426088,True,0.4275340935146714,0.4275340935146718,1.0,0.0,0.14445161528937422,0.5,0.42753409351467164,0.07222580764468711,0.5361129038223436,0.4878823324456717,True
triple-slotted,none,triple-slotted,5,0.7,0.5308407783508302,0.30000000000000004,0.36,0.0,0.12,0.64,0.6247428571428572,0.9393216916897564,0.0,1.1910659679602227,0.0,2.780594995383642,2.4232752049955755,19.509374583815045,19.505935895424717,1.1167048174231493,1.2116376024977877,True,0.4522451355485007,0.45224513554850215,1.0,0.0,0.11974055551422624,0.5,0.45224513554850143,0.05987027775711312,0.5299351388785566,0.49406009147568597,True
triple-slotted,none,triple-slotted,5,0.71,0.5308407783508302,0.29000000000000004,0.36,0.0,0.12,0.64,0.6329857142857144,0.9517151019180788,0.0,1.2067808921236054,0.0,2.796309919547025,2.4342756519099433,19.516597802291557,19.521806231792645,1.1230160319465963,1.2171378259549717,True,0.47670186154081673,0.4767018615408177,1.0,0.0,0.09528381196317881,0.5,0.4767018615408172,0.047641905981589405,0.5238209529907947,0.5001742715105373,True
triple-slotted,none,triple-slotted,5,0.72,0.5308407783508302,0.28,0.36,0.0,0.12,0.64,0.6411428571428572,0.9639796378632643,0.0,1.2223324028641454,0.0,2.811861430287565,2.445161709428321,19.523335015503665,19.53728326783425,1.1292616185893836,1.2225808547141606,True,0.5009042714916185,0.5009042714916184,1.0,0.0,0.07108138463623259,0.5,0.5009042714916185,0.035540692318116296,0.5177703461590581,0.5062248725502255,True
triple-slotted,none,triple-slotted,5,0.73,0.5308407783508302,0.27,0.36,0.0,0.12,0.64,0.6492142857142857,0.976115299525313,0.0,1.2377205001818423,0.0,2.827249527605262,2.455933377550709,19.529601226292304,19.55237502140117,1.1354415773515107,1.2279666887753544,True,0.5248523654009044,0.5248523654009044,1.0,0.0,0.04713327353338759,0.5,0.5248523654009044,0.023566636766693794,0.5117833183833469,0.5122118945947504,True
triple-slotted,none,triple-slotted,5,0.74,0.5308407783508302,0.26,0.36,0.0,0.12,0.64,0.6572,0.9881220869042248,0.0,1.2529451840766963,0.0,2.842474211500116,2.466590656277107,19.535411154293524,19.567089376693758,1.141555908232978,1.2332953281385535,True,0.5485461432686751,0.5485461432686766,1.0,0.0,0.023439478654643575,0.5,0.5485461432686758,0.011719739327321788,0.5058598696636609,0.5181353376441122,True
triple-slotted,none,triple-slotted,5,0.75,0.5308407783508302,0.25,0.36,0.0,0.12,0.64,0.6651000000000001,1.0,0.0,1.2680064545487082,0.0,2.8575354819721275,2.477133545607515,19.54077924109291,19.581434086166,1.147604611233786,1.2385667728037575,True,0.5719856050949335,0.571985605094934,1.0,0.0,0.0,0.5,0.5719856050949337,0.0,0.5,0.5239952016983112,True
triple-slotted,LE flap,triple-slotted + LE flap,6,0.13,0.434313268661499,0.87,0.36,0.15,0.15,0.64,0.013214285714285729,0.019868118650256693,0.8051,0.025192902688265052,0.18677759617863834,1.8014995262903228,1.7379083766302519,19.982137980033727,19.26097303195518,0.7234937856587641,0.8689541883151259,False,,,,,,,,,,,False
triple-slotted,LE flap,triple-slotted + LE flap,6,0.13999999999999999,0.434313268661499,0.86,0.36,0.15,0.15,0.64,0.026342857142857133,0.03960736301737652,0.8051,0.050222391953687225,0.18677759617863834,1.826529015555745,1.7554290191160473,20.046976021317604,19.31432962019138,0.7335457893798172,0.8777145095580237,False,,,,,,,,,,,False
triple-slotted,LE flap,triple-slotted + LE flap,6,0.15,0.434313268661499,0.85,0.36,0.15,0.15,0.64,0.03938571428571429,0.05921773310135962,0.8051,0.07508846779626668,0.18677759617863834,1.8513950913983246,1.7728352722058531,20.109842810403148,19.36656758048971,0.7435321652202106,0.8864176361029266,False,,,,,,,,,,,False
triple-slotted,LE flap,triple-slotted + LE flap,6,0.16,0.434313268661499,0.84,0.36,0.15,0.15,0.64,0.05234285714285716,0.07869922890220592,0.8051,0.09979113021600333,0.18677759617863834,1.8760977538180612,1.7901271358996687,20.170783516285976,19.41770720739186,0.7534529131799442,0.8950635679498343,False,,,,,,,,,,,False
triple-slotted,LE flap,triple-slotted + LE flap,6,0.16999999999999998,0.434313268661499,0.8300000000000001,0.36,0.15,0.15,0.64,0.06521428571428571,0.09805185041991535,0.8051,0.12433037921289712,0.18677759617863834,1.900637002814955,1.8073046101974943,20.22984234144254,19.467768447079195,0.7633080332590181,0.9036523050987472,False,,,,,,,,,,,False
triple-slotted,LE flap,triple-slotted + LE flap,6,0.18,0.434313268661499,0.8200000000000001,0.36,0.15,0.15,0.64,0.078,0.11727559765448803,0.8051,0.14870621478694815,0.18677759617863834,1.925012838389006,1.82436769509933,20.28706254647565,19.516770904220728,0.773097525457432,0.912183847549665,False,,,,,,,,,,,False
triple-slotted,LE flap,triple-slotted + LE flap,6,0.19,0.434313268661499,0.81,0.36,0.15,0.15,0.64,0.09070000000000003,0.13637047060592394,0.8051,0.17291863693815643,0.18677759617863834,1.9492252605402143,1.8413163906051757,20.34248647399712,19.564733848654107,0.7828213897751863,0.9206581953025879,False,,,,,,,,,,,False
triple-slotted,LE flap,triple-slotted + LE flap,6,0.2,0.434313268661499,0.8,0.36,0.15,0.15,0.64,0.10331428571428575,0.155336469274223,0.8051,0.19696764566652186,0.18677759617863834,1.9732742692685799,1.8581506967150316,20.396155571774802,19.61167622190409,0.792479626212281,0.9290753483575158,False,,,,,,,,,,,False
triple-slotted,LE flap,triple-slotted + LE flap,6,0.21,0.434313268661499,0.79,0.36,0.15,0.15,0.64,0.11584285714285718,0.17417359365938528,0.8051,0.22085324097204448,0.18677759617863834,1.9971598645741024,1.8748706134288975,20.448110415170113,19.657616643543275,0.8020722347687158,0.9374353067144487,False,,,,,,,,,,,False
triple-slotted,LE flap,triple-slotted + LE flap,6,0.22,0.434313268661499,0.78,0.36,0.15,0.15,0.64,0.1282857142857143,0.19288184376141074,0.8051,0.24457542285472428,0.18677759617863834,2.0208820464567823,1.8914761407467733,20.49839072889104,19.702573417399172,0.8115992154444908,0.9457380703733866,False,,,,,,,,,,,False
triple-slotted,LE flap,triple-slotted + LE flap,6,0.22999999999999998,0.434313268661499,0.77,0.36,0.15,0.15,0.64,0.14064285714285715,0.2114612195802994,0.8051,0.2681341913145613,0.18677759617863834,2.0444408149166193,1.9079672786686592,20.54703540808482,19.746564537612095,0.821060568239606,0.9539836393343296,False,,,,,,,,,,,False
triple-slotted,LE flap,triple-slotted + LE flap,6,0.24,0.434313268661499,0.76,0.36,0.15,0.15,0.64,0.15291428571428572,0.22991172111605127,0.8051,0.2915295463515555,0.18677759617863834,2.067836169953613,1.924344027194555,20.594082538793252,19.78960769454773,0.8304562931540614,0.9621720135972776,False,,,,,,,,,,,False
triple-slotted,LE flap,triple-slotted + LE flap,6,0.25,0.434313268661499,0.75,0.36,0.15,0.15,0.64,0.1651,0.2482333483686663,0.8051,0.31476148796570685,0.18677759617863834,2.0910681115677647,1.9406063863244611,20.63956941779292,19.83172028056852,0.8397863901878573,0.9703031931622306,False,,,,,,,,,,,False
triple-slotted,LE flap,triple-slotted + LE flap,6,0.26,0.434313268661499,0.74,0.36,0.15,0.15,0.64,0.17720000000000002,0.26642610133814465,0.8051,0.3378300161570156,0.18677759617863834,2.1141366397590735,1.956754356058377,20.68353257184143,19.872919395667633,0.8490508593409933,0.9783771780291886,False,,,,,,,,,,,False
triple-slotted,LE flap,triple-slotted + LE flap,6,0.27,0.434313268661499,0.73,0.36,0.15,0.15,0.64,0.18921428571428578,0.28448998002448617,0.8051,0.36073513092548143,0.18677759617863834,2.137041754527539,1.9727879363963035,20.72600777635038,19.913221852969215,0.8582497006134694,0.9863939681981517,False,,,,,,,,,,,False
triple-slotted,LE flap,triple-slotted + LE flap,6,0.28,0.434313268661499,0.72,0.36,0.15,0.15,0.64,0.2011428571428572,0.30242498442769083,0.8051,0.38347683227110446,0.18677759617863834,2.1597834558731623,1.9887071273382395,20.767030073504493,19.952644184098528,0.867382914005286,0.9943535636691198,False,,,,,,,,,,,False
triple-slotted,LE flap,triple-slotted + LE flap,6,0.29000000000000004,0.434313268661499,0.71,0.36,0.15,0.15,0.64,0.21298571428571436,0.3202311145477587,0.8051,0.40605512019388473,0.18677759617863834,2.1823617437959424,2.0045119288841855,20.806633789845808,19.991202644425545,0.8764504995164426,1.0022559644420928,False,,,,,,,,,,,False
triple-slotted,LE flap,triple-slotted + LE flap,6,0.3,0.434313268661499,0.7,0.36,0.15,0.15,0.64,0.2247428571428572,0.33790837038468974,0.8051,0.4284699946938221,0.18677759617863834,2.20477661829588,2.0202023410341416,20.844852553341237,20.02891321818529,0.8854524571469398,1.0101011705170708,False,,,,,,,,,,,False
triple-slotted,LE flap,triple-slotted + LE flap,6,0.31,0.434313268661499,0.69,0.36,0.15,0.15,0.64,0.23641428571428574,0.355456751938484,0.8051,0.45072145577091666,0.18677759617863834,2.2270280793729746,2.035778363788108,20.881719309950633,20.065791623478212,0.8943887868967769,1.017889181894054,False,,,,,,,,,,,False
triple-slotted,LE flap,triple-slotted + LE flap,6,0.32,0.434313268661499,0.6799999999999999,0.36,0.15,0.15,0.64,0.24800000000000008,0.3728762592091415,0.8051,0.47280950342516864,0.18677759617863834,2.2491161270272264,2.0512399971460846,20.917266339712487,20.101853317153783,0.9032594887659543,1.0256199985730423,False,,,,,,,,,,,False
triple-slotted,LE flap,triple-slotted + LE flap,6,0.32999999999999996,0.434313268661499,0.67,0.36,0.15,0.15,0.64,0.2595,0.39016689219666206,0.8051,0.4947341376565774,0.18677759617863834,2.2710407612586354,2.0665872411080706,20.951525272363064,20.137113499580494,0.912064562754472,1.0332936205540353,False,,,,,,,,,,,False
triple-slotted,LE flap,triple-slotted + LE flap,6,0.33999999999999997,0.434313268661499,0.66,0.36,0.15,0.15,0.64,0.2709142857142857,0.407328650901046,0.8051,0.5164953584651437,0.18677759617863834,2.2928019820672016,2.081820095674067,20.984527102504632,20.171587119305066,0.9208040088623299,1.0409100478370334,False,,,,,,,,,,,False
triple-slotted,LE flap,triple-slotted + LE flap,6,0.35,0.434313268661499,0.65,0.36,0.15,0.15,0.64,0.28224285714285713,0.424361535322293,0.8051,0.5380931658508671,0.18677759617863834,2.314399789452925,2.096938560844073,21.016302204337723,20.205288877603866,0.9294778270895281,1.0484692804220366,False,,,,,,,,,,,False
triple-slotted,LE flap,triple-slotted + LE flap,6,0.36,0.434313268661499,0.64,0.36,0.15,0.15,0.64,0.2934857142857143,0.4412655454604033,0.8051,0.5595275598137478,0.18677759617863834,2.3358341834158054,2.11194263661809,21.046880345971694,20.238233232929367,0.9380860174360663,1.055971318309045,False,,,,,,,,,,,False
triple-slotted,LE flap,triple-slotted + LE flap,6,0.37,0.434313268661499,0.63,0.36,0.15,0.15,0.64,0.30464285714285716,0.4580406813153768,0.8051,0.5807985403537856,0.18677759617863834,2.3571051639558434,2.1268323229961164,21.076290703327473,20.270434405254303,0.946628579901945,1.0634161614980582,False,,,,,,,,,,,False
triple-slotted,LE flap,triple-slotted + LE flap,6,0.38,0.434313268661499,0.62,0.36,0.15,0.15,0.64,0.3157142857142858,0.4746869428872135,0.8051,0.6019061074709806,0.18677759617863834,2.3782127310730385,2.141607619978153,21.104561873645693,20.30190638031619,0.955105514487164,1.0708038099890764,False,,,,,,,,,,,False
triple-slotted,LE flap,triple-slotted + LE flap,6,0.39,0.434313268661499,0.61,0.36,0.15,0.15,0.64,0.32670000000000005,0.49120433017591336,0.8051,0.6228502611653328,0.18677759617863834,2.3991568847673905,2.1562685275641993,21.13172188861311,20.33266291376478,0.963516821191723,1.0781342637820996,False,,,,,,,,,,,False
triple-slotted,LE flap,triple-slotted + LE flap,6,0.4,0.434313268661499,0.6,0.36,0.15,0.15,0.64,0.33760000000000007,0.5075928431814765,0.8051,0.6436310014368423,0.18677759617863834,2.4199376250389,2.1708150457542557,21.15779822711957,20.362717535214962,0.9718625000156225,1.0854075228771278,False,,,,,,,,,,,False
triple-slotted,LE flap,triple-slotted + LE flap,6,0.41,0.434313268661499,0.5900000000000001,0.36,0.15,0.15,0.64,0.3484142857142858,0.5238524819039028,0.8051,0.664248328285509,0.18677759617863834,2.4405549518875667,2.1852471745483224,21.182817827657388,20.392083552207477,0.980142550958862,1.0926235872741612,False,,,,,,,,,,,False
triple-slotted,LE flap,triple-slotted + LE flap,6,0.42,0.434313268661499,0.5800000000000001,0.36,0.15,0.15,0.64,0.3591428571428572,0.5399832463431922,0.8051,0.6847022417113328,0.18677759617863834,2.4610088653133904,2.199564913946399,21.206807100374608,20.420774054079764,0.9883569740214418,1.0997824569731995,False,,,,,,,,,,,False
triple-slotted,LE flap,triple-slotted + LE flap,6,0.43,0.434313268661499,0.5700000000000001,0.36,0.15,0.15,0.64,0.36978571428571433,0.5559851364993449,0.8051,0.7049927417143137,0.18677759617863834,2.4812993653163717,2.213768263948486,21.229791938793085,20.4488019157493,0.9965057692033621,1.106884131974243,False,,,,,,,,,,,False
triple-slotted,LE flap,triple-slotted + LE flap,6,0.434313268661499,0.434313268661499,0.565686731338501,0.36,0.15,0.15,0.64,0.37434980580124055,0.5628474000920771,0.8051,0.7136941362427128,0.18677759617863834,2.4900007598447704,2.219859240118365,21.239402232567834,20.460689714109762,1.0000003051585422,1.1099296200591826,True,9.172734567981665e-07,9.172734580446587e-07,0.6250000000000001,0.0,0.8626624013614146,0.25,9.172734574214126e-07,0.4313312006807073,0.5281656003403536,0.2593888392046037,False
triple-slotted,LE flap,triple-slotted + LE flap,6,0.44,0.434313268661499,0.56,0.36,0.15,0.15,0.64,0.38034285714285715,0.5718581523723607,0.8051,0.7251198282944519,0.18677759617863834,2.50142645189651,2.2278572245545827,21.25179773120206,20.47617980141155,1.0045889365046223,1.1139286122772913,True,0.01778242336771349,0.01778242336771433,0.6250000000000001,0.0,0.8448808825009079,0.25,0.01778242336771391,0.42244044125045394,0.523720220625227,0.2638342146643136,False
triple-slotted,LE flap,triple-slotted + LE flap,6,0.45,0.434313268661499,0.55,0.36,0.15,0.15,0.64,0.3908142857142857,0.5876022939622397,0.8051,0.7450835014517474,0.18677759617863834,2.5213901250538053,2.2418317957646896,21.272849371737447,20.50292016815476,1.012606475925223,1.1209158978823448,True,0.048851366439407164,0.04885136643940829,0.6250000000000001,0.0,0.8138119171232344,0.25,0.048851366439407726,0.4069059585616172,0.5159529792808086,0.27160144857340546,False
triple-slotted,LE flap,triple-slotted + LE flap,6,0.46,0.434313268661499,0.54,0.36,0.15,0.15,0.64,0.4012000000000001,0.6032175612689822,0.8051,0.7648837611862002,0.18677759617863834,2.541190384788258,2.2556919775788065,21.292971271156595,20.529035269493555,1.0205583874651638,1.1278459887894032,True,0.07966599346958665,0.07966599346958746,0.6250000000000001,0.0,0.7829972679696617,0.25,0.07966599346958705,0.39149863398483087,0.5082493169924155,0.27930510348733417,False
triple-slotted,LE flap,triple-slotted + LE flap,6,0.47000000000000003,0.434313268661499,0.53,0.36,0.15,0.15,0.64,0.41150000000000003,0.6187039542925875,0.8051,0.7845206074978097,0.18677759617863834,2.5608272310998674,2.2694377699969333,21.312187367318174,20.55453715882343,1.0284446711244446,1.1347188849984666,True,0.11022630445825021,0.11022630445825185,0.6250000000000001,0.0,0.7524369350401905,0.25,0.11022630445825103,0.37621846752009525,0.5006092337600476,0.28694517940609954,False
triple-slotted,LE flap,triple-slotted + LE flap,6,0.48,0.434313268661499,0.52,0.36,0.15,0.15,0.64,0.4217142857142858,0.6340614730330563,0.8051,0.803994040386577,0.18677759617863834,2.580300663988635,2.2830691730190704,21.33052113537619,20.579437692798116,1.0362653269030662,1.1415345865095352,True,0.1405322994054013,0.14053229940540243,0.6250000000000001,0.0,0.7221309183348198,0.25,0.14053229940540185,0.3610654591674099,0.49303272958370503,0.2945216763297023,False
triple-slotted,LE flap,triple-slotted + LE flap,6,0.49,0.434313268661499,0.51,0.36,0.15,0.15,0.64,0.4318428571428572,0.6492901174903881,0.8051,0.8233040598525011,0.18677759617863834,2.599610683454559,2.296586186645217,21.347995597697036,20.60374853463165,1.0440203548010276,1.1482930933226085,True,0.17058397831103647,0.17058397831103728,0.6250000000000001,0.0,0.6920792178535505,0.25,0.1705839783110369,0.34603960892677527,0.4855198044633877,0.3020345942581415,False
triple-slotted,LE flap,triple-slotted + LE flap,6,0.5,0.434313268661499,0.5,0.36,0.15,0.15,0.64,0.4418857142857143,0.6643898876645832,0.8051,0.8424506658955825,0.18677759617863834,2.6187572894976405,2.309988810875374,21.364633333508102,20.62748115732707,1.0517097548183294,1.154994405437687,True,0.20038134117515746,0.2003813411751583,0.6250000000000001,0.0,0.6622818335963822,0.25,0.20038134117515788,0.3311409167981911,0.47807045839909557,0.3094839331914178,False
triple-slotted,LE flap,triple-slotted + LE flap,6,0.51,0.434313268661499,0.49,0.36,0.15,0.15,0.64,0.45184285714285716,0.6793607835556413,0.8051,0.861433858515821,0.18677759617863834,2.637740482117879,2.323277045709541,21.38045648828613,20.650646846833446,1.0593335269549713,1.1616385228547705,True,0.22992438799776338,0.22992438799776455,0.6250000000000001,0.0,0.6327387655633148,0.25,0.22992438799776396,0.3163693827816574,0.47068469139082875,0.3168696931295309,False
triple-slotted,LE flap,triple-slotted + LE flap,6,0.52,0.434313268661499,0.48,0.36,0.15,0.15,0.64,0.46171428571428574,0.6942028051635628,0.8051,0.8802536377132169,0.18677759617863834,2.656560261315275,2.3364508911477184,21.395486782893215,20.6732567051331,1.0668916712109537,1.1682254455738592,True,0.25921311877885594,0.259213118778857,0.6250000000000001,0.0,0.6034500137543484,0.25,0.25921311877885644,0.3017250068771742,0.46336250343858715,0.3241918740724812,False
triple-slotted,LE flap,triple-slotted + LE flap,6,0.53,0.434313268661499,0.47,0.36,0.15,0.15,0.64,0.47150000000000014,0.7089159524883477,0.8051,0.8989100034877702,0.18677759617863834,2.675216627089828,2.3495103471899057,21.409745522468164,20.69532165326057,1.074384187586276,1.1747551735949529,True,0.28824753351843263,0.2882475335184347,0.6250000000000001,0.0,0.5744155781694826,0.25,0.2882475335184337,0.2872077890847413,0.4561038945423707,0.3314504760202681,False
triple-slotted,LE flap,triple-slotted + LE flap,6,0.54,0.434313268661499,0.45999999999999996,0.36,0.15,0.15,0.64,0.4812000000000001,0.7235002255299955,0.8051,0.9174029558394804,0.18677759617863834,2.6937095794415384,2.3624554138361025,21.423253605080525,20.71685243425509,1.081811076080939,1.1812277069180512,True,0.31702763221649594,0.31702763221649655,0.6250000000000001,0.0,0.5456354588087183,0.25,0.3170276322164962,0.27281772940435917,0.4489088647021796,0.3386454989728919,False
triple-slotted,LE flap,triple-slotted + LE flap,6,0.55,0.434313268661499,0.44999999999999996,0.36,0.15,0.15,0.64,0.49081428571428587,0.7379556242885067,0.8051,0.9357324947683477,0.18677759617863834,2.712039118370406,2.3752860910863096,21.436031530154416,20.737859616048155,1.089172336694942,1.1876430455431548,True,0.34555341487304425,0.3455534148730447,0.6250000000000001,0.0,0.5171096556720549,0.25,0.3455534148730445,0.25855482783602746,0.4417774139180138,0.3457769429303527,False
triple-slotted,LE flap,triple-slotted + LE flap,6,0.56,0.434313268661499,0.43999999999999995,0.36,0.15,0.15,0.64,0.5003428571428573,0.7522821487638809,0.8051,0.9538986202743724,0.18677759617863834,2.7302052438764304,2.388002378940527,21.448099406669115,20.75835359428759,1.0964679694282853,1.1940011894702636,True,0.3738248814880783,0.37382488148807896,0.6250000000000001,0.0,0.4888381687594925,0.25,0.37382488148807863,0.24441908437974624,0.4347095421898732,0.35284480789265055,False
triple-slotted,LE flap,triple-slotted + LE flap,6,0.5700000000000001,0.434313268661499,0.42999999999999994,0.36,0.15,0.15,0.64,0.5097857142857144,0.7664797989561183,0.8051,0.9719013323575542,0.18677759617863834,2.7482079559596118,2.400604277398754,21.459476961142858,20.778344595099817,1.1036979742809685,1.200302138699377,True,0.40184203206159647,0.4018420320615975,0.6250000000000001,0.0,0.4608209980710314,0.25,0.40184203206159697,0.2304104990355157,0.4277052495177579,0.3598490938597849,False
triple-slotted,LE flap,triple-slotted + LE flap,6,0.5800000000000001,0.434313268661499,0.41999999999999993,0.36,0.15,0.15,0.64,0.5191428571428572,0.780548574865219,0.8051,0.9897406310178932,0.18677759617863834,2.7660472546199513,2.4130917864609915,21.470183545406492,20.797842677791742,1.1108623512529925,1.2065458932304958,True,0.42960486659360214,0.42960486659360225,0.6250000000000001,0.0,0.43305814360667105,0.25,0.4296048665936022,0.21652907180333553,0.42076453590166785,0.36678980083175666,False
triple-slotted,LE flap,triple-slotted + LE flap,6,0.5900000000000001,0.434313268661499,0.4099999999999999,0.36,0.15,0.15,0.64,0.5284142857142858,0.7944884764911829,0.8051,1.0074165162553894,0.18677759617863834,2.7837231398574476,2.425464906127239,21.480238144172947,20.816857737493578,1.1179611003443564,1.2127324530636194,True,0.45711338508409194,0.4571133850840922,0.6250000000000001,0.0,0.4055496053664117,0.25,0.45711338508409205,0.20277480268320586,0.41388740134160296,0.37366692880856495,False
triple-slotted,LE flap,triple-slotted + LE flap,6,0.6,0.434313268661499,0.4,0.36,0.15,0.15,0.64,0.5376000000000001,0.8082995038340098,0.8051,1.0249289880700427,0.18677759617863834,2.8012356116721007,2.437723636397496,21.48965938240864,20.83539950774408,1.1249942215550603,1.218861818198748,True,0.48436758753306663,0.4843675875330674,0.6250000000000001,0.0,0.3782953833502535,0.25,0.484367587533067,0.18914769167512674,0.40707384583756345,0.38048047779021016,False
triple-slotted,LE flap,triple-slotted + LE flap,6,0.61,0.434313268661499,0.39,0.36,0.15,0.15,0.64,0.5467000000000001,0.8219816568937002,0.8051,1.0422780464618533,0.18677759617863834,2.8185846700639114,2.4498679772717638,21.49846553251259,20.853477563019545,1.1319617148851049,1.2249339886358819,True,0.5113674739405281,0.5113674739405288,0.6250000000000001,0.0,0.35129547755819623,0.25,0.5113674739405285,0.17564773877909812,0.4003238693895491,0.3872304477766925,False
triple-slotted,LE flap,triple-slotted + LE flap,6,0.62,0.434313268661499,0.38,0.36,0.15,0.15,0.64,0.5557142857142858,0.8355349356702537,0.8051,1.0594636914308213,0.18677759617863834,2.835770315032879,2.4618979287500413,21.50667452130868,20.871101321207853,1.1388635803344895,1.2309489643750207,True,0.5381130443064743,0.5381130443064754,0.6250000000000001,0.0,0.32454988799023976,0.25,0.5381130443064749,0.16227494399511988,0.39363747199756,0.3939168387680116,False
triple-slotted,LE flap,triple-slotted + LE flap,6,0.63,0.434313268661499,0.37,0.36,0.15,0.15,0.64,0.5646428571428571,0.8489593401636701,0.8051,1.076485922976946,0.18677759617863834,2.852792546579004,2.4738134908323284,21.514303936856606,20.88828004602881,1.1456998179032143,1.2369067454161642,True,0.5646042986309057,0.5646042986309062,0.6250000000000001,0.0,0.29805861464638495,0.25,0.5646042986309059,0.14902930732319247,0.38701465366159626,0.40053965076416737,False
triple-slotted,LE flap,triple-slotted + LE flap,6,0.64,0.434313268661499,0.36,0.36,0.15,0.15,0.64,0.5734857142857144,0.8622548703739502,0.8051,1.0933447411002284,0.18677759617863834,2.8696513647022863,2.4856146635186263,21.52137103508668,20.905022849402087,1.1524704275912796,1.2428073317593131,True,0.5908412369138235,0.5908412369138243,0.6250000000000001,0.0,0.27182165752663034,0.25,0.5908412369138238,0.13591082876331517,0.38045541438165764,0.40709888376516046,True
triple-slotted,LE flap,triple-slotted + LE flap,6,0.65,0.434313268661499,0.35,0.36,0.15,0.15,0.64,0.5822428571428573,0.8754215263010933,0.8051,1.110040145800668,0.18677759617863834,2.886346769402726,2.497301446808934,21.527892746263475,20.921338693763843,1.159175409398685,1.248650723404467,True,0.6168238591552264,0.6168238591552275,0.6250000000000001,0.0,0.24583901663097696,0.25,0.616823859155227,0.12291950831548848,0.3739597541577443,0.41359453777099037,True
triple-slotted,LE flap,triple-slotted + LE flap,6,0.66,0.434313268661499,0.33999999999999997,0.36,0.15,0.15,0.64,0.5909142857142858,0.8884593079450995,0.8051,1.1265721370782644,0.18677759617863834,2.9028787606803226,2.5088738407032514,21.533885681283163,20.93723639433339,1.1658147633254305,1.2544369203516257,True,0.6425521653551143,0.642552165355115,0.6250000000000001,0.0,0.2201106919594248,0.25,0.6425521653551146,0.1100553459797124,0.3675276729898562,0.4200266127816569,True
triple-slotted,LE flap,triple-slotted + LE flap,6,0.67,0.434313268661499,0.32999999999999996,0.36,0.15,0.15,0.64,0.5995000000000001,0.9013682153059691,0.8051,1.1429407149330184,0.18677759617863834,2.9192473385350763,2.5203318452015795,21.53936613780938,20.952724621330855,1.1723884893715164,1.2601659226007897,True,0.6680261555134879,0.6680261555134897,0.6250000000000001,0.0,0.1946366835119735,0.25,0.6680261555134888,0.09731834175598675,0.36115917087799343,0.4263951087971607,True
triple-slotted,LE flap,triple-slotted + LE flap,6,0.68,0.434313268661499,0.31999999999999995,0.36,0.15,0.15,0.64,0.6080000000000001,0.9141482483837017,0.8051,1.1591458793649292,0.18677759617863834,2.935452502966987,2.5316754603039167,21.544350106252,20.96781190214695,1.1788965875369424,1.2658377301519583,True,0.6932458296303464,0.6932458296303475,0.6250000000000001,0.0,0.16941699128862342,0.25,0.693245829630347,0.08470849564431171,0.3548542478221559,0.43270002581750094,True
triple-slotted,LE flap,triple-slotted + LE flap,6,0.6900000000000001,0.434313268661499,0.30999999999999994,0.36,0.15,0.15,0.64,0.6164142857142858,0.9267994071782976,0.8051,1.1751876303739974,0.18677759617863834,2.9514942539760556,2.5429046860102646,21.548853275593334,20.98250662346618,1.185339057821709,1.2714523430051323,True,0.7182111877056917,0.7182111877056927,0.6250000000000001,0.0,0.14445161528937422,0.25,0.7182111877056923,0.07222580764468711,0.3486129038223436,0.43894136384267857,True
triple-slotted,LE flap,triple-slotted + LE flap,6,0.7,0.434313268661499,0.30000000000000004,0.36,0.15,0.15,0.64,0.6247428571428572,0.9393216916897564,0.8051,1.1910659679602227,0.18677759617863834,2.9673725915622806,2.554019522320622,21.55289103906587,20.99681703334413,1.1917159002258153,1.277009761160311,True,0.7429222297395209,0.742922229739522,0.6250000000000001,0.0,0.11974055551422624,0.25,0.7429222297395215,0.05987027775711312,0.3424351388785566,0.4451191228726927,True
triple-slotted,LE flap,triple-slotted + LE flap,6,0.71,0.434313268661499,0.29000000000000004,0.36,0.15,0.15,0.64,0.6329857142857144,0.9517151019180788,0.8051,1.2067808921236054,0.18677759617863834,2.9830875157256633,2.56501996923499,21.556478499685888,21.010751243240215,1.1980271147492623,1.282509984617495,True,0.767378955731837,0.7673789557318376,0.6250000000000001,0.0,0.09528381196317881,0.25,0.7673789557318373,0.047641905981589405,0.3363209529907948,0.451233302907544,True
triple-slotted,LE flap,triple-slotted + LE flap,6,0.72,0.434313268661499,0.28,0.36,0.15,0.15,0.64,0.6411428571428572,0.9639796378632643,0.8051,1.2223324028641454,0.18677759617863834,2.9986390264662033,2.575906026753368,21.55963047564666,21.02431723000666,1.2042727013920493,1.287953013376684,True,0.7915813656826379,0.7915813656826393,0.6250000000000001,0.0,0.07108138463623259,0.25,0.7915813656826386,0.035540692318116296,0.3302703461590582,0.45728390394723223,True
triple-slotted,LE flap,triple-slotted + LE flap,6,0.73,0.434313268661499,0.27,0.36,0.15,0.15,0.64,0.6492142857142857,0.976115299525313,0.8051,1.2377205001818423,0.18677759617863834,3.0140271237839,2.586677694875756,21.56236150557531,21.03752283783475,1.2104526601541765,1.293338847437878,True,0.8155294595919237,0.8155294595919252,0.6250000000000001,0.0,0.04713327353338759,0.25,0.8155294595919245,0.023566636766693794,0.32428331838334695,0.46327092599175707,True
triple-slotted,LE flap,triple-slotted + LE flap,6,0.74,0.434313268661499,0.26,0.36,0.15,0.15,0.64,0.6572,0.9881220869042248,0.8051,1.2529451840766963,0.18677759617863834,3.0292518076787545,2.5973349736021536,21.564685853656904,21.050375780159325,1.2165669910356443,1.2986674868010768,True,0.8392232374596963,0.8392232374596964,0.6250000000000001,0.0,0.023439478654643575,0.25,0.8392232374596964,0.011719739327321788,0.3183598696636609,0.46919436904111905,True
triple-slotted,LE flap,triple-slotted + LE flap,6,0.75,0.434313268661499,0.25,0.36,0.15,0.15,0.64,0.6651000000000001,1.0,0.8051,1.2680064545487082,0.18677759617863834,3.044313078150766,2.607877862932562,21.56661751462941,21.062883641522333,1.222615694036452,1.303938931466281,True,0.8626626992859537,0.8626626992859548,0.6250000000000001,0.0,0.0,0.25,0.8626626992859543,0.0,0.31250000000000006,0.4750542330953181,True
triple-slotted,Krueger,triple-slotted + Krueger,7,0.13,0.434313268661499,0.87,0.36,0.15,0.15,0.64,0.013214285714285729,0.019868118650256693,0.8051,0.025192902688265052,0.18677759617863834,1.8014995262903228,1.7379083766302519,19.982137980033727,19.26097303195518,0.7234937856587641,0.8689541883151259,False,,,,,,,,,,,False
triple-slotted,Krueger,triple-slotted + Krueger,7,0.13999999999999999,0.434313268661499,0.86,0.36,0.15,0.15,0.64,0.026342857142857133,0.03960736301737652,0.8051,0.050222391953687225,0.18677759617863834,1.826529015555745,1.7554290191160473,20.046976021317604,19.31432962019138,0.7335457893798172,0.8777145095580237,False,,,,,,,,,,,False
triple-slotted,Krueger,triple-slotted + Krueger,7,0.15,0.434313268661499,0.85,0.36,0.15,0.15,0.64,0.03938571428571429,0.05921773310135962,0.8051,0.07508846779626668,0.18677759617863834,1.8513950913983246,1.7728352722058531,20.109842810403148,19.36656758048971,0.7435321652202106,0.8864176361029266,False,,,,,,,,,,,False
triple-slotted,Krueger,triple-slotted + Krueger,7,0.16,0.434313268661499,0.84,0.36,0.15,0.15,0.64,0.05234285714285716,0.07869922890220592,0.8051,0.09979113021600333,0.18677759617863834,1.8760977538180612,1.7901271358996687,20.170783516285976,19.41770720739186,0.7534529131799442,0.8950635679498343,False,,,,,,,,,,,False
triple-slotted,Krueger,triple-slotted + Krueger,7,0.16999999999999998,0.434313268661499,0.8300000000000001,0.36,0.15,0.15,0.64,0.06521428571428571,0.09805185041991535,0.8051,0.12433037921289712,0.18677759617863834,1.900637002814955,1.8073046101974943,20.22984234144254,19.467768447079195,0.7633080332590181,0.9036523050987472,False,,,,,,,,,,,False
triple-slotted,Krueger,triple-slotted + Krueger,7,0.18,0.434313268661499,0.8200000000000001,0.36,0.15,0.15,0.64,0.078,0.11727559765448803,0.8051,0.14870621478694815,0.18677759617863834,1.925012838389006,1.82436769509933,20.28706254647565,19.516770904220728,0.773097525457432,0.912183847549665,False,,,,,,,,,,,False
triple-slotted,Krueger,triple-slotted + Krueger,7,0.19,0.434313268661499,0.81,0.36,0.15,0.15,0.64,0.09070000000000003,0.13637047060592394,0.8051,0.17291863693815643,0.18677759617863834,1.9492252605402143,1.8413163906051757,20.34248647399712,19.564733848654107,0.7828213897751863,0.9206581953025879,False,,,,,,,,,,,False
triple-slotted,Krueger,triple-slotted + Krueger,7,0.2,0.434313268661499,0.8,0.36,0.15,0.15,0.64,0.10331428571428575,0.155336469274223,0.8051,0.19696764566652186,0.18677759617863834,1.9732742692685799,1.8581506967150316,20.396155571774802,19.61167622190409,0.792479626212281,0.9290753483575158,False,,,,,,,,,,,False
triple-slotted,Krueger,triple-slotted + Krueger,7,0.21,0.434313268661499,0.79,0.36,0.15,0.15,0.64,0.11584285714285718,0.17417359365938528,0.8051,0.22085324097204448,0.18677759617863834,1.9971598645741024,1.8748706134288975,20.448110415170113,19.657616643543275,0.8020722347687158,0.9374353067144487,False,,,,,,,,,,,False
triple-slotted,Krueger,triple-slotted + Krueger,7,0.22,0.434313268661499,0.78,0.36,0.15,0.15,0.64,0.1282857142857143,0.19288184376141074,0.8051,0.24457542285472428,0.18677759617863834,2.0208820464567823,1.8914761407467733,20.49839072889104,19.702573417399172,0.8115992154444908,0.9457380703733866,False,,,,,,,,,,,False
triple-slotted,Krueger,triple-slotted + Krueger,7,0.22999999999999998,0.434313268661499,0.77,0.36,0.15,0.15,0.64,0.14064285714285715,0.2114612195802994,0.8051,0.2681341913145613,0.18677759617863834,2.0444408149166193,1.9079672786686592,20.54703540808482,19.746564537612095,0.821060568239606,0.9539836393343296,False,,,,,,,,,,,False
triple-slotted,Krueger,triple-slotted + Krueger,7,0.24,0.434313268661499,0.76,0.36,0.15,0.15,0.64,0.15291428571428572,0.22991172111605127,0.8051,0.2915295463515555,0.18677759617863834,2.067836169953613,1.924344027194555,20.594082538793252,19.78960769454773,0.8304562931540614,0.9621720135972776,False,,,,,,,,,,,False
triple-slotted,Krueger,triple-slotted + Krueger,7,0.25,0.434313268661499,0.75,0.36,0.15,0.15,0.64,0.1651,0.2482333483686663,0.8051,0.31476148796570685,0.18677759617863834,2.0910681115677647,1.9406063863244611,20.63956941779292,19.83172028056852,0.8397863901878573,0.9703031931622306,False,,,,,,,,,,,False
triple-slotted,Krueger,triple-slotted + Krueger,7,0.26,0.434313268661499,0.74,0.36,0.15,0.15,0.64,0.17720000000000002,0.26642610133814465,0.8051,0.3378300161570156,0.18677759617863834,2.1141366397590735,1.956754356058377,20.68353257184143,19.872919395667633,0.8490508593409933,0.9783771780291886,False,,,,,,,,,,,False
triple-slotted,Krueger,triple-slotted + Krueger,7,0.27,0.434313268661499,0.73,0.36,0.15,0.15,0.64,0.18921428571428578,0.28448998002448617,0.8051,0.36073513092548143,0.18677759617863834,2.137041754527539,1.9727879363963035,20.72600777635038,19.913221852969215,0.8582497006134694,0.9863939681981517,False,,,,,,,,,,,False
triple-slotted,Krueger,triple-slotted + Krueger,7,0.28,0.434313268661499,0.72,0.36,0.15,0.15,0.64,0.2011428571428572,0.30242498442769083,0.8051,0.38347683227110446,0.18677759617863834,2.1597834558731623,1.9887071273382395,20.767030073504493,19.952644184098528,0.867382914005286,0.9943535636691198,False,,,,,,,,,,,False
triple-slotted,Krueger,triple-slotted + Krueger,7,0.29000000000000004,0.434313268661499,0.71,0.36,0.15,0.15,0.64,0.21298571428571436,0.3202311145477587,0.8051,0.40605512019388473,0.18677759617863834,2.1823617437959424,2.0045119288841855,20.806633789845808,19.991202644425545,0.8764504995164426,1.0022559644420928,False,,,,,,,,,,,False
triple-slotted,Krueger,triple-slotted + Krueger,7,0.3,0.434313268661499,0.7,0.36,0.15,0.15,0.64,0.2247428571428572,0.33790837038468974,0.8051,0.4284699946938221,0.18677759617863834,2.20477661829588,2.0202023410341416,20.844852553341237,20.02891321818529,0.8854524571469398,1.0101011705170708,False,,,,,,,,,,,False
triple-slotted,Krueger,triple-slotted + Krueger,7,0.31,0.434313268661499,0.69,0.36,0.15,0.15,0.64,0.23641428571428574,0.355456751938484,0.8051,0.45072145577091666,0.18677759617863834,2.2270280793729746,2.035778363788108,20.881719309950633,20.065791623478212,0.8943887868967769,1.017889181894054,False,,,,,,,,,,,False
triple-slotted,Krueger,triple-slotted + Krueger,7,0.32,0.434313268661499,0.6799999999999999,0.36,0.15,0.15,0.64,0.24800000000000008,0.3728762592091415,0.8051,0.47280950342516864,0.18677759617863834,2.2491161270272264,2.0512399971460846,20.917266339712487,20.101853317153783,0.9032594887659543,1.0256199985730423,False,,,,,,,,,,,False
triple-slotted,Krueger,triple-slotted + Krueger,7,0.32999999999999996,0.434313268661499,0.67,0.36,0.15,0.15,0.64,0.2595,0.39016689219666206,0.8051,0.4947341376565774,0.18677759617863834,2.2710407612586354,2.0665872411080706,20.951525272363064,20.137113499580494,0.912064562754472,1.0332936205540353,False,,,,,,,,,,,False
triple-slotted,Krueger,triple-slotted + Krueger,7,0.33999999999999997,0.434313268661499,0.66,0.36,0.15,0.15,0.64,0.2709142857142857,0.407328650901046,0.8051,0.5164953584651437,0.18677759617863834,2.2928019820672016,2.081820095674067,20.984527102504632,20.171587119305066,0.9208040088623299,1.0409100478370334,False,,,,,,,,,,,False
triple-slotted,Krueger,triple-slotted + Krueger,7,0.35,0.434313268661499,0.65,0.36,0.15,0.15,0.64,0.28224285714285713,0.424361535322293,0.8051,0.5380931658508671,0.18677759617863834,2.314399789452925,2.096938560844073,21.016302204337723,20.205288877603866,0.9294778270895281,1.0484692804220366,False,,,,,,,,,,,False
triple-slotted,Krueger,triple-slotted + Krueger,7,0.36,0.434313268661499,0.64,0.36,0.15,0.15,0.64,0.2934857142857143,0.4412655454604033,0.8051,0.5595275598137478,0.18677759617863834,2.3358341834158054,2.11194263661809,21.046880345971694,20.238233232929367,0.9380860174360663,1.055971318309045,False,,,,,,,,,,,False
triple-slotted,Krueger,triple-slotted + Krueger,7,0.37,0.434313268661499,0.63,0.36,0.15,0.15,0.64,0.30464285714285716,0.4580406813153768,0.8051,0.5807985403537856,0.18677759617863834,2.3571051639558434,2.1268323229961164,21.076290703327473,20.270434405254303,0.946628579901945,1.0634161614980582,False,,,,,,,,,,,False
triple-slotted,Krueger,triple-slotted + Krueger,7,0.38,0.434313268661499,0.62,0.36,0.15,0.15,0.64,0.3157142857142858,0.4746869428872135,0.8051,0.6019061074709806,0.18677759617863834,2.3782127310730385,2.141607619978153,21.104561873645693,20.30190638031619,0.955105514487164,1.0708038099890764,False,,,,,,,,,,,False
triple-slotted,Krueger,triple-slotted + Krueger,7,0.39,0.434313268661499,0.61,0.36,0.15,0.15,0.64,0.32670000000000005,0.49120433017591336,0.8051,0.6228502611653328,0.18677759617863834,2.3991568847673905,2.1562685275641993,21.13172188861311,20.33266291376478,0.963516821191723,1.0781342637820996,False,,,,,,,,,,,False
triple-slotted,Krueger,triple-slotted + Krueger,7,0.4,0.434313268661499,0.6,0.36,0.15,0.15,0.64,0.33760000000000007,0.5075928431814765,0.8051,0.6436310014368423,0.18677759617863834,2.4199376250389,2.1708150457542557,21.15779822711957,20.362717535214962,0.9718625000156225,1.0854075228771278,False,,,,,,,,,,,False
triple-slotted,Krueger,triple-slotted + Krueger,7,0.41,0.434313268661499,0.5900000000000001,0.36,0.15,0.15,0.64,0.3484142857142858,0.5238524819039028,0.8051,0.664248328285509,0.18677759617863834,2.4405549518875667,2.1852471745483224,21.182817827657388,20.392083552207477,0.980142550958862,1.0926235872741612,False,,,,,,,,,,,False
triple-slotted,Krueger,triple-slotted + Krueger,7,0.42,0.434313268661499,0.5800000000000001,0.36,0.15,0.15,0.64,0.3591428571428572,0.5399832463431922,0.8051,0.6847022417113328,0.18677759617863834,2.4610088653133904,2.199564913946399,21.206807100374608,20.420774054079764,0.9883569740214418,1.0997824569731995,False,,,,,,,,,,,False
triple-slotted,Krueger,triple-slotted + Krueger,7,0.43,0.434313268661499,0.5700000000000001,0.36,0.15,0.15,0.64,0.36978571428571433,0.5559851364993449,0.8051,0.7049927417143137,0.18677759617863834,2.4812993653163717,2.213768263948486,21.229791938793085,20.4488019157493,0.9965057692033621,1.106884131974243,False,,,,,,,,,,,False
triple-slotted,Krueger,triple-slotted + Krueger,7,0.434313268661499,0.434313268661499,0.565686731338501,0.36,0.15,0.15,0.64,0.37434980580124055,0.5628474000920771,0.8051,0.7136941362427128,0.18677759617863834,2.4900007598447704,2.219859240118365,21.239402232567834,20.460689714109762,1.0000003051585422,1.1099296200591826,True,9.172734567981665e-07,9.172734580446587e-07,0.6250000000000001,0.0,0.8626624013614146,0.0,9.172734574214126e-07,0.4313312006807073,0.5281656003403536,0.17605550587127036,False
triple-slotted,Krueger,triple-slotted + Krueger,7,0.44,0.434313268661499,0.56,0.36,0.15,0.15,0.64,0.38034285714285715,0.5718581523723607,0.8051,0.7251198282944519,0.18677759617863834,2.50142645189651,2.2278572245545827,21.25179773120206,20.47617980141155,1.0045889365046223,1.1139286122772913,True,0.01778242336771349,0.01778242336771433,0.6250000000000001,0.0,0.8448808825009079,0.0,0.01778242336771391,0.42244044125045394,0.523720220625227,0.1805008813309803,False
triple-slotted,Krueger,triple-slotted + Krueger,7,0.45,0.434313268661499,0.55,0.36,0.15,0.15,0.64,0.3908142857142857,0.5876022939622397,0.8051,0.7450835014517474,0.18677759617863834,2.5213901250538053,2.2418317957646896,21.272849371737447,20.50292016815476,1.012606475925223,1.1209158978823448,True,0.048851366439407164,0.04885136643940829,0.6250000000000001,0.0,0.8138119171232344,0.0,0.048851366439407726,0.4069059585616172,0.5159529792808086,0.18826811524007211,False
triple-slotted,Krueger,triple-slotted + Krueger,7,0.46,0.434313268661499,0.54,0.36,0.15,0.15,0.64,0.4012000000000001,0.6032175612689822,0.8051,0.7648837611862002,0.18677759617863834,2.541190384788258,2.2556919775788065,21.292971271156595,20.529035269493555,1.0205583874651638,1.1278459887894032,True,0.07966599346958665,0.07966599346958746,0.6250000000000001,0.0,0.7829972679696617,0.0,0.07966599346958705,0.39149863398483087,0.5082493169924155,0.19597177015400086,False
triple-slotted,Krueger,triple-slotted + Krueger,7,0.47000000000000003,0.434313268661499,0.53,0.36,0.15,0.15,0.64,0.41150000000000003,0.6187039542925875,0.8051,0.7845206074978097,0.18677759617863834,2.5608272310998674,2.2694377699969333,21.312187367318174,20.55453715882343,1.0284446711244446,1.1347188849984666,True,0.11022630445825021,0.11022630445825185,0.6250000000000001,0.0,0.7524369350401905,0.0,0.11022630445825103,0.37621846752009525,0.5006092337600476,0.2036118460727662,False
triple-slotted,Krueger,triple-slotted + Krueger,7,0.48,0.434313268661499,0.52,0.36,0.15,0.15,0.64,0.4217142857142858,0.6340614730330563,0.8051,0.803994040386577,0.18677759617863834,2.580300663988635,2.2830691730190704,21.33052113537619,20.579437692798116,1.0362653269030662,1.1415345865095352,True,0.1405322994054013,0.14053229940540243,0.6250000000000001,0.0,0.7221309183348198,0.0,0.14053229940540185,0.3610654591674099,0.49303272958370503,0.21118834299636896,False
triple-slotted,Krueger,triple-slotted + Krueger,7,0.49,0.434313268661499,0.51,0.36,0.15,0.15,0.64,0.4318428571428572,0.6492901174903881,0.8051,0.8233040598525011,0.18677759617863834,2.599610683454559,2.296586186645217,21.347995597697036,20.60374853463165,1.0440203548010276,1.1482930933226085,True,0.17058397831103647,0.17058397831103728,0.6250000000000001,0.0,0.6920792178535505,0.0,0.1705839783110369,0.34603960892677527,0.4855198044633877,0.21870126092480818,False
triple-slotted,Krueger,triple-slotted + Krueger,7,0.5,0.434313268661499,0.5,0.36,0.15,0.15,0.64,0.4418857142857143,0.6643898876645832,0.8051,0.8424506658955825,0.18677759617863834,2.6187572894976405,2.309988810875374,21.364633333508102,20.62748115732707,1.0517097548183294,1.154994405437687,True,0.20038134117515746,0.2003813411751583,0.6250000000000001,0.0,0.6622818335963822,0.0,0.20038134117515788,0.3311409167981911,0.47807045839909557,0.22615059985808447,False
triple-slotted,Krueger,triple-slotted + Krueger,7,0.51,0.434313268661499,0.49,0.36,0.15,0.15,0.64,0.45184285714285716,0.6793607835556413,0.8051,0.861433858515821,0.18677759617863834,2.637740482117879,2.323277045709541,21.38045648828613,20.650646846833446,1.0593335269549713,1.1616385228547705,True,0.22992438799776338,0.22992438799776455,0.6250000000000001,0.0,0.6327387655633148,0.0,0.22992438799776396,0.3163693827816574,0.47068469139082875,0.23353635979619755,False
triple-slotted,Krueger,triple-slotted + Krueger,7,0.52,0.434313268661499,0.48,0.36,0.15,0.15,0.64,0.46171428571428574,0.6942028051635628,0.8051,0.8802536377132169,0.18677759617863834,2.656560261315275,2.3364508911477184,21.395486782893215,20.6732567051331,1.0668916712109537,1.1682254455738592,True,0.25921311877885594,0.259213118778857,0.6250000000000001,0.0,0.6034500137543484,0.0,0.25921311877885644,0.3017250068771742,0.46336250343858715,0.24085854073914784,False
triple-slotted,Krueger,triple-slotted + Krueger,7,0.53,0.434313268661499,0.47,0.36,0.15,0.15,0.64,0.47150000000000014,0.7089159524883477,0.8051,0.8989100034877702,0.18677759617863834,2.675216627089828,2.3495103471899057,21.409745522468164,20.69532165326057,1.074384187586276,1.1747551735949529,True,0.28824753351843263,0.2882475335184347,0.6250000000000001,0.0,0.5744155781694826,0.0,0.2882475335184337,0.2872077890847413,0.4561038945423707,0.24811714268693477,False
triple-slotted,Krueger,triple-slotted + Krueger,7,0.54,0.434313268661499,0.45999999999999996,0.36,0.15,0.15,0.64,0.4812000000000001,0.7235002255299955,0.8051,0.9174029558394804,0.18677759617863834,2.6937095794415384,2.3624554138361025,21.423253605080525,20.71685243425509,1.081811076080939,1.1812277069180512,True,0.31702763221649594,0.31702763221649655,0.6250000000000001,0.0,0.5456354588087183,0.0,0.3170276322164962,0.27281772940435917,0.4489088647021796,0.2553121656395586,False
triple-slotted,Krueger,triple-slotted + Krueger,7,0.55,0.434313268661499,0.44999999999999996,0.36,0.15,0.15,0.64,0.49081428571428587,0.7379556242885067,0.8051,0.9357324947683477,0.18677759617863834,2.712039118370406,2.3752860910863096,21.436031530154416,20.737859616048155,1.089172336694942,1.1876430455431548,True,0.34555341487304425,0.3455534148730447,0.6250000000000001,0.0,0.5171096556720549,0.0,0.3455534148730445,0.25855482783602746,0.4417774139180138,0.2624436095970194,False
triple-slotted,Krueger,triple-slotted + Krueger,7,0.56,0.434313268661499,0.43999999999999995,0.36,0.15,0.15,0.64,0.5003428571428573,0.7522821487638809,0.8051,0.9538986202743724,0.18677759617863834,2.7302052438764304,2.388002378940527,21.448099406669115,20.75835359428759,1.0964679694282853,1.1940011894702636,True,0.3738248814880783,0.37382488148807896,0.6250000000000001,0.0,0.4888381687594925,0.0,0.37382488148807863,0.24441908437974624,0.4347095421898732,0.26951147455931723,False
triple-slotted,Krueger,triple-slotted + Krueger,7,0.5700000000000001,0.434313268661499,0.42999999999999994,0.36,0.15,0.15,0.64,0.5097857142857144,0.7664797989561183,0.8051,0.9719013323575542,0.18677759617863834,2.7482079559596118,2.400604277398754,21.459476961142858,20.778344595099817,1.1036979742809685,1.200302138699377,True,0.40184203206159647,0.4018420320615975,0.6250000000000001,0.0,0.4608209980710314,0.0,0.40184203206159697,0.2304104990355157,0.4277052495177579,0.2765157605264516,False
triple-slotted,Krueger,triple-slotted + Krueger,7,0.5800000000000001,0.434313268661499,0.41999999999999993,0.36,0.15,0.15,0.64,0.5191428571428572,0.780548574865219,0.8051,0.9897406310178932,0.18677759617863834,2.7660472546199513,2.4130917864609915,21.470183545406492,20.797842677791742,1.1108623512529925,1.2065458932304958,True,0.42960486659360214,0.42960486659360225,0.6250000000000001,0.0,0.43305814360667105,0.0,0.4296048665936022,0.21652907180333553,0.42076453590166785,0.28345646749842335,False
triple-slotted,Krueger,triple-slotted + Krueger,7,0.5900000000000001,0.434313268661499,0.4099999999999999,0.36,0.15,0.15,0.64,0.5284142857142858,0.7944884764911829,0.8051,1.0074165162553894,0.18677759617863834,2.7837231398574476,2.425464906127239,21.480238144172947,20.816857737493578,1.1179611003443564,1.2127324530636194,True,0.45711338508409194,0.4571133850840922,0.6250000000000001,0.0,0.4055496053664117,0.0,0.45711338508409205,0.20277480268320586,0.41388740134160296,0.29033359547523163,False
triple-slotted,Krueger,triple-slotted + Krueger,7,0.6,0.434313268661499,0.4,0.36,0.15,0.15,0.64,0.5376000000000001,0.8082995038340098,0.8051,1.0249289880700427,0.18677759617863834,2.8012356116721007,2.437723636397496,21.48965938240864,20.83539950774408,1.1249942215550603,1.218861818198748,True,0.48436758753306663,0.4843675875330674,0.6250000000000001,0.0,0.3782953833502535,0.0,0.484367587533067,0.18914769167512674,0.40707384583756345,0.29714714445687684,False
triple-slotted,Krueger,triple-slotted + Krueger,7,0.61,0.434313268661499,0.39,0.36,0.15,0.15,0.64,0.5467000000000001,0.8219816568937002,0.8051,1.0422780464618533,0.18677759617863834,2.8185846700639114,2.4498679772717638,21.49846553251259,20.853477563019545,1.1319617148851049,1.2249339886358819,True,0.5113674739405281,0.5113674739405288,0.6250000000000001,0.0,0.35129547755819623,0.0,0.5113674739405285,0.17564773877909812,0.4003238693895491,0.3038971144433592,False
triple-slotted,Krueger,triple-slotted + Krueger,7,0.62,0.434313268661499,0.38,0.36,0.15,0.15,0.64,0.5557142857142858,0.8355349356702537,0.8051,1.0594636914308213,0.18677759617863834,2.835770315032879,2.4618979287500413,21.50667452130868,20.871101321207853,1.1388635803344895,1.2309489643750207,True,0.5381130443064743,0.5381130443064754,0.6250000000000001,0.0,0.32454988799023976,0.0,0.5381130443064749,0.16227494399511988,0.39363747199756,0.3105835054346783,False
triple-slotted,Krueger,triple-slotted + Krueger,7,0.63,0.434313268661499,0.37,0.36,0.15,0.15,0.64,0.5646428571428571,0.8489593401636701,0.8051,1.076485922976946,0.18677759617863834,2.852792546579004,2.4738134908323284,21.514303936856606,20.88828004602881,1.1456998179032143,1.2369067454161642,True,0.5646042986309057,0.5646042986309062,0.6250000000000001,0.0,0.29805861464638495,0.0,0.5646042986309059,0.14902930732319247,0.38701465366159626,0.31720631743083405,False
triple-slotted,Krueger,triple-slotted + Krueger,7,0.64,0.434313268661499,0.36,0.36,0.15,0.15,0.64,0.5734857142857144,0.8622548703739502,0.8051,1.0933447411002284,0.18677759617863834,2.8696513647022863,2.4856146635186263,21.52137103508668,20.905022849402087,1.1524704275912796,1.2428073317593131,True,0.5908412369138235,0.5908412369138243,0.6250000000000001,0.0,0.27182165752663034,0.0,0.5908412369138238,0.13591082876331517,0.38045541438165764,0.32376555043182714,False
triple-slotted,Krueger,triple-slotted + Krueger,7,0.65,0.434313268661499,0.35,0.36,0.15,0.15,0.64,0.5822428571428573,0.8754215263010933,0.8051,1.110040145800668,0.18677759617863834,2.886346769402726,2.497301446808934,21.527892746263475,20.921338693763843,1.159175409398685,1.248650723404467,True,0.6168238591552264,0.6168238591552275,0.6250000000000001,0.0,0.24583901663097696,0.0,0.616823859155227,0.12291950831548848,0.3739597541577443,0.33026120443765705,False
triple-slotted,Krueger,triple-slotted + Krueger,7,0.66,0.434313268661499,0.33999999999999997,0.36,0.15,0.15,0.64,0.5909142857142858,0.8884593079450995,0.8051,1.1265721370782644,0.18677759617863834,2.9028787606803226,2.5088738407032514,21.533885681283163,20.93723639433339,1.1658147633254305,1.2544369203516257,True,0.6425521653551143,0.642552165355115,0.6250000000000001,0.0,0.2201106919594248,0.0,0.6425521653551146,0.1100553459797124,0.3675276729898562,0.3366932794483236,False
triple-slotted,Krueger,triple-slotted + Krueger,7,0.67,0.434313268661499,0.32999999999999996,0.36,0.15,0.15,0.64,0.5995000000000001,0.9013682153059691,0.8051,1.1429407149330184,0.18677759617863834,2.9192473385350763,2.5203318452015795,21.53936613780938,20.952724621330855,1.1723884893715164,1.2601659226007897,True,0.6680261555134879,0.6680261555134897,0.6250000000000001,0.0,0.1946366835119735,0.0,0.6680261555134888,0.09731834175598675,0.36115917087799343,0.3430617754638274,False
triple-slotted,Krueger,triple-slotted + Krueger,7,0.68,0.434313268661499,0.31999999999999995,0.36,0.15,0.15,0.64,0.6080000000000001,0.9141482483837017,0.8051,1.1591458793649292,0.18677759617863834,2.935452502966987,2.5316754603039167,21.544350106252,20.96781190214695,1.1788965875369424,1.2658377301519583,True,0.6932458296303464,0.6932458296303475,0.6250000000000001,0.0,0.16941699128862342,0.0,0.693245829630347,0.08470849564431171,0.3548542478221559,0.34936669248416763,False
triple-slotted,Krueger,triple-slotted + Krueger,7,0.6900000000000001,0.434313268661499,0.30999999999999994,0.36,0.15,0.15,0.64,0.6164142857142858,0.9267994071782976,0.8051,1.1751876303739974,0.18677759617863834,2.9514942539760556,2.5429046860102646,21.548853275593334,20.98250662346618,1.185339057821709,1.2714523430051323,True,0.7182111877056917,0.7182111877056927,0.6250000000000001,0.0,0.14445161528937422,0.0,0.7182111877056923,0.07222580764468711,0.3486129038223436,0.35560803050934525,False
triple-slotted,Krueger,triple-slotted + Krueger,7,0.7,0.434313268661499,0.30000000000000004,0.36,0.15,0.15,0.64,0.6247428571428572,0.9393216916897564,0.8051,1.1910659679602227,0.18677759617863834,2.9673725915622806,2.554019522320622,21.55289103906587,20.99681703334413,1.1917159002258153,1.277009761160311,True,0.7429222297395209,0.742922229739522,0.6250000000000001,0.0,0.11974055551422624,0.0,0.7429222297395215,0.05987027775711312,0.3424351388785566,0.36178578953935936,False
triple-slotted,Krueger,triple-slotted + Krueger,7,0.71,0.434313268661499,0.29000000000000004,0.36,0.15,0.15,0.64,0.6329857142857144,0.9517151019180788,0.8051,1.2067808921236054,0.18677759617863834,2.9830875157256633,2.56501996923499,21.556478499685888,21.010751243240215,1.1980271147492623,1.282509984617495,True,0.767378955731837,0.7673789557318376,0.6250000000000001,0.0,0.09528381196317881,0.0,0.7673789557318373,0.047641905981589405,0.3363209529907948,0.3678999695742107,False
triple-slotted,Krueger,triple-slotted + Krueger,7,0.72,0.434313268661499,0.28,0.36,0.15,0.15,0.64,0.6411428571428572,0.9639796378632643,0.8051,1.2223324028641454,0.18677759617863834,2.9986390264662033,2.575906026753368,21.55963047564666,21.02431723000666,1.2042727013920493,1.287953013376684,True,0.7915813656826379,0.7915813656826393,0.6250000000000001,0.0,0.07108138463623259,0.0,0.7915813656826386,0.035540692318116296,0.3302703461590582,0.3739505706138989,False
triple-slotted,Krueger,triple-slotted + Krueger,7,0.73,0.434313268661499,0.27,0.36,0.15,0.15,0.64,0.6492142857142857,0.976115299525313,0.8051,1.2377205001818423,0.18677759617863834,3.0140271237839,2.586677694875756,21.56236150557531,21.03752283783475,1.2104526601541765,1.293338847437878,True,0.8155294595919237,0.8155294595919252,0.6250000000000001,0.0,0.04713327353338759,0.0,0.8155294595919245,0.023566636766693794,0.32428331838334695,0.37993759265842375,False
triple-slotted,Krueger,triple-slotted + Krueger,7,0.74,0.434313268661499,0.26,0.36,0.15,0.15,0.64,0.6572,0.9881220869042248,0.8051,1.2529451840766963,0.18677759617863834,3.0292518076787545,2.5973349736021536,21.564685853656904,21.050375780159325,1.2165669910356443,1.2986674868010768,True,0.8392232374596963,0.8392232374596964,0.6250000000000001,0.0,0.023439478654643575,0.0,0.8392232374596964,0.011719739327321788,0.3183598696636609,0.38586103570778574,False
triple-slotted,Krueger,triple-slotted + Krueger,7,0.75,0.434313268661499,0.25,0.36,0.15,0.15,0.64,0.6651000000000001,1.0,0.8051,1.2680064545487082,0.18677759617863834,3.044313078150766,2.607877862932562,21.56661751462941,21.062883641522333,1.222615694036452,1.303938931466281,True,0.8626626992859537,0.8626626992859548,0.6250000000000001,0.0,0.0,0.0,0.8626626992859543,0.0,0.31250000000000006,0.39172089976198476,False
triple-slotted,slat,triple-slotted + slat,7,0.13,0.39124505996704106,0.87,0.36,0.2,0.2,0.64,0.013214285714285729,0.019868118650256693,0.8051,0.025192902688265052,0.2750251100201494,1.889747040131834,1.7996816363193096,19.32487373187958,18.83148820753432,0.7589345542698127,0.8998408181596548,False,,,,,,,,,,,False
triple-slotted,slat,triple-slotted + slat,7,0.13999999999999999,0.39124505996704106,0.86,0.36,0.2,0.2,0.64,0.026342857142857133,0.03960736301737652,0.8051,0.050222391953687225,0.2750251100201494,1.914776529397256,1.8172022788051052,19.373886029724815,18.876720591207786,0.7689865579908658,0.9086011394025526,False,,,,,,,,,,,False
triple-slotted,slat,triple-slotted + slat,7,0.15,0.39124505996704106,0.85,0.36,0.2,0.2,0.64,0.03938571428571429,0.05921773310135962,0.8051,0.07508846779626668,0.2750251100201494,1.9396426052398357,1.8346085318949108,19.42123904074753,18.920962983327186,0.7789729338312592,0.9173042659474554,False,,,,,,,,,,,False
triple-slotted,slat,triple-slotted + slat,7,0.16,0.39124505996704106,0.84,0.36,0.2,0.2,0.64,0.05234285714285716,0.07869922890220592,0.8051,0.09979113021600333,0.2750251100201494,1.9643452676595723,1.8519003955887263,19.46697090615428,18.96423344066823,0.7888936817909928,0.9259501977943632,False,,,,,,,,,,,False
triple-slotted,slat,triple-slotted + slat,7,0.16999999999999998,0.39124505996704106,0.8300000000000001,0.36,0.2,0.2,0.64,0.06521428571428571,0.09805185041991535,0.8051,0.12433037921289712,0.2750251100201494,1.9888845166564662,1.869077869886552,19.511118990620965,19.00654971975789,0.7987488018700667,0.934538934943276,False,,,,,,,,,,,False
triple-slotted,slat,triple-slotted + slat,7,0.18,0.39124505996704106,0.8200000000000001,0.36,0.2,0.2,0.64,0.078,0.11727559765448803,0.8051,0.14870621478694815,0.2750251100201494,2.013260352230517,1.8861409547883876,19.553719901005117,19.047929282544974,0.8085382940684807,0.9430704773941938,False,,,,,,,,,,,False
triple-slotted,slat,triple-slotted + slat,7,0.19,0.39124505996704106,0.81,0.36,0.2,0.2,0.64,0.09070000000000003,0.13637047060592394,0.8051,0.17291863693815643,0.2750251100201494,2.037472774381725,1.9030896502942336,19.594809504508877,19.088389301937173,0.818262158386235,0.9515448251471168,False,,,,,,,,,,,False
triple-slotted,slat,triple-slotted + slat,7,0.2,0.39124505996704106,0.8,0.36,0.2,0.2,0.64,0.10331428571428575,0.155336469274223,0.8051,0.19696764566652186,0.2750251100201494,2.061521783110091,1.9199239564040893,19.63442294631109,19.127946667208146,0.8279203948233296,0.9599619782020447,False,,,,,,,,,,,False
triple-slotted,slat,triple-slotted + slat,7,0.21,0.39124505996704106,0.79,0.36,0.2,0.2,0.64,0.11584285714285718,0.17417359365938528,0.8051,0.22085324097204448,0.2750251100201494,2.0854073784156135,1.9366438731179552,19.672594666686525,19.166617989278137,0.8375130033797644,0.9683219365589776,False,,,,,,,,,,,False
triple-slotted,slat,triple-slotted + slat,7,0.22,0.39124505996704106,0.78,0.36,0.2,0.2,0.64,0.1282857142857143,0.19288184376141074,0.8051,0.24457542285472428,0.2750251100201494,2.1091295602982933,1.953249400435831,19.709358417629247,19.204419605871525,0.8470399840555394,0.9766247002179155,False,,,,,,,,,,,False
triple-slotted,slat,triple-slotted + slat,7,0.22999999999999998,0.39124505996704106,0.77,0.36,0.2,0.2,0.64,0.14064285714285715,0.2114612195802994,0.8051,0.2681341913145613,0.2750251100201494,2.13268832875813,1.969740538357717,19.744747278996748,19.241367586554443,0.8565013368506545,0.9848702691788584,False,,,,,,,,,,,False
triple-slotted,slat,triple-slotted + slat,7,0.24,0.39124505996704106,0.76,0.36,0.2,0.2,0.64,0.15291428571428572,0.22991172111605127,0.8051,0.2915295463515555,0.2750251100201494,2.1560836837951243,1.986117286883613,19.77879367419073,19.277477737655804,0.86589706176511,0.9930586434418065,False,,,,,,,,,,,False
triple-slotted,slat,triple-slotted + slat,7,0.25,0.39124505996704106,0.75,0.36,0.2,0.2,0.64,0.1651,0.2482333483686663,0.8051,0.31476148796570685,0.2750251100201494,2.179315625409276,2.002379646013519,19.81152938538976,19.312765607074688,0.8752271587989059,1.0011898230067595,False,,,,,,,,,,,False
triple-slotted,slat,triple-slotted + slat,7,0.26,0.39124505996704106,0.74,0.36,0.2,0.2,0.64,0.17720000000000002,0.26642610133814465,0.8051,0.3378300161570156,0.2750251100201494,2.2023841536005846,2.018527615747435,19.84298556834849,19.34724648897702,0.884491627952042,1.0092638078737175,False,,,,,,,,,,,False
triple-slotted,slat,triple-slotted + slat,7,0.27,0.39124505996704106,0.73,0.36,0.2,0.2,0.64,0.18921428571428578,0.28448998002448617,0.8051,0.36073513092548143,0.2750251100201494,2.2252892683690506,2.034561196085361,19.873192766777777,19.380935428384614,0.8936904692245182,1.0172805980426805,False,,,,,,,,,,,False
triple-slotted,slat,triple-slotted + slat,7,0.28,0.39124505996704106,0.72,0.36,0.2,0.2,0.64,0.2011428571428572,0.30242498442769083,0.8051,0.38347683227110446,0.2750251100201494,2.2480309697146734,2.050480387027297,19.902180926319087,19.413847225659172,0.9028236826163346,1.0252401935136486,False,,,,,,,,,,,False
triple-slotted,slat,triple-slotted + slat,7,0.29000000000000004,0.39124505996704106,0.71,0.36,0.2,0.2,0.64,0.21298571428571436,0.3202311145477587,0.8051,0.40605512019388473,0.2750251100201494,2.270609257637454,2.0662851885732434,19.929979408126478,19.445996440884045,0.9118912681274914,1.0331425942866217,False,,,,,,,,,,,False
triple-slotted,slat,triple-slotted + slat,7,0.3,0.39124505996704106,0.7,0.36,0.2,0.2,0.64,0.2247428571428572,0.33790837038468974,0.8051,0.4284699946938221,0.2750251100201494,2.2930241321373908,2.0819756007231995,19.956617002068715,19.47739739814643,0.9208932257579882,1.0409878003615998,False,,,,,,,,,,,False
triple-slotted,slat,triple-slotted + slat,7,0.31,0.39124505996704106,0.69,0.36,0.2,0.2,0.64,0.23641428571428574,0.355456751938484,0.8051,0.45072145577091666,0.2750251100201494,2.3152755932144853,2.0975516234771656,19.982121939563747,19.508064189722464,0.9298295555078253,1.0487758117385828,False,,,,,,,,,,,False
triple-slotted,slat,triple-slotted + slat,7,0.32,0.39124505996704106,0.6799999999999999,0.36,0.2,0.2,0.64,0.24800000000000008,0.3728762592091415,0.8051,0.47280950342516864,0.2750251100201494,2.3373636408687375,2.113013256835142,20.006521906057184,19.538010680167787,0.9387002573770029,1.056506628417571,False,,,,,,,,,,,False
triple-slotted,slat,triple-slotted + slat,7,0.32999999999999996,0.39124505996704106,0.67,0.36,0.2,0.2,0.64,0.2595,0.39016689219666206,0.8051,0.4947341376565774,0.2750251100201494,2.3592882751001465,2.128360500797128,20.029844053156197,19.567250510315876,0.9475053313655206,1.064180250398564,False,,,,,,,,,,,False
triple-slotted,slat,triple-slotted + slat,7,0.33999999999999997,0.39124505996704106,0.66,0.36,0.2,0.2,0.64,0.2709142857142857,0.407328650901046,0.8051,0.5164953584651437,0.2750251100201494,2.3810494959087127,2.143593355363125,20.05211501042957,19.59579710118662,0.9562447774733785,1.0717966776815624,False,,,,,,,,,,,False
triple-slotted,slat,triple-slotted + slat,7,0.35,0.39124505996704106,0.65,0.36,0.2,0.2,0.64,0.28224285714285713,0.424361535322293,0.8051,0.5380931658508671,0.2750251100201494,2.4026473032944358,2.158711820533131,20.073360896884562,19.62366365780721,0.9649185957005765,1.0793559102665655,False,,,,,,,,,,,False
triple-slotted,slat,triple-slotted + slat,7,0.36,0.39124505996704106,0.64,0.36,0.2,0.2,0.64,0.2934857142857143,0.4412655454604033,0.8051,0.5595275598137478,0.2750251100201494,2.424081697257317,2.1737158963071472,20.093607332130574,19.650863172947833,0.9735267860471152,1.0868579481535736,False,,,,,,,,,,,False
triple-slotted,slat,triple-slotted + slat,7,0.37,0.39124505996704106,0.63,0.36,0.2,0.2,0.64,0.30464285714285716,0.4580406813153768,0.8051,0.5807985403537856,0.2750251100201494,2.4453526777973544,2.188605582685174,20.112879447239372,19.677408430773948,0.9820693485129937,1.094302791342587,False,,,,,,,,,,,False
triple-slotted,slat,triple-slotted + slat,7,0.38,0.39124505996704106,0.62,0.36,0.2,0.2,0.64,0.3157142857142858,0.4746869428872135,0.8051,0.6019061074709806,0.2750251100201494,2.4664602449145496,2.2033808796672103,20.1312018953114,19.703312010417534,0.9905462830982126,1.1016904398336052,False,,,,,,,,,,,False
triple-slotted,slat,triple-slotted + slat,7,0.39,0.39124505996704106,0.61,0.36,0.2,0.2,0.64,0.32670000000000005,0.49120433017591336,0.8051,0.6228502611653328,0.2750251100201494,2.4874043986089016,2.218041787253257,20.148598861757055,19.728586289469114,0.9989575898027716,1.1090208936266286,False,,,,,,,,,,,False
triple-slotted,slat,triple-slotted + slat,7,0.39124505996704106,0.39124505996704106,0.6087549400329589,0.36,0.2,0.2,0.64,0.3280617869749386,0.4932518222446828,0.8051,0.6254464943241698,0.2750251100201494,2.490000631767739,2.219859150464443,20.15070128229938,19.731689641214995,1.0000002537219834,1.1099295752322216,True,7.179505182984688e-07,7.179505193381175e-07,0.0,0.0,1.0,0.0,7.179505188182931e-07,0.5,0.25,0.08333357265017294,False
triple-slotted,slat,triple-slotted + slat,7,0.4,0.39124505996704106,0.6,0.36,0.2,0.2,0.64,0.33760000000000007,0.5075928431814765,0.8051,0.6436310014368423,0.2750251100201494,2.5081851388804113,2.2325883054433135,20.165094074301862,19.753243447392663,1.0073032686266712,1.1162941527216568,True,0.028300791379839634,0.02830079137983982,0.0,0.0,0.9716999062526117,0.0,0.028300791379839728,0.48584995312630586,0.24292497656315293,0.09040858931433088,False
triple-slotted,slat,triple-slotted + slat,7,0.41,0.39124505996704106,0.5900000000000001,0.36,0.2,0.2,0.64,0.3484142857142858,0.5238524819039028,0.8051,0.664248328285509,0.2750251100201494,2.5288024657290777,2.2470204342373803,20.180710812723845,19.777295468865162,1.0155833195699107,1.1235102171186901,True,0.060386998617590955,0.06038699861759192,0.0,0.0,0.9396136759785342,0.0,0.060386998617591434,0.4698068379892671,0.23490341899463354,0.09843013920407498,False
triple-slotted,slat,triple-slotted + slat,7,0.42,0.39124505996704106,0.5800000000000001,0.36,0.2,0.2,0.64,0.3591428571428572,0.5399832463431922,0.8051,0.6847022417113328,0.2750251100201494,2.549256379154902,2.261338173635457,20.1954719183313,19.800754147042746,1.0237977426324907,1.1306690868177285,True,0.09221888981382895,0.09221888981382924,0.0,0.0,0.9077817619285578,0.0,0.09221888981382909,0.4538908809642789,0.22694544048213944,0.10638811009865617,False
triple-slotted,slat,triple-slotted + slat,7,0.43,0.39124505996704106,0.5700000000000001,0.36,0.2,0.2,0.64,0.36978571428571433,0.5559851364993449,0.8051,0.7049927417143137,0.2750251100201494,2.5695468791578824,2.2755415236375436,20.20939980318884,19.823631086755178,1.0319465378144106,1.1377707618187718,True,0.12379646496855101,0.12379646496855178,0.0,0.0,0.8762041641026823,0.0,0.1237964649685514,0.43810208205134116,0.21905104102567058,0.114282501998074,False
triple-slotted,slat,triple-slotted + slat,7,0.44,0.39124505996704106,0.56,0.36,0.2,0.2,0.64,0.38034285714285715,0.5718581523723607,0.8051,0.7251198282944519,0.2750251100201494,2.5896739657380206,2.2896304842436406,20.22251645909929,19.845937707630426,1.0400297051156708,1.1448152421218203,True,0.1551197240817589,0.1551197240817605,0.0,0.0,0.8448808825009079,0.0,0.1551197240817597,0.42244044125045394,0.21122022062522697,0.12211331490232888,False
triple-slotted,slat,triple-slotted + slat,7,0.45,0.39124505996704106,0.55,0.36,0.2,0.2,0.64,0.3908142857142857,0.5876022939622397,0.8051,0.7450835014517474,0.2750251100201494,2.6096376388953164,2.303605055453747,20.234843466348668,19.867685247151023,1.0480472445362716,1.1518025277268735,True,0.18618866715345342,0.18618866715345347,0.0,0.0,0.8138119171232344,0.0,0.18618866715345345,0.4069059585616172,0.2034529792808086,0.1298805488114207,False
triple-slotted,slat,triple-slotted + slat,7,0.46,0.39124505996704106,0.54,0.36,0.2,0.2,0.64,0.4012000000000001,0.6032175612689822,0.8051,0.7648837611862002,0.2750251100201494,2.629437898629769,2.3174652372678644,20.246402002221473,19.88888476364386,1.0559991560762123,1.1587326186339322,True,0.21700329418363204,0.21700329418363365,0.0,0.0,0.7829972679696617,0.0,0.21700329418363284,0.39149863398483087,0.19574931699241543,0.1375842037253494,False
triple-slotted,slat,triple-slotted + slat,7,0.47000000000000003,0.39124505996704106,0.53,0.36,0.2,0.2,0.64,0.41150000000000003,0.6187039542925875,0.8051,0.7845206074978097,0.2750251100201494,2.6490747449413785,2.331211029685991,20.257212849292983,19.90954713920498,1.0638854397354933,1.1656055148429956,True,0.24756360517229647,0.24756360517229803,0.0,0.0,0.7524369350401905,0.0,0.24756360517229725,0.37621846752009525,0.18810923376004762,0.14522427964411494,False
triple-slotted,slat,triple-slotted + slat,7,0.48,0.39124505996704106,0.52,0.36,0.2,0.2,0.64,0.4217142857142858,0.6340614730330563,0.8051,0.803994040386577,0.2750251100201494,2.6685481778301456,2.344842432708128,20.26729640350523,19.92968308256095,1.0717060955141147,1.172421216354064,True,0.2778696001194467,0.2778696001194476,0.0,0.0,0.7221309183348198,0.0,0.27786960011944717,0.3610654591674099,0.18053272958370495,0.15280077656771737,False
triple-slotted,slat,triple-slotted + slat,7,0.49,0.39124505996704106,0.51,0.36,0.2,0.2,0.64,0.4318428571428572,0.6492901174903881,0.8051,0.8233040598525011,0.2750251100201494,2.68785819729607,2.358359446334275,20.27667268203291,19.949303131868376,1.0794611234120761,1.1791797231671375,True,0.3079212790250819,0.3079212790250834,0.0,0.0,0.6920792178535505,0.0,0.30792127902508265,0.34603960892677527,0.17301980446338763,0.16031369449615673,False
triple-slotted,slat,triple-slotted + slat,7,0.5,0.39124505996704106,0.5,0.36,0.2,0.2,0.64,0.4418857142857143,0.6643898876645832,0.8051,0.8424506658955825,0.2750251100201494,2.707004803339151,2.371762070564432,20.285361330945527,19.968417657452854,1.087150523429378,1.185881035282216,True,0.33771864188920286,0.3377186418892045,0.0,0.0,0.6622818335963822,0.0,0.33771864188920364,0.3311409167981911,0.16557045839909554,0.16776303342943305,False
triple-slotted,slat,triple-slotted + slat,7,0.51,0.39124505996704106,0.49,0.36,0.2,0.2,0.64,0.45184285714285716,0.6793607835556413,0.8051,0.861433858515821,0.2750251100201494,2.7259879959593896,2.3850503053985985,20.293381632671636,19.98703686448902,1.0947742955660198,1.1925251526992993,True,0.36726168871180875,0.36726168871180975,0.0,0.0,0.6327387655633148,0.0,0.36726168871180925,0.3163693827816574,0.1581846913908287,0.17514879336754596,False
triple-slotted,slat,triple-slotted + slat,7,0.52,0.39124505996704106,0.48,0.36,0.2,0.2,0.64,0.46171428571428574,0.6942028051635628,0.8051,0.8802536377132169,0.2750251100201494,2.7448077751567856,2.398224150836776,20.300752513270872,20.00517079562294,1.1023324398220022,1.199112075418388,True,0.3965504194929014,0.3965504194929022,0.0,0.0,0.6034500137543484,0.0,0.3965504194929018,0.3017250068771742,0.1508625034385871,0.1824709743104963,False
triple-slotted,slat,triple-slotted + slat,7,0.53,0.39124505996704106,0.47,0.36,0.2,0.2,0.64,0.47150000000000014,0.7089159524883477,0.8051,0.8989100034877702,0.2750251100201494,2.7634641409313394,2.411283606878963,20.307492549519424,20.02282933353809,1.109824956197325,1.2056418034394816,True,0.4255848342324797,0.42558483423247984,0.0,0.0,0.5744155781694826,0.0,0.4255848342324798,0.2872077890847413,0.14360389454237066,0.18972957625828346,False
triple-slotted,slat,triple-slotted + slat,7,0.54,0.39124505996704106,0.45999999999999996,0.36,0.2,0.2,0.64,0.4812000000000001,0.7235002255299955,0.8051,0.9174029558394804,0.2750251100201494,2.781957093283049,2.4242286735251604,20.313619975814227,20.040022203466556,1.1172518446919875,1.2121143367625802,True,0.45436493293054137,0.45436493293054275,0.0,0.0,0.5456354588087183,0.0,0.45436493293054203,0.27281772940435917,0.13640886470217958,0.19692459921090721,False
triple-slotted,slat,triple-slotted + slat,7,0.55,0.39124505996704106,0.44999999999999996,0.36,0.2,0.2,0.64,0.49081428571428587,0.7379556242885067,0.8051,0.9357324947683477,0.2750251100201494,2.8002866322119164,2.4370593507753675,20.319152690901156,20.056758975646375,1.1246131053059905,1.2185296753876838,True,0.4828907155870896,0.48289071558709085,0.0,0.0,0.5171096556720549,0.0,0.48289071558709024,0.25855482783602746,0.12927741391801373,0.20405604316836798,False
triple-slotted,slat,triple-slotted + slat,7,0.56,0.39124505996704106,0.43999999999999995,0.36,0.2,0.2,0.64,0.5003428571428573,0.7522821487638809,0.8051,0.9538986202743724,0.2750251100201494,2.8184527577179415,2.4497756386295846,20.3241082644321,20.073049067726508,1.1319087380393338,1.2248878193147923,True,0.5111621822021237,0.5111621822021242,0.0,0.0,0.4888381687594925,0.0,0.511162182202124,0.24441908437974624,0.12220954218987312,0.21112390813066567,False
triple-slotted,slat,triple-slotted + slat,7,0.5700000000000001,0.39124505996704106,0.42999999999999994,0.36,0.2,0.2,0.64,0.5097857142857144,0.7664797989561183,0.8051,0.9719013323575542,0.2750251100201494,2.8364554698011233,2.462377537087812,20.328503943355827,20.088901747120488,1.1391387428920172,1.231188768543906,True,0.5391793327756428,0.5391793327756437,0.0,0.0,0.4608209980710314,0.0,0.5391793327756432,0.2304104990355157,0.11520524951775785,0.21812819409780032,False
triple-slotted,slat,triple-slotted + slat,7,0.5800000000000001,0.39124505996704106,0.41999999999999993,0.36,0.2,0.2,0.64,0.5191428571428572,0.780548574865219,0.8051,0.9897406310178932,0.2750251100201494,2.854294768461462,2.4748650461500494,20.332356658147432,20.104326133310035,1.1463031198640408,1.2374325230750247,True,0.5669421673076467,0.5669421673076485,0.0,0.0,0.43305814360667105,0.0,0.5669421673076476,0.21652907180333553,0.10826453590166776,0.22506890106977176,False
triple-slotted,slat,triple-slotted + slat,7,0.5900000000000001,0.39124505996704106,0.4099999999999999,0.36,0.2,0.2,0.64,0.5284142857142858,0.7944884764911829,0.8051,1.0074165162553894,0.2750251100201494,2.871970653698958,2.4872381658162968,20.335683028880748,20.119331200099698,1.1534018689554049,1.2436190829081484,True,0.5944506857981373,0.5944506857981384,0.0,0.0,0.4055496053664117,0.0,0.5944506857981379,0.20277480268320586,0.10138740134160293,0.23194602904658024,False
triple-slotted,slat,triple-slotted + slat,7,0.6,0.39124505996704106,0.4,0.36,0.2,0.2,0.64,0.5376000000000001,0.8082995038340098,0.8051,1.0249289880700427,0.2750251100201494,2.8894831255136113,2.499496896086554,20.338499371148053,20.13392577782366,1.1604349901661088,1.249748448043277,True,0.621704888247112,0.6217048882471136,0.0,0.0,0.3782953833502535,0.0,0.6217048882471128,0.18914769167512674,0.09457384583756337,0.23875957802822537,False
triple-slotted,slat,triple-slotted + slat,7,0.61,0.39124505996704106,0.39,0.36,0.2,0.2,0.64,0.5467000000000001,0.8219816568937002,0.8051,1.0422780464618533,0.2750251100201494,2.906832183905422,2.5116412369608216,20.34082170183164,20.148118555505846,1.1674024834961534,1.2558206184804108,True,0.6487047746545734,0.648704774654575,0.0,0.0,0.35129547755819623,0.0,0.6487047746545742,0.17564773877909812,0.08782386938954906,0.24550954801470776,False
triple-slotted,slat,triple-slotted + slat,7,0.62,0.39124505996704106,0.38,0.36,0.2,0.2,0.64,0.5557142857142858,0.8355349356702537,0.8051,1.0594636914308213,0.2750251100201494,2.9240178288743905,2.523671188439099,20.342665744730933,20.16191808297419,1.1743043489455383,1.2618355942195496,True,0.6754503450205206,0.6754503450205216,0.0,0.0,0.32454988799023976,0.0,0.6754503450205211,0.16227494399511988,0.08113747199755994,0.252195939006027,False
triple-slotted,slat,triple-slotted + slat,7,0.63,0.39124505996704106,0.37,0.36,0.2,0.2,0.64,0.5646428571428571,0.8489593401636701,0.8051,1.076485922976946,0.2750251100201494,2.941040060420515,2.535586750521386,20.344046936049416,20.175332772930396,1.181140586514263,1.267793375260693,True,0.7019415993449519,0.7019415993449515,0.0,0.0,0.29805861464638495,0.0,0.7019415993449517,0.14902930732319247,0.07451465366159624,0.25881875100218266,False
triple-slotted,slat,triple-slotted + slat,7,0.64,0.39124505996704106,0.36,0.36,0.2,0.2,0.64,0.5734857142857144,0.8622548703739502,0.8051,1.0933447411002284,0.2750251100201494,2.957898878543797,2.5473879232076837,20.344980429745156,20.18837090297589,1.187911196202328,1.2736939616038419,True,0.728178537627869,0.7281785376278694,0.0,0.0,0.27182165752663034,0.0,0.7281785376278692,0.13591082876331517,0.06795541438165759,0.2653779840031756,False
triple-slotted,slat,triple-slotted + slat,7,0.65,0.39124505996704106,0.35,0.36,0.2,0.2,0.64,0.5822428571428573,0.8754215263010933,0.8051,1.110040145800668,0.2750251100201494,2.9745942832442367,2.5590747064979915,20.345481102748497,20.201040617595062,1.1946161780097335,1.2795373532489958,True,0.7541611598692718,0.7541611598692727,0.0,0.0,0.24583901663097696,0.0,0.7541611598692722,0.12291950831548848,0.06145975415774424,0.2718736380090055,False
triple-slotted,slat,triple-slotted + slat,7,0.66,0.39124505996704106,0.33999999999999997,0.36,0.2,0.2,0.64,0.5909142857142858,0.8884593079450995,0.8051,1.1265721370782644,0.2750251100201494,2.991126274521833,2.5706471003923093,20.345563560050724,20.213349930096754,1.201255531936479,1.2853235501961546,True,0.7798894660691597,0.7798894660691612,0.0,0.0,0.2201106919594248,0.0,0.7798894660691604,0.1100553459797124,0.0550276729898562,0.2783057130196722,False
triple-slotted,slat,triple-slotted + slat,7,0.67,0.39124505996704106,0.32999999999999996,0.36,0.2,0.2,0.64,0.5995000000000001,0.9013682153059691,0.8051,1.1429407149330184,0.2750251100201494,3.0074948523765874,2.582105104890637,20.34524213966708,20.22530672451489,1.2078292579825651,1.2910525524453185,True,0.8053634562275341,0.8053634562275348,0.0,0.0,0.1946366835119735,0.0,0.8053634562275345,0.09731834175598675,0.048659170877993374,0.28467420903517593,False
triple-slotted,slat,triple-slotted + slat,7,0.68,0.39124505996704106,0.31999999999999995,0.36,0.2,0.2,0.64,0.6080000000000001,0.9141482483837017,0.8051,1.1591458793649292,0.2750251100201494,3.0237000168084984,2.5934487199929745,20.344530917477446,20.23691875746912,1.2143373561479913,1.2967243599964873,True,0.8305831303443936,0.8305831303443937,0.0,0.0,0.16941699128862342,0.0,0.8305831303443936,0.08470849564431171,0.042354247822155855,0.29097912605551646,False
triple-slotted,slat,triple-slotted + slat,7,0.6900000000000001,0.39124505996704106,0.30999999999999994,0.36,0.2,0.2,0.64,0.6164142857142858,0.9267994071782976,0.8051,1.1751876303739974,0.2750251100201494,3.039741767817566,2.604677945699322,20.343443711948176,20.248193659986356,1.2207798264327574,1.302338972849661,True,0.8555484884197371,0.8555484884197379,0.0,0.0,0.14445161528937422,0.0,0.8555484884197375,0.07222580764468711,0.036112903822343556,0.29722046408069364,False
triple-slotted,slat,triple-slotted + slat,7,0.7,0.39124505996704106,0.30000000000000004,0.36,0.2,0.2,0.64,0.6247428571428572,0.9393216916897564,0.8051,1.1910659679602227,0.2750251100201494,3.0556201054037917,2.61579278200968,20.341994088737962,20.259138939284057,1.227156668836864,1.30789639100484,True,0.8802595304535672,0.8802595304535682,0.0,0.0,0.11974055551422624,0.0,0.8802595304535676,0.05987027775711312,0.02993513887855656,0.3033982231107081,True
triple-slotted,slat,triple-slotted + slat,7,0.71,0.39124505996704106,0.29000000000000004,0.36,0.2,0.2,0.64,0.6329857142857144,0.9517151019180788,0.8051,1.2067808921236054,0.2750251100201494,3.071335029567174,2.626793228924048,20.34019536519098,20.26976198051607,1.2334678833603108,1.313396614462024,True,0.9047162564458824,0.9047162564458837,0.0,0.0,0.09528381196317881,0.0,0.904716256445883,0.047641905981589405,0.023820952990794703,0.3095124031455593,True
triple-slotted,slat,triple-slotted + slat,7,0.72,0.39124505996704106,0.28,0.36,0.2,0.2,0.64,0.6411428571428572,0.9639796378632643,0.8051,1.2223324028641454,0.2750251100201494,3.086886540307714,2.6376792864424257,20.338060614720273,20.280070048481857,1.2397134700030978,1.3188396432212128,True,0.9289186663966833,0.9289186663966844,0.0,0.0,0.07108138463623259,0.0,0.9289186663966839,0.035540692318116296,0.017770346159058148,0.3155630041852473,True
triple-slotted,slat,triple-slotted + slat,7,0.73,0.39124505996704106,0.27,0.36,0.2,0.2,0.64,0.6492142857142857,0.976115299525313,0.8051,1.2377205001818423,0.2750251100201494,3.1022746376254116,2.6484509545648134,20.335602671084175,20.290070289299827,1.2458934287652255,1.3242254772824067,True,0.9528667603059708,0.9528667603059704,0.0,0.0,0.04713327353338759,0.0,0.9528667603059706,0.023566636766693794,0.011783318383346897,0.32155002622977247,True
triple-slotted,slat,triple-slotted + slat,7,0.74,0.39124505996704106,0.26,0.36,0.2,0.2,0.64,0.6572,0.9881220869042248,0.8051,1.2529451840766963,0.2750251100201494,3.117499321520265,2.6591082332912115,20.332834132558567,20.29976973204564,1.2520077596466928,1.3295541166456057,True,0.9765605381737417,0.9765605381737426,0.0,0.0,0.023439478654643575,0.0,0.9765605381737421,0.011719739327321788,0.005859869663660894,0.3274734692791343,True
triple-slotted,slat,triple-slotted + slat,7,0.75,0.39124505996704106,0.25,0.36,0.2,0.2,0.64,0.6651000000000001,1.0,0.8051,1.2680064545487082,0.2750251100201494,3.132560591992277,2.6696511226216195,20.329767366007808,20.30917529035604,1.2580564626475008,1.3348255613108098,True,1.0,1.0,0.0,0.0,0.0,0.0,1.0,0.0,0.0,0.3333333333333333,True
